sample,z,budget,noisy,seed,dice,bone_area_pct,expert_area_pct
E,128,3+6,False,0,0.7750462249266504,17.24605717054636,25.28785250875864
E,128,3+6,False,1,0.5037731256085687,11.048094635598336,25.28785250875864
E,128,3+6,False,2,0.8248688141417582,24.401220633083234,25.28785250875864
E,128,3+6,False,3,0.7682361383269395,16.51479258082752,25.28785250875864
E,128,3+6,False,4,0.8491113188101787,24.80780989812675,25.28785250875864
E,128,3+6,False,5,0.7430509749286449,37.09634310019267,25.28785250875864
E,128,3+6,False,6,0.7931713039611735,35.686692638128825,25.28785250875864
E,128,3+6,False,7,0.7940429785983943,18.566294528687184,25.28785250875864
E,128,3+6,False,8,0.8083923875815754,32.005853193297675,25.28785250875864
E,128,3+6,False,9,0.784891009123198,18.888758561545057,25.28785250875864
E,128,3+6,False,10,0.8084611629775115,24.740605855500732,25.28785250875864
E,128,3+6,False,11,0.2737891993889837,4.67149817904926,25.28785250875864
E,128,3+6,False,12,0.7416068100727644,15.777951690003809,25.28785250875864
E,128,3+6,False,13,0.7582082497960801,25.159982155836463,25.28785250875864
E,128,3+6,False,14,0.7946634942915772,21.42434113118152,25.28785250875864
E,128,3+6,False,15,0.6735870729196647,48.87137588499744,25.28785250875864
E,128,3+6,False,16,0.8299404818608427,21.13754619677036,25.28785250875864
E,128,3+6,False,17,0.8337090632444294,22.860911667544773,25.28785250875864
E,128,3+6,False,18,0.8556944654736556,24.875879228855243,25.28785250875864
E,128,3+6,False,19,0.7719369096497722,17.564098619769332,25.28785250875864
E,128,3+6,True,0,0.3109993771150796,4.656307565694596,25.28785250875864
E,128,3+6,True,1,0.3896718583716979,7.415999753873606,25.28785250875864
E,128,3+6,True,2,0.7087521837500358,14.996500390341078,25.28785250875864
E,128,3+6,True,3,0.353465895041925,5.429778986190001,25.28785250875864
E,128,3+6,True,4,0.6845827229530261,13.499840402416655,25.28785250875864
E,128,3+6,True,5,0.5414631852593255,31.962300358806132,25.28785250875864
E,128,3+6,True,6,0.5566784254540283,16.629202896599995,25.28785250875864
E,128,3+6,True,7,0.7237091979164003,16.074553222909753,25.28785250875864
E,128,3+6,True,8,0.5326715940062603,15.102353968211238,25.28785250875864
E,128,3+6,True,9,0.7359159717438939,17.84300981813567,25.28785250875864
E,128,3+6,True,10,0.655659031626997,12.455629948967232,25.28785250875864
E,128,3+6,True,11,0.4196683983704543,8.153321360309812,25.28785250875864
E,128,3+6,True,12,0.6860270868337844,14.423295094008745,25.28785250875864
E,128,3+6,True,13,0.588606127152857,15.340115910148484,25.28785250875864
E,128,3+6,True,14,0.728106069641102,21.46866311065304,25.28785250875864
E,128,3+6,True,15,0.7989651748227383,29.899261236246726,25.28785250875864
E,128,3+6,True,16,0.7599195950871946,15.988985843886644,25.28785250875864
E,128,3+6,True,17,0.3772560990382053,6.460144829999731,25.28785250875864
E,128,3+6,True,18,0.612482003195916,11.172888408600578,25.28785250875864
E,128,3+6,True,19,0.8295596799165683,28.550277084479035,25.28785250875864
E,128,10+10,False,0,0.8635687803023101,25.278622768998844,25.28785250875864
E,128,10+10,False,1,0.8172649470713724,24.692245864884303,25.28785250875864
E,128,10+10,False,2,0.8205694978408974,23.42709851593476,25.28785250875864
E,128,10+10,False,3,0.6013412717969916,10.99685035130697,25.28785250875864
E,128,10+10,False,4,0.799513288060158,19.039222548254234,25.28785250875864
E,128,10+10,False,5,0.8502110777681705,25.74943563987094,25.28785250875864
E,128,10+10,False,6,0.8164257097693958,19.660114833345514,25.28785250875864
E,128,10+10,False,7,0.8174137100758614,20.831138065369633,25.28785250875864
E,128,10+10,False,8,0.7708253910853667,18.845974872033505,25.28785250875864
E,128,10+10,False,9,0.7591507960763463,20.641447684681324,25.28785250875864
E,128,10+10,False,10,0.8143265882492108,26.72903791500179,25.28785250875864
E,128,10+10,False,11,0.8366808222104205,23.77234846882463,25.28785250875864
E,128,10+10,False,12,0.792210514453147,17.368447365486155,25.28785250875864
E,128,10+10,False,13,0.8141348319894918,19.65338481477066,25.28785250875864
E,128,10+10,False,14,0.7436151322365558,15.590761030500444,25.28785250875864
E,128,10+10,False,15,0.7436408800122213,20.65481157870853,25.28785250875864
E,128,10+10,False,16,0.8429940694315433,21.80641389998808,25.28785250875864
E,128,10+10,False,17,0.7762407328855151,20.26985451622704,25.28785250875864
E,128,10+10,False,18,0.86095737916541,24.761084340592777,25.28785250875864
E,128,10+10,False,19,0.7797172490738289,17.19519745874499,25.28785250875864
E,128,10+10,True,0,0.8430210971856668,21.322717850701267,25.28785250875864
E,128,10+10,True,1,0.7738870619677493,33.5652946402132,25.28785250875864
E,128,10+10,True,2,0.741696034018152,42.179910702267826,25.28785250875864
E,128,10+10,True,3,0.7815564337796803,34.363570986313064,25.28785250875864
E,128,10+10,True,4,0.854469507101086,23.62255748397294,25.28785250875864
E,128,10+10,True,5,0.6489254332813624,27.867180199131635,25.28785250875864
E,128,10+10,True,6,0.828962599886672,26.122855527652682,25.28785250875864
E,128,10+10,True,7,0.7504773210065152,38.21054574682054,25.28785250875864
E,128,10+10,True,8,0.7540430476541031,27.996877271381273,25.28785250875864
E,128,10+10,True,9,0.8345047266384586,28.95061704656019,25.28785250875864
E,128,10+10,True,10,0.8214051603462786,20.17957612420153,25.28785250875864
E,128,10+10,True,11,0.846396425990408,21.54077045252645,25.28785250875864
E,128,10+10,True,12,0.7655207859146242,40.18465248106942,25.28785250875864
E,128,10+10,True,13,0.8477658675156511,22.365582300435722,25.28785250875864
E,128,10+10,True,14,0.7928237873018027,35.63314091889751,25.28785250875864
E,128,10+10,True,15,0.6957523758826385,36.119721261859254,25.28785250875864
E,128,10+10,True,16,0.7445598635608139,41.17559964465502,25.28785250875864
E,128,10+10,True,17,0.7614433145785984,34.39981694349476,25.28785250875864
E,128,10+10,True,18,0.8190882976643455,19.460713997284916,25.28785250875864
E,128,10+10,True,19,0.876909083504161,24.286137315453278,25.28785250875864
E,128,25+25,False,0,0.8667443114579745,26.057958919966616,25.28785250875864
E,128,25+25,False,1,0.8427126721279681,26.76259186475355,25.28785250875864
E,128,25+25,False,2,0.8571038166301712,30.29767833587792,25.28785250875864
E,128,25+25,False,3,0.8658153324166242,27.36117894542532,25.28785250875864
E,128,25+25,False,4,0.830712392638492,26.55088470901322,25.28785250875864
E,128,25+25,False,5,0.8420544120324388,28.049179130020114,25.28785250875864
E,128,25+25,False,6,0.8365478571937814,20.562610324233066,25.28785250875864
E,128,25+25,False,7,0.8170599815960142,27.16148967999723,25.28785250875864
E,128,25+25,False,8,0.8527867653921538,24.157401674428623,25.28785250875864
E,128,25+25,False,9,0.81371094316728,33.02795072857258,25.28785250875864
E,128,25+25,False,10,0.8381756487528259,20.556841736883193,25.28785250875864
E,128,25+25,False,11,0.8596295565655757,23.935599490826025,25.28785250875864
E,128,25+25,False,12,0.8499790991641628,23.70177941691119,25.28785250875864
E,128,25+25,False,13,0.7579389457407074,15.872075806929228,25.28785250875864
E,128,25+25,False,14,0.7570900066211981,16.24078468170858,25.28785250875864
E,128,25+25,False,15,0.8372276049570532,25.775874998557853,25.28785250875864
E,128,25+25,False,16,0.8589187009228287,23.34480000307658,25.28785250875864
E,128,25+25,False,17,0.8470155920090954,22.068403908794785,25.28785250875864
E,128,25+25,False,18,0.8689241255265774,25.492541216556614,25.28785250875864
E,128,25+25,False,19,0.8674787730862393,26.550019420910743,25.28785250875864
E,128,25+25,True,0,0.8637919378758437,29.03897257613574,25.28785250875864
E,128,25+25,True,1,0.7628117382899271,38.76884885916571,25.28785250875864
E,128,25+25,True,2,0.845493230729989,28.235696787665994,25.28785250875864
E,128,25+25,True,3,0.857554945850606,24.506497352218407,25.28785250875864
E,128,25+25,True,4,0.8349023650651591,25.63204488730103,25.28785250875864
E,128,25+25,True,5,0.8293450760328118,29.622849759065335,25.28785250875864
E,128,25+25,True,6,0.8628341410858862,29.503536144045473,25.28785250875864
E,128,25+25,True,7,0.8108553138041409,34.034857650492825,25.28785250875864
E,128,25+25,True,8,0.827805975842763,32.42849835979833,25.28785250875864
E,128,25+25,True,9,0.8195699969612815,33.8777597883313,25.28785250875864
E,128,25+25,True,10,0.8403014085800432,31.24805310176942,25.28785250875864
E,128,25+25,True,11,0.8439404358916234,25.182191217133475,25.28785250875864
E,128,25+25,True,12,0.7896941570727942,35.99242776767207,25.28785250875864
E,128,25+25,True,13,0.8594495997330289,25.417838010375764,25.28785250875864
E,128,25+25,True,14,0.8655453834243043,27.924769929507864,25.28785250875864
E,128,25+25,True,15,0.7752945419572013,38.68962692622746,25.28785250875864
E,128,25+25,True,16,0.7603225701254595,36.62379965311561,25.28785250875864
E,128,25+25,True,17,0.8432482742573489,30.492945017671108,25.28785250875864
E,128,25+25,True,18,0.8290105904326357,33.2399463136804,25.28785250875864
E,128,25+25,True,19,0.8678417636681727,27.35877536736287,25.28785250875864
C,541,3+6,False,0,0.6758573819105703,5.932150135869565,8.395380434782608
C,541,3+6,False,1,0.8078743119629351,8.760190217391305,8.395380434782608
C,541,3+6,False,2,0.6406275295341664,4.718212182971015,8.395380434782608
C,541,3+6,False,3,0.6525945048127915,5.749490489130435,8.395380434782608
C,541,3+6,False,4,0.6130885057312335,12.076483242753623,8.395380434782608
C,541,3+6,False,5,0.6360196541494653,5.735988451086956,8.395380434782608
C,541,3+6,False,6,0.6928378325351046,5.3103770380434785,8.395380434782608
C,541,3+6,False,7,0.5523755353412805,11.80947124094203,8.395380434782608
C,541,3+6,False,8,0.6314527046668272,8.64535212862319,8.395380434782608
C,541,3+6,False,9,0.8173860479937975,8.83704144021739,8.395380434782608
C,541,3+6,False,10,0.6103327938153482,12.328549592391305,8.395380434782608
C,541,3+6,False,11,0.7821526195297589,7.665845788043478,8.395380434782608
C,541,3+6,False,12,0.6858433317974921,5.3045459692028984,8.395380434782608
C,541,3+6,False,13,0.7767962916722208,6.681584012681159,8.395380434782608
C,541,3+6,False,14,0.799765507864234,10.049507472826088,8.395380434782608
C,541,3+6,False,15,0.5355021405556228,22.93166893115942,8.395380434782608
C,541,3+6,False,16,0.6914062689389349,9.119480298913043,8.395380434782608
C,541,3+6,False,17,0.6233529515439737,10.395352128623188,8.395380434782608
C,541,3+6,False,18,0.7142051164975425,13.178498641304348,8.395380434782608
C,541,3+6,False,19,0.6747766314143769,4.749065896739131,8.395380434782608
C,541,3+6,True,0,0.6922520533853399,12.73720561594203,8.395380434782608
C,541,3+6,True,1,0.4724031710079275,4.101788949275362,8.395380434782608
C,541,3+6,True,2,0.5614877556083212,4.384057971014492,8.395380434782608
C,541,3+6,True,3,0.6214808536522639,4.262030117753623,8.395380434782608
C,541,3+6,True,4,0.3778191026351191,4.481997282608695,8.395380434782608
C,541,3+6,True,5,0.40811465974973876,2.27734375,8.395380434782608
C,541,3+6,True,6,0.3809129196540493,2.398494112318841,8.395380434782608
C,541,3+6,True,7,0.5830581972052341,5.364894701086956,8.395380434782608
C,541,3+6,True,8,0.5741344731572393,9.994876585144928,8.395380434782608
C,541,3+6,True,9,0.8345562790313306,8.045912590579709,8.395380434782608
C,541,3+6,True,10,0.7099243425145302,5.937754755434783,8.395380434782608
C,541,3+6,True,11,0.5672260950336829,4.159759963768115,8.395380434782608
C,541,3+6,True,12,0.7666481964264628,10.301460597826088,8.395380434782608
C,541,3+6,True,13,0.6240754377281765,8.01848392210145,8.395380434782608
C,541,3+6,True,14,0.7966605891948949,7.2384793931159415,8.395380434782608
C,541,3+6,True,15,0.7933238989026268,9.846467391304348,8.395380434782608
C,541,3+6,True,16,0.7016748206982634,5.710201539855072,8.395380434782608
C,541,3+6,True,17,0.3389758592197235,1.7447916666666667,8.395380434782608
C,541,3+6,True,18,0.7072734202188079,6.75588768115942,8.395380434782608
C,541,3+6,True,19,0.5897965306870839,4.34083446557971,8.395380434782608
C,541,10+10,False,0,0.7336221826844075,5.970872961956522,8.395380434782608
C,541,10+10,False,1,0.8327539224361946,7.726222826086956,8.395380434782608
C,541,10+10,False,2,0.7396764470050189,6.855072463768116,8.395380434782608
C,541,10+10,False,3,0.7191797260769833,5.99314990942029,8.395380434782608
C,541,10+10,False,4,0.816647532912002,8.59287250905797,8.395380434782608
C,541,10+10,False,5,0.8036680762625024,7.294610507246377,8.395380434782608
C,541,10+10,False,6,0.7573076608799649,6.846807065217392,8.395380434782608
C,541,10+10,False,7,0.7985197069158926,9.49515964673913,8.395380434782608
C,541,10+10,False,8,0.7147682925397204,6.0675384963768115,8.395380434782608
C,541,10+10,False,9,0.6972027777955677,4.864045516304348,8.395380434782608
C,541,10+10,False,10,0.7749851791164709,9.605270606884057,8.395380434782608
C,541,10+10,False,11,0.782835187939948,6.6561084692028984,8.395380434782608
C,541,10+10,False,12,0.7824286472731267,7.066293025362319,8.395380434782608
C,541,10+10,False,13,0.7594849191945381,7.653617527173913,8.395380434782608
C,541,10+10,False,14,0.773366307457598,6.781759510869565,8.395380434782608
C,541,10+10,False,15,0.77448432708881,6.614753170289855,8.395380434782608
C,541,10+10,False,16,0.7016223321258002,11.287505661231883,8.395380434782608
C,541,10+10,False,17,0.8144244134254429,7.937103713768116,8.395380434782608
C,541,10+10,False,18,0.8208974388521422,8.799535778985506,8.395380434782608
C,541,10+10,False,19,0.7792435415753801,6.785637454710145,8.395380434782608
C,541,10+10,True,0,0.5540452346123551,21.791440217391305,8.395380434782608
C,541,10+10,True,1,0.8194668236481373,8.434046648550725,8.395380434782608
C,541,10+10,True,2,0.7153990650721271,7.396739130434783,8.395380434782608
C,541,10+10,True,3,0.7484185982085142,6.317934782608696,8.395380434782608
C,541,10+10,True,4,0.7964421266549117,6.759057971014492,8.395380434782608
C,541,10+10,True,5,0.6966843678879022,13.80556499094203,8.395380434782608
C,541,10+10,True,6,0.6405029616816061,17.524456521739133,8.395380434782608
C,541,10+10,True,7,0.4704143753220258,22.864158740942027,8.395380434782608
C,541,10+10,True,8,0.7038688047658761,13.632444519927537,8.395380434782608
C,541,10+10,True,9,0.4954695455316603,22.638303894927535,8.395380434782608
C,541,10+10,True,10,0.3680984110112106,30.27156929347826,8.395380434782608
C,541,10+10,True,11,0.8300699756233865,8.116904438405797,8.395380434782608
C,541,10+10,True,12,0.7911147586676783,9.884454257246377,8.395380434782608
C,541,10+10,True,13,0.7950347346066629,8.905514039855072,8.395380434782608
C,541,10+10,True,14,0.6548318964103133,16.625820878623188,8.395380434782608
C,541,10+10,True,15,0.7812874686857452,8.248386548913043,8.395380434782608
C,541,10+10,True,16,0.6804588068925784,13.763049139492752,8.395380434782608
C,541,10+10,True,17,0.7511879239671907,11.554829030797102,8.395380434782608
C,541,10+10,True,18,0.8091536225190556,8.029919610507246,8.395380434782608
C,541,10+10,True,19,0.7406965897594148,11.693104619565217,8.395380434782608
C,541,25+25,False,0,0.7608038894344102,8.15121150362319,8.395380434782608
C,541,25+25,False,1,0.8124045619607582,7.342532835144927,8.395380434782608
C,541,25+25,False,2,0.6871401834484704,13.882501132246377,8.395380434782608
C,541,25+25,False,3,0.8205935409603627,7.735394021739131,8.395380434782608
C,541,25+25,False,4,0.8269096005606167,8.97356204710145,8.395380434782608
C,541,25+25,False,5,0.8234035200081168,9.45997509057971,8.395380434782608
C,541,25+25,False,6,0.7870429550613801,7.016644021739131,8.395380434782608
C,541,25+25,False,7,0.7882916438637044,10.793619791666668,8.395380434782608
C,541,25+25,False,8,0.7689381651177731,9.404551630434781,8.395380434782608
C,541,25+25,False,9,0.804218021153678,9.41499660326087,8.395380434782608
C,541,25+25,False,10,0.833639147811814,8.573935688405797,8.395380434782608
C,541,25+25,False,11,0.8213025230509958,9.072633605072463,8.395380434782608
C,541,25+25,False,12,0.8103705747865226,7.811112998188406,8.395380434782608
C,541,25+25,False,13,0.7414882212451827,8.29211956521739,8.395380434782608
C,541,25+25,False,14,0.8020687884916813,7.153391077898551,8.395380434782608
C,541,25+25,False,15,0.8352493015622758,9.163298233695652,8.395380434782608
C,541,25+25,False,16,0.8405179783506165,8.656787817028984,8.395380434782608
C,541,25+25,False,17,0.7916948716308395,10.630972599637682,8.395380434782608
C,541,25+25,False,18,0.7890143073848621,7.596269248188406,8.395380434782608
C,541,25+25,False,19,0.7413546268868444,6.769616168478261,8.395380434782608
C,541,25+25,True,0,0.5739841497550034,19.899626358695652,8.395380434782608
C,541,25+25,True,1,0.8225204141009164,9.31148097826087,8.395380434782608
C,541,25+25,True,2,0.824034709782795,8.449784873188406,8.395380434782608
C,541,25+25,True,3,0.739992426305964,12.907976675724639,8.395380434782608
C,541,25+25,True,4,0.7671592783945403,12.484176856884059,8.395380434782608
C,541,25+25,True,5,0.7294042178265776,13.579370471014492,8.395380434782608
C,541,25+25,True,6,0.6463074156763228,16.09952445652174,8.395380434782608
C,541,25+25,True,7,0.7514757100139473,12.752094655797103,8.395380434782608
C,541,25+25,True,8,0.6109500522430242,18.045289855072465,8.395380434782608
C,541,25+25,True,9,0.7855775684936526,10.918648097826086,8.395380434782608
C,541,25+25,True,10,0.6224859266175569,17.676432291666664,8.395380434782608
C,541,25+25,True,11,0.6718296003372893,16.378538269927535,8.395380434782608
C,541,25+25,True,12,0.8031695140678108,9.226788949275361,8.395380434782608
C,541,25+25,True,13,0.7784204360415853,10.813320878623188,8.395380434782608
C,541,25+25,True,14,0.7393182194486765,13.65814651268116,8.395380434782608
C,541,25+25,True,15,0.7098368626087042,14.718042346014492,8.395380434782608
C,541,25+25,True,16,0.7191324687226976,14.089504076086957,8.395380434782608
C,541,25+25,True,17,0.6940934513064836,14.561820652173912,8.395380434782608
C,541,25+25,True,18,0.7764118724912126,11.455304574275363,8.395380434782608
C,541,25+25,True,19,0.7562685229188865,12.03433537137681,8.395380434782608
