method,condition,measure,expert_mean,bias,loa_low,loa_high,icc_a1,r,n
otsu,no input,B.Ar/T.Ar_%,11.158042337072043,18.213614071514684,-1.8299809216352187,38.257209064664586,0.010174276821557643,0.041802958372059586,40
otsu,no input,B.Pm/T.Ar_per_mm,2.273364305258185,22.80395552542017,11.496548292226814,34.11136275861353,0.002166277525529702,0.10470599357517482,40
otsu,no input,Tb.Th_um,97.63421627162366,-73.89208900065418,-143.97589089545716,-3.8082871058511927,0.023180309295593834,0.362399538832711,40
rf_clicks,"25+25 clicks, clean",B.Ar/T.Ar_%,11.158042337072043,12.570414103681179,2.3601611375457345,22.780667069816623,0.24965416202337323,0.6936341804721823,40
rf_clicks,"25+25 clicks, clean",B.Pm/T.Ar_per_mm,2.273364305258185,13.587497588708175,-5.224695112533322,32.399690289949675,0.04236609558825843,0.6036610975634679,40
rf_clicks,"25+25 clicks, clean",Tb.Th_um,97.63421627162366,-56.86879139204725,-86.86570315215293,-26.87187963194157,0.3545020554172796,0.9378084426065351,40
sam,"25+25 clicks, clean",B.Ar/T.Ar_%,11.158042337072043,4.617482297980634,-2.8297717883775624,12.064736384338829,0.7200556912534559,0.8777540298250974,40
sam,"25+25 clicks, clean",B.Pm/T.Ar_per_mm,2.273364305258185,2.456706550306633,-1.368586335349915,6.281999435963181,0.3053002406846972,0.8116648946374145,40
sam,"25+25 clicks, clean",Tb.Th_um,97.63421627162366,-24.99886308948137,-80.96870170017475,30.970975521212,0.39720839915976736,0.6696745268710902,40
microsam,"25+25 clicks, clean",B.Ar/T.Ar_%,11.158042337072043,10.11574133657296,-20.48234415701317,40.71382683015909,0.2907652746258974,0.5753370279850712,40
microsam,"25+25 clicks, clean",B.Pm/T.Ar_per_mm,2.273364305258185,3.190702867139912,-6.595003412495037,12.976409146774861,0.19525892052277483,0.743740749701638,40
microsam,"25+25 clicks, clean",Tb.Th_um,97.63421627162366,-1.8741742171947031,-42.405076272000045,38.65672783761063,0.848977686579702,0.8468075233100145,40
dino_clicks,"25+25 clicks, clean",B.Ar/T.Ar_%,11.158042337072043,6.633311160877499,1.021524812738254,12.245097509016745,0.640763904381402,0.928584693369565,40
dino_clicks,"25+25 clicks, clean",B.Pm/T.Ar_per_mm,2.273364305258185,1.0098747566687714,-0.5852208031558406,2.6049703164933833,0.6562312263930156,0.9495557401505914,40
dino_clicks,"25+25 clicks, clean",Tb.Th_um,97.63421627162366,17.9009388949149,-21.171854874160005,56.97373266398981,0.7330907342433373,0.8471616414390091,40
dino_clicks_v2,"25+25 clicks, clean",B.Ar/T.Ar_%,11.158042337072043,1.9684680796974123,-5.269280257954353,9.206216417349179,0.8463769283442405,0.8925111649743613,40
dino_clicks_v2,"25+25 clicks, clean",B.Pm/T.Ar_per_mm,2.273364305258185,0.5351758826816135,-0.32917202784200583,1.399523793205233,0.8397005474364708,0.9638510680591367,40
dino_clicks_v2,"25+25 clicks, clean",Tb.Th_um,97.63421627162366,-8.645122580691861,-48.11126276676321,30.821017605379488,0.7786102102188659,0.8619829314182962,40
dino_clicks_v2_refined,"25+25 clicks, clean",B.Ar/T.Ar_%,11.158042337072043,4.114881037204123,-3.4364465462689218,11.666208620677168,0.7118589596953792,0.8412518897420895,40
dino_clicks_v2_refined,"25+25 clicks, clean",B.Pm/T.Ar_per_mm,2.273364305258185,0.772337328295118,-0.9416264865846689,2.486301143174905,0.549322249960413,0.69331423313784,40
dino_clicks_v2_refined,"25+25 clicks, clean",Tb.Th_um,97.63421627162366,4.151994387878149,-25.982850756943876,34.28683953270017,0.900946145706911,0.9124839874425199,40
dino_clicks,"3+6 clicks, clean",B.Ar/T.Ar_%,11.158042337072043,4.539828880110551,-3.409792209655226,12.489449969876327,0.645901369330104,0.80304263825552,40
dino_clicks,"3+6 clicks, clean",B.Pm/T.Ar_per_mm,2.273364305258185,0.5804381682187794,-0.2989265334807777,1.4598028699183363,0.7980012689266118,0.9234091295180168,40
dino_clicks,"3+6 clicks, clean",Tb.Th_um,97.63421627162366,17.234127392881085,-42.33921955550642,76.80747434126859,0.5893861043183866,0.6517193698032765,40
dino_clicks_v2,"3+6 clicks, clean",B.Ar/T.Ar_%,11.158042337072043,0.8800504661123544,-5.030004391727968,6.790105323952678,0.8753274008297224,0.8884547167876021,40
dino_clicks_v2,"3+6 clicks, clean",B.Pm/T.Ar_per_mm,2.273364305258185,0.3536921332029623,-0.6949631719334215,1.4023474383393462,0.8026076660391408,0.8517546290380428,40
dino_clicks_v2,"3+6 clicks, clean",Tb.Th_um,97.63421627162366,-8.858305724989002,-53.09410728636264,35.37749583638464,0.6939993108077579,0.8594102828321885,40
dino_clicks_v2_refined,"3+6 clicks, clean",B.Ar/T.Ar_%,11.158042337072043,3.3246198890157195,-3.4240329656012105,10.07327274363265,0.7482557710627806,0.8536470562197394,40
dino_clicks_v2_refined,"3+6 clicks, clean",B.Pm/T.Ar_per_mm,2.273364305258185,0.6354110297745998,-1.1524081502974342,2.4232302098466336,0.4501715439248375,0.5459576307575098,40
dino_clicks_v2_refined,"3+6 clicks, clean",Tb.Th_um,97.63421627162366,4.0719880312577335,-23.684443378298553,31.828419440814017,0.9134847531003825,0.9283477040469494,40
rf_labels,labels from same sample,B.Ar/T.Ar_%,11.158042337072043,8.515722581339535,0.799153198526902,16.232291964152168,0.48522152317999306,0.8481389254287087,40
rf_labels,labels from same sample,B.Pm/T.Ar_per_mm,2.273364305258185,12.182898243908193,-0.07874203587675943,24.444538523693147,0.0451533062131097,0.6504436665210281,40
rf_labels,labels from same sample,Tb.Th_um,97.63421627162366,-65.25156906087037,-105.3046484994118,-25.198489622328943,0.22898364044197814,0.9249515672628339,40
dino_labels,labels from same sample,B.Ar/T.Ar_%,11.158042337072043,2.8620290779601225,-2.5670723313362025,8.291130487256448,0.8645137848016846,0.9475757567024902,40
dino_labels,labels from same sample,B.Pm/T.Ar_per_mm,2.273364305258185,0.01845916878097644,-0.6994354201592194,0.7363537577211723,0.9196751794616987,0.9363773482128703,40
dino_labels,labels from same sample,Tb.Th_um,97.63421627162366,18.961425785183717,-19.358372240855953,57.281223811223384,0.7968990430410325,0.8910744331492295,40
dino_labels_v2,labels from same sample,B.Ar/T.Ar_%,11.158042337072043,3.495094238788352,-1.4594043563887813,8.449592833965486,0.8351634173863308,0.9447247426908125,40
dino_labels_v2,labels from same sample,B.Pm/T.Ar_per_mm,2.273364305258185,0.3105932685995553,-0.42501678375763524,1.0462033209567458,0.8847206972875247,0.9272789934110512,40
dino_labels_v2,labels from same sample,Tb.Th_um,97.63421627162366,13.652504641997101,-16.521117261575647,43.82612654556985,0.8469933006050572,0.9116993622540217,40
dino_labels,labels from other samples,B.Ar/T.Ar_%,11.158042337072043,2.9970999493748542,-4.196230140594116,10.190430039343825,0.8017598702275051,0.8806496700488414,40
dino_labels,labels from other samples,B.Pm/T.Ar_per_mm,2.273364305258185,0.6457597942164368,-0.8201713353027009,2.1116909237355745,0.7589411982561648,0.9476528774813686,40
dino_labels,labels from other samples,Tb.Th_um,97.63421627162366,2.5522109195232288,-45.095605504997415,50.20002734404387,0.7023221828129618,0.7737340002060068,40
dino_labels_v2,labels from other samples,B.Ar/T.Ar_%,11.158042337072043,3.743969759438497,-1.79570683603834,9.283646354915334,0.8126399044503425,0.9339199630185254,40
dino_labels_v2,labels from other samples,B.Pm/T.Ar_per_mm,2.273364305258185,0.6036832860338454,-0.5847041164260799,1.7920706884937707,0.7931719902244699,0.9529553146703481,40
dino_labels_v2,labels from other samples,Tb.Th_um,97.63421627162366,8.656585025467777,-18.2453082059143,35.55847825684985,0.8949901795668587,0.9353825861842799,40
