backbone,sample,z,method,seed,dice,bar_bias,embed_s
dinov2_s14,A,25,learned,0,0.7984700530265713,0.8139344777714896,0.8524110317230225
dinov2_s14,A,25,clicks_3_6,0,0.694011209303302,-1.2624033201282785,0.8524110317230225
dinov2_s14,A,25,clicks_3_6,1,0.6561569338340023,-1.9168710306231542,0.8524110317230225
dinov2_s14,A,25,clicks_3_6,2,0.5774280201278802,-5.283028359429039,0.8524110317230225
dinov2_s14,A,25,clicks_25_25,0,0.7015675377361231,0.7510532603911209,0.8524110317230225
dinov2_s14,A,25,clicks_25_25,1,0.712463373210653,1.7267182292649181,0.8524110317230225
dinov2_s14,A,25,clicks_25_25,2,0.7447030314114581,2.278312268125511,0.8524110317230225
dinov2_s14,A,46,learned,0,0.7985741097633173,2.3227064075960513,0.6654610633850098
dinov2_s14,A,46,clicks_3_6,0,0.6688950805629027,0.8515374457649507,0.6654610633850098
dinov2_s14,A,46,clicks_3_6,1,0.6636717101308401,11.702194554486574,0.6654610633850098
dinov2_s14,A,46,clicks_3_6,2,0.6531497810192801,0.42520279192605237,0.6654610633850098
dinov2_s14,A,46,clicks_25_25,0,0.6711723420847413,1.3987297994089172,0.6654610633850098
dinov2_s14,A,46,clicks_25_25,1,0.6658277103945026,2.750675973086839,0.6654610633850098
dinov2_s14,A,46,clicks_25_25,2,0.683971753423118,5.940640130792932,0.6654610633850098
dinov2_s14,A,66,learned,0,0.7723210827314361,3.215619694397283,0.7572238445281982
dinov2_s14,A,66,clicks_3_6,0,0.6261920297735566,1.6373011381500344,0.7572238445281982
dinov2_s14,A,66,clicks_3_6,1,0.6407196777360279,5.338866880462806,0.7572238445281982
dinov2_s14,A,66,clicks_3_6,2,0.6070088917620554,8.105766207633778,0.7572238445281982
dinov2_s14,A,66,clicks_25_25,0,0.6688651528518934,4.982456140350877,0.7572238445281982
dinov2_s14,A,66,clicks_25_25,1,0.6652843381559862,2.6686788656228373,0.7572238445281982
dinov2_s14,A,66,clicks_25_25,2,0.6707935340107146,5.36037225680689,0.7572238445281982
dinov2_s14,A,87,learned,0,0.7527247886950582,2.729547884047035,0.6748058795928955
dinov2_s14,A,87,clicks_3_6,0,0.5705816052561647,5.508394642520278,0.6748058795928955
dinov2_s14,A,87,clicks_3_6,1,0.6052327841401788,-0.9108973149720185,0.6748058795928955
dinov2_s14,A,87,clicks_3_6,2,0.578594927855348,-2.5210337672137335,0.6748058795928955
dinov2_s14,A,87,clicks_25_25,0,0.6671687209909938,2.6083128969376848,0.6748058795928955
dinov2_s14,A,87,clicks_25_25,1,0.6638969310943833,4.12274413632648,0.6748058795928955
dinov2_s14,A,87,clicks_25_25,2,0.601162696810658,9.211092246745897,0.6748058795928955
dinov2_s14,A,107,learned,0,0.7881672256469803,0.8321700308117954,0.7696268558502197
dinov2_s14,A,107,clicks_3_6,0,0.5580994542351689,-2.074702886247879,0.7696268558502197
dinov2_s14,A,107,clicks_3_6,1,0.664023739973107,2.719486889266175,0.7696268558502197
dinov2_s14,A,107,clicks_3_6,2,0.6991644916091291,1.952713324529963,0.7696268558502197
dinov2_s14,A,107,clicks_25_25,0,0.6419696272434422,6.203860906747153,0.7696268558502197
dinov2_s14,A,107,clicks_25_25,1,0.5779100369828847,12.15229830849525,0.7696268558502197
dinov2_s14,A,107,clicks_25_25,2,0.6454413429724788,7.031000440168523,0.7696268558502197
dinov2_s14,A,133,learned,0,0.7531122876591917,3.0789159278123623,0.6670131683349609
dinov2_s14,A,133,clicks_3_6,0,0.635434152296658,-0.10262214676476056,0.6670131683349609
dinov2_s14,A,133,clicks_3_6,1,0.5302825017974759,13.278375149342892,0.6670131683349609
dinov2_s14,A,133,clicks_3_6,2,0.5994953301654924,-2.3415707728101616,0.6670131683349609
dinov2_s14,A,133,clicks_25_25,0,0.5978236618888257,8.345720933157267,0.6670131683349609
dinov2_s14,A,133,clicks_25_25,1,0.6606962480084141,2.6239074388480166,0.6670131683349609
dinov2_s14,A,133,clicks_25_25,2,0.6467544142732009,0.29352952273156063,0.6670131683349609
dinov2_s14,A,154,learned,0,0.7049077181208053,-1.4699113374834933,0.7498800754547119
dinov2_s14,A,154,clicks_3_6,0,0.651591007895438,-2.7227567125699554,0.7498800754547119
dinov2_s14,A,154,clicks_3_6,1,0.6198384072154585,9.989939005219142,0.7498800754547119
dinov2_s14,A,154,clicks_3_6,2,0.5816367823534173,-3.5654907879016537,0.7498800754547119
dinov2_s14,A,154,clicks_25_25,0,0.6517400167537442,5.314343205684462,0.7498800754547119
dinov2_s14,A,154,clicks_25_25,1,0.6588557502611118,6.4341319247940625,0.7498800754547119
dinov2_s14,A,154,clicks_25_25,2,0.660403527595321,3.3705590140225112,0.7498800754547119
dinov2_s14,A,174,learned,0,0.7122137128820172,0.08426083128969353,0.6731960773468018
dinov2_s14,A,174,clicks_3_6,0,0.7016333351301817,0.22964220587310535,0.6731960773468018
dinov2_s14,A,174,clicks_3_6,1,0.6870480162759635,6.788027416210779,0.6731960773468018
dinov2_s14,A,174,clicks_3_6,2,0.599390928389628,-5.136137835628498,0.6731960773468018
dinov2_s14,A,174,clicks_25_25,0,0.7013698845585229,4.21832358674464,0.6731960773468018
dinov2_s14,A,174,clicks_25_25,1,0.6501903755619048,12.464063384267119,0.6731960773468018
dinov2_s14,A,174,clicks_25_25,2,0.7030564113749761,-0.09105200276677294,0.6731960773468018
dinov2_s14,A,195,learned,0,0.7241128968438293,0.8457523737659542,0.7504560947418213
dinov2_s14,A,195,clicks_3_6,0,0.6081097192789481,-3.006099478085897,0.7504560947418213
dinov2_s14,A,195,clicks_3_6,1,0.5832793489304008,-0.17895994466453047,0.7504560947418213
dinov2_s14,A,195,clicks_3_6,2,0.5146715594973449,-8.494120606174937,0.7504560947418213
dinov2_s14,A,195,clicks_25_25,0,0.6662643297753402,9.514431239388795,0.7504560947418213
dinov2_s14,A,195,clicks_25_25,1,0.660344329018597,4.7411180280450225,0.7504560947418213
dinov2_s14,A,195,clicks_25_25,2,0.6364718831298779,14.569326542161857,0.7504560947418213
dinov2_s14,A,216,learned,0,0.6353774131833729,-3.49644721121801,0.6681818962097168
dinov2_s14,A,216,clicks_3_6,0,0.5414322241203101,-4.119097025718419,0.6681818962097168
dinov2_s14,A,216,clicks_3_6,1,0.5030996574116685,23.283531409168077,0.6681818962097168
dinov2_s14,A,216,clicks_3_6,2,0.4533624911042092,-11.520719361126833,0.6681818962097168
dinov2_s14,A,216,clicks_25_25,0,0.5813723484073392,20.79683078664403,0.6681818962097168
dinov2_s14,A,216,clicks_25_25,1,0.5782498905417927,11.20015091492171,0.6681818962097168
dinov2_s14,A,216,clicks_25_25,2,0.5581757817087101,20.697855750487328,0.6681818962097168
dinov2_s14,C,63,learned,0,0.8155104961690979,-1.0180876358695654,1.0817749500274658
dinov2_s14,C,63,clicks_3_6,0,0.7609456849090109,-0.42074275362318847,1.0817749500274658
dinov2_s14,C,63,clicks_3_6,1,0.6900974910079657,3.5988168025362324,1.0817749500274658
dinov2_s14,C,63,clicks_3_6,2,0.7376384680046547,-1.1281419836956523,1.0817749500274658
dinov2_s14,C,63,clicks_25_25,0,0.686760129878915,2.7999886775362324,1.0817749500274658
dinov2_s14,C,63,clicks_25_25,1,0.8199622845567063,-0.27827785326087007,1.0817749500274658
dinov2_s14,C,63,clicks_25_25,2,0.7679090315314157,0.417346014492753,1.0817749500274658
dinov2_s14,C,115,learned,0,0.8384148785506239,-0.7289685235507246,1.0110971927642822
dinov2_s14,C,115,clicks_3_6,0,0.6717690159236824,3.7840240036231894,1.0110971927642822
dinov2_s14,C,115,clicks_3_6,1,0.5226157135134695,0.15763700181159468,1.0110971927642822
dinov2_s14,C,115,clicks_3_6,2,0.582992286562526,6.060235507246377,1.0110971927642822
dinov2_s14,C,115,clicks_25_25,0,0.7977559316029452,-0.9940840126811592,1.0110971927642822
dinov2_s14,C,115,clicks_25_25,1,0.8151399072951256,-0.27207880434782616,1.0110971927642822
dinov2_s14,C,115,clicks_25_25,2,0.747954006644414,0.5666043931159424,1.0110971927642822
dinov2_s14,C,166,learned,0,0.8227737240765045,1.2043421648550723,1.0109570026397705
dinov2_s14,C,166,clicks_3_6,0,0.6746547724319545,2.887426403985507,1.0109570026397705
dinov2_s14,C,166,clicks_3_6,1,0.5473729334060998,5.510841259057972,1.0109570026397705
dinov2_s14,C,166,clicks_3_6,2,0.5357534851201288,-2.9579087409420293,1.0109570026397705
dinov2_s14,C,166,clicks_25_25,0,0.7359670106725319,0.07798346920289845,1.0109570026397705
dinov2_s14,C,166,clicks_25_25,1,0.7457297659060377,1.2993659420289854,1.0109570026397705
dinov2_s14,C,166,clicks_25_25,2,0.6795839641620175,0.7139379528985508,1.0109570026397705
dinov2_s14,C,218,learned,0,0.835738557136475,0.6158854166666665,1.0120811462402344
dinov2_s14,C,218,clicks_3_6,0,0.6850329463445246,-0.5307404891304346,1.0120811462402344
dinov2_s14,C,218,clicks_3_6,1,0.6397427457335292,-1.0401381340579712,1.0120811462402344
dinov2_s14,C,218,clicks_3_6,2,0.7442934407509192,1.2750792572463765,1.0120811462402344
dinov2_s14,C,218,clicks_25_25,0,0.8361752376224953,-0.44845448369565233,1.0120811462402344
dinov2_s14,C,218,clicks_25_25,1,0.7621654215079606,-1.128594882246377,1.0120811462402344
dinov2_s14,C,218,clicks_25_25,2,0.8118027986172959,-0.24688632246376807,1.0120811462402344
dinov2_s14,C,270,learned,0,0.696806274670631,1.5488564311594202,1.0278961658477783
dinov2_s14,C,270,clicks_3_6,0,0.6931831020634546,1.5390058876811594,1.0278961658477783
dinov2_s14,C,270,clicks_3_6,1,0.7241214646957956,1.2435461956521736,1.0278961658477783
dinov2_s14,C,270,clicks_3_6,2,0.6971860680853457,0.054913949275362084,1.0278961658477783
dinov2_s14,C,270,clicks_25_25,0,0.8056433210461647,-0.1025815217391306,1.0278961658477783
dinov2_s14,C,270,clicks_25_25,1,0.7841181165203511,0.283288043478261,1.0278961658477783
dinov2_s14,C,270,clicks_25_25,2,0.694922785153075,1.251075634057971,1.0278961658477783
dinov2_s14,C,334,learned,0,0.8451479318433526,0.6653079710144931,1.0111939907073975
dinov2_s14,C,334,clicks_3_6,0,0.7447035206474384,2.2918081974637685,1.0111939907073975
dinov2_s14,C,334,clicks_3_6,1,0.7399007254677358,-0.15109827898550687,1.0111939907073975
dinov2_s14,C,334,clicks_3_6,2,0.6206406923084303,-1.6637228260869565,1.0111939907073975
dinov2_s14,C,334,clicks_25_25,0,0.8636082060999162,-0.5732280344202896,1.0111939907073975
dinov2_s14,C,334,clicks_25_25,1,0.8588875346081509,-0.5509510869565215,1.0111939907073975
dinov2_s14,C,334,clicks_25_25,2,0.8633979718911226,0.3909646739130439,1.0111939907073975
dinov2_s14,C,386,learned,0,0.8084108284078931,-0.13216145833333393,1.0026371479034424
dinov2_s14,C,386,clicks_3_6,0,0.7884964739506483,0.21379642210144922,1.0026371479034424
dinov2_s14,C,386,clicks_3_6,1,0.6626439818239459,-0.02558876811594235,1.0026371479034424
dinov2_s14,C,386,clicks_3_6,2,0.7504890274006046,-1.34859035326087,1.0026371479034424
dinov2_s14,C,386,clicks_25_25,0,0.7747516774230059,0.7643512228260869,1.0026371479034424
dinov2_s14,C,386,clicks_25_25,1,0.7821415604137569,-0.05947124094202927,1.0026371479034424
dinov2_s14,C,386,clicks_25_25,2,0.786203479122656,0.11339447463768071,1.0026371479034424
dinov2_s14,C,438,learned,0,0.8300199639622117,-0.7524626358695654,0.9965858459472656
dinov2_s14,C,438,clicks_3_6,0,0.4679200096431377,10.139011548913043,0.9965858459472656
dinov2_s14,C,438,clicks_3_6,1,0.6629538516849145,-2.7272701539855073,0.9965858459472656
dinov2_s14,C,438,clicks_3_6,2,0.6047584587437788,-1.647276947463768,0.9965858459472656
dinov2_s14,C,438,clicks_25_25,0,0.8344903868858978,0.15752377717391308,0.9965858459472656
dinov2_s14,C,438,clicks_25_25,1,0.8212970326036915,-0.4093636775362315,0.9965858459472656
dinov2_s14,C,438,clicks_25_25,2,0.7704003370349566,-0.74903759057971,0.9965858459472656
dinov2_s14,C,489,learned,0,0.8056771317725088,-1.564453125,1.0046510696411133
dinov2_s14,C,489,clicks_3_6,0,0.8357927335027294,0.9118263134057978,1.0046510696411133
dinov2_s14,C,489,clicks_3_6,1,0.7784989827499972,-0.17612092391304301,1.0046510696411133
dinov2_s14,C,489,clicks_3_6,2,0.7991494760681659,-1.5316745923913038,1.0046510696411133
dinov2_s14,C,489,clicks_25_25,0,0.8426334062537413,0.3747169384057978,1.0046510696411133
dinov2_s14,C,489,clicks_25_25,1,0.781412723810503,-2.0151437952898545,1.0046510696411133
dinov2_s14,C,489,clicks_25_25,2,0.8261764363936012,-1.3523267663043477,1.0046510696411133
dinov2_s14,C,541,learned,0,0.8052031692303084,-1.6714221014492763,1.0330889225006104
dinov2_s14,C,541,clicks_3_6,0,0.7775243609275903,-1.1654495018115947,1.0330889225006104
dinov2_s14,C,541,clicks_3_6,1,0.7247417262130121,0.928413722826086,1.0330889225006104
dinov2_s14,C,541,clicks_3_6,2,0.6973120904385578,-2.2380831068840585,1.0330889225006104
dinov2_s14,C,541,clicks_25_25,0,0.8175543368053781,1.4954993206521738,1.0330889225006104
dinov2_s14,C,541,clicks_25_25,1,0.750835117019076,2.5038779438405783,1.0330889225006104
dinov2_s14,C,541,clicks_25_25,2,0.8202210875643102,-0.7637850996376816,1.0330889225006104
dinov2_s14,D,48,learned,0,0.7756779543316112,1.4396047240837726,1.5586740970611572
dinov2_s14,D,48,clicks_3_6,0,0.7387272302165919,0.5288380385997664,1.5586740970611572
dinov2_s14,D,48,clicks_3_6,1,0.750621867550224,-0.9207380123300153,1.5586740970611572
dinov2_s14,D,48,clicks_3_6,2,0.5561624124758073,6.558193088260774,1.5586740970611572
dinov2_s14,D,48,clicks_25_25,0,0.7521671639265474,-0.4766003588336236,1.5586740970611572
dinov2_s14,D,48,clicks_25_25,1,0.7876345555766392,0.4377658414983818,1.5586740970611572
dinov2_s14,D,48,clicks_25_25,2,0.7593070923643978,2.011379832656096,1.5586740970611572
dinov2_s14,D,72,learned,0,0.8129017700528858,0.7460832918792928,1.512279987335205
dinov2_s14,D,72,clicks_3_6,0,0.7513698362018173,-1.6911571545946913,1.512279987335205
dinov2_s14,D,72,clicks_3_6,1,0.7006316072388461,2.1448189902354784,1.512279987335205
dinov2_s14,D,72,clicks_3_6,2,0.5692047908262656,-1.7131790311492177,1.512279987335205
dinov2_s14,D,72,clicks_25_25,0,0.8102859016760581,1.1478539848976865,1.512279987335205
dinov2_s14,D,72,clicks_25_25,1,0.799138396985991,1.131980347990365,1.512279987335205
dinov2_s14,D,72,clicks_25_25,2,0.7622194785387465,1.0243861541643131,1.512279987335205
dinov2_s14,D,104,learned,0,0.7361685250318042,0.8995657107085568,1.5450630187988281
dinov2_s14,D,104,clicks_3_6,0,0.5772840133151605,-0.7434563167573067,1.5450630187988281
dinov2_s14,D,104,clicks_3_6,1,0.589047794679091,6.2380598391396935,1.5450630187988281
dinov2_s14,D,104,clicks_3_6,2,0.7185254730925028,-0.9769999944106909,1.5450630187988281
dinov2_s14,D,104,clicks_25_25,0,0.6884617546989944,4.055188834796801,1.5450630187988281
dinov2_s14,D,104,clicks_25_25,1,0.7210131648520725,1.6695600655066984,1.5450630187988281
dinov2_s14,D,104,clicks_25_25,2,0.7261413450229873,1.1218525204987904,1.5450630187988281
dinov2_s14,D,168,learned,0,0.8361028937489979,0.05634023240345698,1.5460541248321533
dinov2_s14,D,168,clicks_3_6,0,0.7030756384254059,5.5117515216893125,1.5460541248321533
dinov2_s14,D,168,clicks_3_6,1,0.7763007759014149,1.3835327785012819,1.5460541248321533
dinov2_s14,D,168,clicks_3_6,2,0.44283596041456175,19.65053405845299,1.5460541248321533
dinov2_s14,D,168,clicks_25_25,0,0.8198252720178515,1.0365708472833166,1.5460541248321533
dinov2_s14,D,168,clicks_25_25,1,0.8252440164194379,0.43584311928143826,1.5460541248321533
dinov2_s14,D,168,clicks_25_25,2,0.8014908362852302,1.7499119683868685,1.5460541248321533
dinov2_s14,D,200,learned,0,0.8364881575192619,1.2036241078065881,1.5252742767333984
dinov2_s14,D,200,clicks_3_6,0,0.7063432622878387,-0.24459933040080983,1.5252742767333984
dinov2_s14,D,200,clicks_3_6,1,0.6046903701835892,-3.9946566208157055,1.5252742767333984
dinov2_s14,D,200,clicks_3_6,2,0.7364798482585511,2.4077512534024894,1.5252742767333984
dinov2_s14,D,200,clicks_25_25,0,0.7657866362262296,3.71907016259299,1.5252742767333984
dinov2_s14,D,200,clicks_25_25,1,0.7839297349997305,-0.9913868751851478,1.5252742767333984
dinov2_s14,D,200,clicks_25_25,2,0.8173940893422379,1.0686981940943348,1.5252742767333984
dinov2_s14,D,232,learned,0,0.8219593077309345,1.614225908681874,1.5606319904327393
dinov2_s14,D,232,clicks_3_6,0,0.6367540471333709,1.9837798259489237,1.5606319904327393
dinov2_s14,D,232,clicks_3_6,1,0.629135718618752,-3.216110623599178,1.5606319904327393
dinov2_s14,D,232,clicks_3_6,2,0.7176842895710787,-2.990760872602885,1.5606319904327393
dinov2_s14,D,232,clicks_25_25,0,0.7938692600118055,0.7331831672377067,1.5606319904327393
dinov2_s14,D,232,clicks_25_25,1,0.792877680788362,-0.8426553688105383,1.5606319904327393
dinov2_s14,D,232,clicks_25_25,2,0.804279969711485,0.5849211627997963,1.5606319904327393
dinov2_s14,D,264,learned,0,0.7602784153138497,2.6237892159876566,1.5750558376312256
dinov2_s14,D,264,clicks_3_6,0,0.6713186559852458,-1.8336509923817728,1.5750558376312256
dinov2_s14,D,264,clicks_3_6,1,0.6266751168897132,2.3692409159759205,1.5750558376312256
dinov2_s14,D,264,clicks_3_6,2,0.6030958962565338,-3.152135395415649,1.5750558376312256
dinov2_s14,D,264,clicks_25_25,0,0.7618735428552487,0.8599710473805686,1.5750558376312256
dinov2_s14,D,264,clicks_25_25,1,0.7560011695796116,1.6122249361421463,1.5750558376312256
dinov2_s14,D,264,clicks_25_25,2,0.7341000341946924,2.3949517363187685,1.5750558376312256
dinov2_s14,D,328,learned,0,0.664578567891092,-1.7188577688597242,1.5923688411712646
dinov2_s14,D,328,clicks_3_6,0,0.474471511905771,21.02476622716069,1.5923688411712646
dinov2_s14,D,328,clicks_3_6,1,0.459660202687644,6.273138340981369,1.5923688411712646
dinov2_s14,D,328,clicks_3_6,2,0.6601990825231263,-1.3112965519554187,1.5923688411712646
dinov2_s14,D,328,clicks_25_25,0,0.6673111432895438,5.39350410534729,1.5923688411712646
dinov2_s14,D,328,clicks_25_25,1,0.6237902548947762,7.53560669152046,1.5923688411712646
dinov2_s14,D,328,clicks_25_25,2,0.5439979319777423,13.407589163448158,1.5923688411712646
dinov2_s14,D,360,learned,0,0.7465987118779971,0.05325493396231806,1.5322740077972412
dinov2_s14,D,360,clicks_3_6,0,0.6171066500257156,8.022234270287795,1.5322740077972412
dinov2_s14,D,360,clicks_3_6,1,0.6041376743286176,-0.2095655430292922,1.5322740077972412
dinov2_s14,D,360,clicks_3_6,2,0.350564537018696,-6.799394118929311,1.5322740077972412
dinov2_s14,D,360,clicks_25_25,0,0.7199732513686518,3.502294411250162,1.5322740077972412
dinov2_s14,D,360,clicks_25_25,1,0.7758438552251056,1.1094107191763598,1.5322740077972412
dinov2_s14,D,360,clicks_25_25,2,0.7496848814235302,2.2512282506022494,1.5322740077972412
dinov2_s14,D,392,learned,0,0.6998753164114774,-1.5473218827027644,1.541693925857544
dinov2_s14,D,392,clicks_3_6,0,0.5698026338731093,3.290616109505738,1.541693925857544
dinov2_s14,D,392,clicks_3_6,1,0.6239543274607531,-3.693996523449944,1.541693925857544
dinov2_s14,D,392,clicks_3_6,2,0.5639771990832501,-2.8184536618356404,1.541693925857544
dinov2_s14,D,392,clicks_25_25,0,0.7160245024825415,3.966777148670026,1.541693925857544
dinov2_s14,D,392,clicks_25_25,1,0.7296558799249858,2.3415403017108893,1.541693925857544
dinov2_s14,D,392,clicks_25_25,2,0.7005367980878889,2.2789847579549836,1.541693925857544
dinov2_s14,E,48,learned,0,0.905612404068135,1.8488322456341422,0.7412338256835938
dinov2_s14,E,48,clicks_3_6,0,0.8233461958328201,-2.8045910263855163,0.7412338256835938
dinov2_s14,E,48,clicks_3_6,1,0.7432291776554072,-5.103853800922202,0.7412338256835938
dinov2_s14,E,48,clicks_3_6,2,0.8502371705052593,-5.648696876117661,0.7412338256835938
dinov2_s14,E,48,clicks_25_25,0,0.8664177102381533,2.5693288056332193,0.7412338256835938
dinov2_s14,E,48,clicks_25_25,1,0.8716613875376497,-2.904676016905807,0.7412338256835938
dinov2_s14,E,48,clicks_25_25,2,0.8691851935737928,-3.7542927904195302,0.7412338256835938
dinov2_s14,E,88,learned,0,0.9239659826340824,2.6692215099085104,0.6038241386413574
dinov2_s14,E,88,clicks_3_6,0,0.7866811297034331,-4.01887866353368,0.6038241386413574
dinov2_s14,E,88,clicks_3_6,1,0.8539617733940024,0.7033830841944564,0.6038241386413574
dinov2_s14,E,88,clicks_3_6,2,0.7986973136800889,-8.697106861157792,0.6038241386413574
dinov2_s14,E,88,clicks_25_25,0,0.8890942469807717,2.341661891558253,0.6038241386413574
dinov2_s14,E,88,clicks_25_25,1,0.8801144363766875,-4.050894323325476,0.6038241386413574
dinov2_s14,E,88,clicks_25_25,2,0.8877608553766876,-3.498071368962691,0.6038241386413574
dinov2_s14,E,128,learned,0,0.8816681126683271,-0.8198124055393841,0.6824588775634766
dinov2_s14,E,128,clicks_3_6,0,0.8070782827421726,-2.6446088705490567,0.6824588775634766
dinov2_s14,E,128,clicks_3_6,1,0.826466331442933,2.3681012502451644,0.6824588775634766
dinov2_s14,E,128,clicks_3_6,2,0.8424801666059476,2.468474670132945,0.6824588775634766
dinov2_s14,E,128,clicks_25_25,0,0.8080604879009218,-5.6511965973026115,0.6824588775634766
dinov2_s14,E,128,clicks_25_25,1,0.8547580922881763,-1.1603513454268573,0.6824588775634766
dinov2_s14,E,128,clicks_25_25,2,0.8697397468509139,-0.23093578023989636,0.6824588775634766
dinov2_s14,E,168,learned,0,0.884447891465151,2.5438508781712805,0.5977671146392822
dinov2_s14,E,168,clicks_3_6,0,0.846210815838493,-0.4281253244830374,0.5977671146392822
dinov2_s14,E,168,clicks_3_6,1,0.6063025224213362,-10.393359971387808,0.5977671146392822
dinov2_s14,E,168,clicks_3_6,2,0.8629931705994427,0.7298224428813711,0.5977671146392822
dinov2_s14,E,168,clicks_25_25,0,0.8342813803564657,4.116271646624028,0.5977671146392822
dinov2_s14,E,168,clicks_25_25,1,0.8611307285602489,1.3125459083409936,0.5977671146392822
dinov2_s14,E,168,clicks_25_25,2,0.8591528732873238,-0.1304662172296176,0.5977671146392822
dinov2_s14,E,208,learned,0,0.906195639188445,0.11450645889496869,0.6604669094085693
dinov2_s14,E,208,clicks_3_6,0,0.7684570160073533,-5.162597248768408,0.6604669094085693
dinov2_s14,E,208,clicks_3_6,1,0.7355515245246476,-6.274300174211339,0.6604669094085693
dinov2_s14,E,208,clicks_3_6,2,0.7696317172804712,-2.5201035269143066,0.6604669094085693
dinov2_s14,E,208,clicks_25_25,0,0.812074108808652,5.664945063819804,0.6604669094085693
dinov2_s14,E,208,clicks_25_25,1,0.7997276260656462,-4.360186748401141,0.6604669094085693
dinov2_s14,E,208,clicks_25_25,2,0.8753759568155548,0.13988824323440596,0.6604669094085693
dinov2_s14,E,257,learned,0,0.8159029713021759,-0.20295813159301446,0.5940260887145996
dinov2_s14,E,257,clicks_3_6,0,0.6930619926653592,3.9929200204592554,0.5940260887145996
dinov2_s14,E,257,clicks_3_6,1,0.7031111336494333,-2.2609978117825307,0.5940260887145996
dinov2_s14,E,257,clicks_3_6,2,0.7778922923512445,-0.07153048313841914,0.5940260887145996
dinov2_s14,E,257,clicks_25_25,0,0.7687465862095872,4.46421360694384,0.5940260887145996
dinov2_s14,E,257,clicks_25_25,1,0.7912876411543287,0.6208922850912781,0.5940260887145996
dinov2_s14,E,257,clicks_25_25,2,0.7915834535742611,1.3809036684369822,0.5940260887145996
dinov2_s14,E,297,learned,0,0.7616351332688855,-2.6927765749204884,0.657416820526123
dinov2_s14,E,297,clicks_3_6,0,0.7637202123371775,0.231608782097382,0.657416820526123
dinov2_s14,E,297,clicks_3_6,1,0.4355490990885447,-10.023208949770986,0.657416820526123
dinov2_s14,E,297,clicks_3_6,2,0.7087170544747788,11.804068007799131,0.657416820526123
dinov2_s14,E,297,clicks_25_25,0,0.7937145736238821,-0.008460594779812425,0.657416820526123
dinov2_s14,E,297,clicks_25_25,1,0.798509686155008,2.0517903772271566,0.657416820526123
dinov2_s14,E,297,clicks_25_25,2,0.7880889188898946,0.794815193689935,0.657416820526123
dinov2_s14,E,337,learned,0,0.65836828077024,-0.3275596183502607,0.6001479625701904
dinov2_s14,E,337,clicks_3_6,0,0.5450343670509282,-3.448461517753789,0.6001479625701904
dinov2_s14,E,337,clicks_3_6,1,0.6125035806359209,-2.417230385841579,0.6001479625701904
dinov2_s14,E,337,clicks_3_6,2,0.7290285706319832,6.37428902160913,0.6001479625701904
dinov2_s14,E,337,clicks_25_25,0,0.7565052772244151,2.097746789781141,0.6001479625701904
dinov2_s14,E,337,clicks_25_25,1,0.6993527644993444,-0.758280807140741,0.6001479625701904
dinov2_s14,E,337,clicks_25_25,2,0.7748314450545631,0.9185513923446997,0.6001479625701904
dinov2_s14,E,377,learned,0,0.6708162399207809,-3.5519115175615017,0.6627271175384521
dinov2_s14,E,377,clicks_3_6,0,0.6802492865047469,-3.356356406400824,0.6627271175384521
dinov2_s14,E,377,clicks_3_6,1,0.6749271416519672,0.19459367993569998,0.6627271175384521
dinov2_s14,E,377,clicks_3_6,2,0.6814611942272334,2.6738363797884084,0.6627271175384521
dinov2_s14,E,377,clicks_25_25,0,0.7862357981002048,0.7845278795826633,0.6627271175384521
dinov2_s14,E,377,clicks_25_25,1,0.7690032596357123,-1.3992670048340763,0.6627271175384521
dinov2_s14,E,377,clicks_25_25,2,0.7561586061818945,-1.0790142637936526,0.6627271175384521
dinov2_s14,E,417,learned,0,0.6324742086132057,-0.876344561568132,0.5999388694763184
dinov2_s14,E,417,clicks_3_6,0,0.6614691643172421,-2.0016998104057624,0.5999388694763184
dinov2_s14,E,417,clicks_3_6,1,0.41809713685359984,-2.1516830815024477,0.5999388694763184
dinov2_s14,E,417,clicks_3_6,2,0.5069306302111991,-7.222848220775375,0.5999388694763184
dinov2_s14,E,417,clicks_25_25,0,0.6791823854604123,7.021716808509822,0.5999388694763184
dinov2_s14,E,417,clicks_25_25,1,0.7388475570839327,4.883013048544587,0.5999388694763184
dinov2_s14,E,417,clicks_25_25,2,0.6384218213011776,10.021189944198532,0.5999388694763184
dinov2_s14,F,29,learned,0,0.8070295443792717,1.12882755842063,1.0835881233215332
dinov2_s14,F,29,clicks_3_6,0,0.7401320418076107,1.3544520547945211,1.0835881233215332
dinov2_s14,F,29,clicks_3_6,1,0.6196171679942932,-2.4215014773032495,1.0835881233215332
dinov2_s14,F,29,clicks_3_6,2,0.5682461532712376,-2.1661294654848238,1.0835881233215332
dinov2_s14,F,29,clicks_25_25,0,0.7335785160850847,3.4698495836690846,1.0835881233215332
dinov2_s14,F,29,clicks_25_25,1,0.76192401787339,0.06439699167338198,1.0835881233215332
dinov2_s14,F,29,clicks_25_25,2,0.7019802702167776,-0.42596696212731633,1.0835881233215332
dinov2_s14,F,53,learned,0,0.834786196441165,1.7160556003223224,1.0571019649505615
dinov2_s14,F,53,clicks_3_6,0,0.6171168844584474,8.673012355627183,1.0571019649505615
dinov2_s14,F,53,clicks_3_6,1,0.6777927424273227,-3.4240531829170013,1.0571019649505615
dinov2_s14,F,53,clicks_3_6,2,0.6244421997910627,0.1328901423583133,1.0571019649505615
dinov2_s14,F,53,clicks_25_25,0,0.7620812597868278,0.46860730593607336,1.0571019649505615
dinov2_s14,F,53,clicks_25_25,1,0.7678217071183526,0.8721125436475976,1.0571019649505615
dinov2_s14,F,53,clicks_25_25,2,0.7843211882721668,1.0106097233413927,1.0571019649505615
dinov2_s14,F,77,learned,0,0.8583120042974057,0.9755573462261626,1.044538974761963
dinov2_s14,F,77,clicks_3_6,0,0.6085671480330375,11.009535320977706,1.044538974761963
dinov2_s14,F,77,clicks_3_6,1,0.5353606991222892,-6.167741069030351,1.044538974761963
dinov2_s14,F,77,clicks_3_6,2,0.7146960151697217,-0.9401020682245491,1.044538974761963
dinov2_s14,F,77,clicks_25_25,0,0.8039479997258333,1.767761214074671,1.044538974761963
dinov2_s14,F,77,clicks_25_25,1,0.8176733744046896,0.1833870534515185,1.044538974761963
dinov2_s14,F,77,clicks_25_25,2,0.8162471707707801,-0.07151490733279608,1.044538974761963
dinov2_s14,F,100,learned,0,0.8578985728728281,0.5030217566478647,1.0793638229370117
dinov2_s14,F,100,clicks_3_6,0,0.7199862657868809,-3.139202256244964,1.0793638229370117
dinov2_s14,F,100,clicks_3_6,1,0.7365464880935088,-2.7653102336825137,1.0793638229370117
dinov2_s14,F,100,clicks_3_6,2,0.7680750260693462,3.393499865699704,1.0793638229370117
dinov2_s14,F,100,clicks_25_25,0,0.7994888404645135,1.9944601128122486,1.0793638229370117
dinov2_s14,F,100,clicks_25_25,1,0.7751545018009812,-1.1881211388665056,1.0793638229370117
dinov2_s14,F,100,clicks_25_25,2,0.810840691750546,-0.5990800429760945,1.0793638229370117
dinov2_s14,F,124,learned,0,0.8277180000848225,-0.34176067687348866,1.0575449466705322
dinov2_s14,F,124,clicks_3_6,0,0.7075077943731527,1.524409078699973,1.0575449466705322
dinov2_s14,F,124,clicks_3_6,1,0.7317535599647317,-2.147528874563524,1.0575449466705322
dinov2_s14,F,124,clicks_3_6,2,0.7179285414624285,1.646085146387323,1.0575449466705322
dinov2_s14,F,124,clicks_25_25,0,0.7748068924539513,1.3439430566747248,1.0575449466705322
dinov2_s14,F,124,clicks_25_25,1,0.7745687729663521,-2.1501813053988714,1.0575449466705322
dinov2_s14,F,124,clicks_25_25,2,0.7978158328879801,0.6498119795863557,1.0575449466705322
dinov2_s14,F,154,learned,0,0.8370418039538715,0.6019339242546335,1.0448131561279297
dinov2_s14,F,154,clicks_3_6,0,0.7589174950551757,2.0382420091324196,1.0448131561279297
dinov2_s14,F,154,clicks_3_6,1,0.7644188796589632,-0.9423515981735164,1.0448131561279297
dinov2_s14,F,154,clicks_3_6,2,0.6910933699625512,4.082292506043514,1.0448131561279297
dinov2_s14,F,154,clicks_25_25,0,0.7997920313150753,-0.10707091055600326,1.0448131561279297
dinov2_s14,F,154,clicks_25_25,1,0.8079844041362942,-0.5577491270480799,1.0448131561279297
dinov2_s14,F,154,clicks_25_25,2,0.8270850717209044,1.0784313725490193,1.0448131561279297
dinov2_s14,F,178,learned,0,0.8078966436859022,-0.43677813591189896,1.06390380859375
dinov2_s14,F,178,clicks_3_6,0,0.7577746001482893,1.0755439161966152,1.06390380859375
dinov2_s14,F,178,clicks_3_6,1,0.7782442562653078,0.1442720923986034,1.06390380859375
dinov2_s14,F,178,clicks_3_6,2,0.7320246502050458,1.913342734354016,1.06390380859375
dinov2_s14,F,178,clicks_25_25,0,0.781098385429094,1.9047139403706685,1.06390380859375
dinov2_s14,F,178,clicks_25_25,1,0.8022568526584035,0.39897260273972623,1.06390380859375
dinov2_s14,F,178,clicks_25_25,2,0.7823483909918182,-0.9261348374966429,1.06390380859375
dinov2_s14,F,202,learned,0,0.7970547759779814,-0.7441579371474614,1.0595309734344482
dinov2_s14,F,202,clicks_3_6,0,0.6681114481434683,5.259266720386785,1.0595309734344482
dinov2_s14,F,202,clicks_3_6,1,0.579091292910266,-2.31204673650282,1.0595309734344482
dinov2_s14,F,202,clicks_3_6,2,0.6067801625470244,7.546904378189632,1.0595309734344482
dinov2_s14,F,202,clicks_25_25,0,0.7933904164173528,0.19960381412839112,1.0595309734344482
dinov2_s14,F,202,clicks_25_25,1,0.7933761042989701,-0.2681305398871876,1.0595309734344482
dinov2_s14,F,202,clicks_25_25,2,0.7885736943014023,0.7289820037604082,1.0595309734344482
dinov2_s14,F,225,learned,0,0.7999782813783181,0.43845688960515705,1.0524489879608154
dinov2_s14,F,225,clicks_3_6,0,0.7187355955040244,0.7483883964544722,1.0524489879608154
dinov2_s14,F,225,clicks_3_6,1,0.7015992544268407,-0.892526188557615,1.0524489879608154
dinov2_s14,F,225,clicks_3_6,2,0.5795238217740276,-3.9612543647596024,1.0524489879608154
dinov2_s14,F,225,clicks_25_25,0,0.7061923676492606,4.658776524308354,1.0524489879608154
dinov2_s14,F,225,clicks_25_25,1,0.7441806325313157,-1.7107507386516252,1.0524489879608154
dinov2_s14,F,225,clicks_25_25,2,0.8236332420897313,0.20618452860596292,1.0524489879608154
dinov2_s14,F,249,learned,0,0.7650189577784968,0.7643029814665603,1.0365948677062988
dinov2_s14,F,249,clicks_3_6,0,0.700721415054835,-2.754700510341123,1.0365948677062988
dinov2_s14,F,249,clicks_3_6,1,0.6853788456093208,2.2447287134031697,1.0365948677062988
dinov2_s14,F,249,clicks_3_6,2,0.7008988938935531,-1.6179156594144501,1.0365948677062988
dinov2_s14,F,249,clicks_25_25,0,0.734778615639592,3.660287402632287,1.0365948677062988
dinov2_s14,F,249,clicks_25_25,1,0.7730008877024058,0.12197824335213525,1.0365948677062988
dinov2_s14,F,249,clicks_25_25,2,0.731626663020909,0.29425194735428484,1.0365948677062988
dinov2_b14,A,25,learned,0,0.7823343579598989,4.271269571778911,1.737407922744751
dinov2_b14,A,25,clicks_3_6,0,0.6792748578470585,-1.9596302584418037,1.737407922744751
dinov2_b14,A,25,clicks_3_6,1,0.6090726569092443,-3.616801861284035,1.737407922744751
dinov2_b14,A,25,clicks_3_6,2,0.5901464088757936,-5.934477771489656,1.737407922744751
dinov2_b14,A,25,clicks_25_25,0,0.7332074106022973,0.14047663962774237,1.737407922744751
dinov2_b14,A,25,clicks_25_25,1,0.7489014289701104,1.360372256806892,1.737407922744751
dinov2_b14,A,25,clicks_25_25,2,0.7609501880690407,3.3933220147142027,1.737407922744751
dinov2_b14,A,46,learned,0,0.8103148751357221,2.485317235741686,1.481848955154419
dinov2_b14,A,46,clicks_3_6,0,0.5969049605642228,-3.664088536754072,1.481848955154419
dinov2_b14,A,46,clicks_3_6,1,0.5129802392595826,23.367037665849214,1.481848955154419
dinov2_b14,A,46,clicks_3_6,2,0.6763185487378837,-0.16286235301515362,1.481848955154419
dinov2_b14,A,46,clicks_25_25,0,0.6719754814250536,0.7658932276928887,1.481848955154419
dinov2_b14,A,46,clicks_25_25,1,0.6910342908812687,4.915802049927688,1.481848955154419
dinov2_b14,A,46,clicks_25_25,2,0.6896815755567827,6.533610010689806,1.481848955154419
dinov2_b14,A,66,learned,0,0.744885102297954,4.962837200528202,1.6314899921417236
dinov2_b14,A,66,clicks_3_6,0,0.5013099353558529,-0.04464566434006301,1.6314899921417236
dinov2_b14,A,66,clicks_3_6,1,0.6639839732193189,4.620260328239954,1.6314899921417236
dinov2_b14,A,66,clicks_3_6,2,0.5672906803544081,11.585487015028612,1.6314899921417236
dinov2_b14,A,66,clicks_25_25,0,0.658106912465367,5.893604980192414,1.6314899921417236
dinov2_b14,A,66,clicks_25_25,1,0.6723338703087061,2.3951455700182347,1.6314899921417236
dinov2_b14,A,66,clicks_25_25,2,0.6648448174897521,5.898887002452366,1.6314899921417236
dinov2_b14,A,87,learned,0,0.7603039237024872,3.4833679180028927,1.480954885482788
dinov2_b14,A,87,clicks_3_6,0,0.5922643497086084,4.084763881028737,1.480954885482788
dinov2_b14,A,87,clicks_3_6,1,0.47029162360839327,-4.780858957429416,1.480954885482788
dinov2_b14,A,87,clicks_3_6,2,0.5759405032114744,-3.711123687354587,1.480954885482788
dinov2_b14,A,87,clicks_25_25,0,0.6535839248225532,3.2197698547443885,1.480954885482788
dinov2_b14,A,87,clicks_25_25,1,0.6976093206233923,1.3323272338552474,1.480954885482788
dinov2_b14,A,87,clicks_25_25,2,0.6257200871755214,8.470477268439916,1.480954885482788
dinov2_b14,A,107,learned,0,0.802947129050597,3.2483179274350746,1.6845438480377197
dinov2_b14,A,107,clicks_3_6,0,0.3338235593116956,-5.8473244042004655,1.6845438480377197
dinov2_b14,A,107,clicks_3_6,1,0.6466119592741639,-0.4653210086147279,1.6845438480377197
dinov2_b14,A,107,clicks_3_6,2,0.695357600282145,2.697101175878764,1.6845438480377197
dinov2_b14,A,107,clicks_25_25,0,0.6800452356313558,4.398792680626297,1.6845438480377197
dinov2_b14,A,107,clicks_25_25,1,0.6817115157328583,4.964849399484375,1.6845438480377197
dinov2_b14,A,107,clicks_25_25,2,0.6894586894586895,5.4367100547066585,1.6845438480377197
dinov2_b14,A,133,learned,0,0.7395006011980826,1.7945041816009564,1.4793169498443604
dinov2_b14,A,133,clicks_3_6,0,0.5048344201974571,-4.269508897692259,1.4793169498443604
dinov2_b14,A,133,clicks_3_6,1,0.6054479363180417,5.802175690121359,1.4793169498443604
dinov2_b14,A,133,clicks_3_6,2,0.5245757142304868,-5.2642897566496885,1.4793169498443604
dinov2_b14,A,133,clicks_25_25,0,0.6760381032053101,3.726215179525875,1.4793169498443604
dinov2_b14,A,133,clicks_25_25,1,0.6952876194267515,-1.3111991448154434,1.4793169498443604
dinov2_b14,A,133,clicks_25_25,2,0.6904754824704867,-0.3834496635854876,1.4793169498443604
dinov2_b14,A,154,learned,0,0.7139857889386656,3.961390932528454,1.7038249969482422
dinov2_b14,A,154,clicks_3_6,0,0.5658454346909844,-4.246871659435326,1.7038249969482422
dinov2_b14,A,154,clicks_3_6,1,0.6470655225513837,4.740866503175502,1.7038249969482422
dinov2_b14,A,154,clicks_3_6,2,0.5404505448121688,-4.568949254857574,1.7038249969482422
dinov2_b14,A,154,clicks_25_25,0,0.6970307625748571,1.434194806011444,1.7038249969482422
dinov2_b14,A,154,clicks_25_25,1,0.7002688552426772,1.5608375778155068,1.7038249969482422
dinov2_b14,A,154,clicks_25_25,2,0.7043368041982065,0.5747343268565679,1.7038249969482422
dinov2_b14,A,174,learned,0,0.7225038689364427,5.226686788656229,1.4728610515594482
dinov2_b14,A,174,clicks_3_6,0,0.6525165990545809,-2.2527824938690806,1.4728610515594482
dinov2_b14,A,174,clicks_3_6,1,0.6775884603951287,-1.1136263598063252,1.4728610515594482
dinov2_b14,A,174,clicks_3_6,2,0.3435003419723803,-10.482047412437904,1.4728610515594482
dinov2_b14,A,174,clicks_25_25,0,0.6693047943372219,2.7746965981261393,1.4728610515594482
dinov2_b14,A,174,clicks_25_25,1,0.6318679957897344,12.857196755329182,1.4728610515594482
dinov2_b14,A,174,clicks_25_25,2,0.7233944679813606,-0.4272149908822236,1.4728610515594482
dinov2_b14,A,195,learned,0,0.7147143702379947,5.9556058605294595,1.5604708194732666
dinov2_b14,A,195,clicks_3_6,0,0.4751499401123501,-7.250833176130291,1.5604708194732666
dinov2_b14,A,195,clicks_3_6,1,0.41846166645867133,-5.473432685656796,1.5604708194732666
dinov2_b14,A,195,clicks_3_6,2,0.40117938271666426,-10.454505439225304,1.5604708194732666
dinov2_b14,A,195,clicks_25_25,0,0.664537210212692,10.557001823555304,1.5604708194732666
dinov2_b14,A,195,clicks_25_25,1,0.6331187662773374,8.527196126517008,1.5604708194732666
dinov2_b14,A,195,clicks_25_25,2,0.6160994107695,18.186882978054452,1.5604708194732666
dinov2_b14,A,216,learned,0,0.6086749932120554,-4.855687606112056,1.4840130805969238
dinov2_b14,A,216,clicks_3_6,0,0.43775627652686855,-10.233289316481168,1.4840130805969238
dinov2_b14,A,216,clicks_3_6,1,0.5037033621872082,16.35024838080865,1.4840130805969238
dinov2_b14,A,216,clicks_3_6,2,0.5462528916241107,-9.391435578192795,1.4840130805969238
dinov2_b14,A,216,clicks_25_25,0,0.6260166597046465,12.976671068351884,1.4840130805969238
dinov2_b14,A,216,clicks_25_25,1,0.5840341396218054,14.016223354084133,1.4840130805969238
dinov2_b14,A,216,clicks_25_25,2,0.5625108445572153,17.604854429981764,1.4840130805969238
dinov2_b14,C,63,learned,0,0.8576926666703268,-0.27898550724637694,2.5334551334381104
dinov2_b14,C,63,clicks_3_6,0,0.5567666442663806,-1.197265625,2.5334551334381104
dinov2_b14,C,63,clicks_3_6,1,0.7588573036565633,-0.1289628623188408,2.5334551334381104
dinov2_b14,C,63,clicks_3_6,2,0.7604763418793538,-0.7973278985507246,2.5334551334381104
dinov2_b14,C,63,clicks_25_25,0,0.7127614636932889,2.3426460597826084,2.5334551334381104
dinov2_b14,C,63,clicks_25_25,1,0.8312420445475666,-1.0503000452898554,2.5334551334381104
dinov2_b14,C,63,clicks_25_25,2,0.7247713178865501,0.9396512681159415,2.5334551334381104
dinov2_b14,C,115,learned,0,0.8627675442182817,-0.22359035326086918,2.0982067584991455
dinov2_b14,C,115,clicks_3_6,0,0.6009139257898434,4.405683876811594,2.0982067584991455
dinov2_b14,C,115,clicks_3_6,1,0.5360932746577176,-0.4277909873188399,2.0982067584991455
dinov2_b14,C,115,clicks_3_6,2,0.6322684812308527,4.77932518115942,2.0982067584991455
dinov2_b14,C,115,clicks_25_25,0,0.8221457627516031,-0.6042798913043477,2.0982067584991455
dinov2_b14,C,115,clicks_25_25,1,0.8194031653980911,-0.8910778985507246,2.0982067584991455
dinov2_b14,C,115,clicks_25_25,2,0.6538929806258387,3.384765625,2.0982067584991455
dinov2_b14,C,166,learned,0,0.8257748222701494,1.1349071557971016,1.990051031112671
dinov2_b14,C,166,clicks_3_6,0,0.5718791702050224,4.728204257246376,1.990051031112671
dinov2_b14,C,166,clicks_3_6,1,0.7130759004704335,2.443048007246377,1.990051031112671
dinov2_b14,C,166,clicks_3_6,2,0.5740683524607556,-2.600685009057971,1.990051031112671
dinov2_b14,C,166,clicks_25_25,0,0.7749133436972989,0.10099637681159379,1.990051031112671
dinov2_b14,C,166,clicks_25_25,1,0.7790762411826707,0.2687952898550723,1.990051031112671
dinov2_b14,C,166,clicks_25_25,2,0.6910475345605086,1.2821557971014492,1.990051031112671
dinov2_b14,C,218,learned,0,0.8373174912047836,1.0384397644927534,1.9837861061096191
dinov2_b14,C,218,clicks_3_6,0,0.6774742338788187,1.120612545289855,1.9837861061096191
dinov2_b14,C,218,clicks_3_6,1,0.7322931317165657,-0.46206974637681153,1.9837861061096191
dinov2_b14,C,218,clicks_3_6,2,0.7283933496664047,1.4375283061594204,1.9837861061096191
dinov2_b14,C,218,clicks_25_25,0,0.8133050493522389,-0.9023154438405796,1.9837861061096191
dinov2_b14,C,218,clicks_25_25,1,0.7873468731844196,-0.8780287590579712,1.9837861061096191
dinov2_b14,C,218,clicks_25_25,2,0.8195394472128509,-0.43132925724637694,1.9837861061096191
dinov2_b14,C,270,learned,0,0.642208601558233,2.09083446557971,2.124232292175293
dinov2_b14,C,270,clicks_3_6,0,0.6876348043631572,1.5260133605072463,2.124232292175293
dinov2_b14,C,270,clicks_3_6,1,0.6956222612671733,1.3757925724637678,2.124232292175293
dinov2_b14,C,270,clicks_3_6,2,0.6385614278124853,0.23638473731884058,2.124232292175293
dinov2_b14,C,270,clicks_25_25,0,0.7717423721780625,0.3930593297101448,2.124232292175293
dinov2_b14,C,270,clicks_25_25,1,0.7311013151663084,0.6890285326086956,2.124232292175293
dinov2_b14,C,270,clicks_25_25,2,0.6319284387088914,1.6028645833333333,2.124232292175293
dinov2_b14,C,334,learned,0,0.8306795275459377,0.9311877264492754,2.108726978302002
dinov2_b14,C,334,clicks_3_6,0,0.5624954099904528,5.5401947463768115,2.108726978302002
dinov2_b14,C,334,clicks_3_6,1,0.6176932332262431,3.704398777173913,2.108726978302002
dinov2_b14,C,334,clicks_3_6,2,0.6029533848205076,-1.93849071557971,2.108726978302002
dinov2_b14,C,334,clicks_25_25,0,0.7934368857965053,-0.7379981884057969,2.108726978302002
dinov2_b14,C,334,clicks_25_25,1,0.8220146815788463,0.5369961503623193,2.108726978302002
dinov2_b14,C,334,clicks_25_25,2,0.7813460422203892,1.7009737318840585,2.108726978302002
dinov2_b14,C,386,learned,0,0.808179554872792,-0.20043591485507317,2.1221160888671875
dinov2_b14,C,386,clicks_3_6,0,0.7743119865774737,-0.3475996376811601,2.1221160888671875
dinov2_b14,C,386,clicks_3_6,1,0.7681167209293774,-0.733044610507247,2.1221160888671875
dinov2_b14,C,386,clicks_3_6,2,0.7683429338046615,-0.10609148550724701,2.1221160888671875
dinov2_b14,C,386,clicks_25_25,0,0.7984126819557915,0.18070652173912993,2.1221160888671875
dinov2_b14,C,386,clicks_25_25,1,0.8215354930379519,-0.5003679800724639,2.1221160888671875
dinov2_b14,C,386,clicks_25_25,2,0.8180240783748431,0.9241111865942022,2.1221160888671875
dinov2_b14,C,438,learned,0,0.84097506701057,-0.036514945652173836,2.053222894668579
dinov2_b14,C,438,clicks_3_6,0,0.6707657683184508,2.7553781702898554,2.053222894668579
dinov2_b14,C,438,clicks_3_6,1,0.6751541963493952,-2.6438802083333335,2.053222894668579
dinov2_b14,C,438,clicks_3_6,2,0.7365319887541083,-0.5079540307971016,2.053222894668579
dinov2_b14,C,438,clicks_25_25,0,0.8012371093500509,0.2923460144927539,2.053222894668579
dinov2_b14,C,438,clicks_25_25,1,0.7828392840231082,-1.06838768115942,2.053222894668579
dinov2_b14,C,438,clicks_25_25,2,0.7647966248176268,0.9535212862318838,2.053222894668579
dinov2_b14,C,489,learned,0,0.7668339089358179,-2.3048290307971016,2.1154088973999023
dinov2_b14,C,489,clicks_3_6,0,0.7099129653087075,-1.375339673913043,2.1154088973999023
dinov2_b14,C,489,clicks_3_6,1,0.7456612622063157,-2.3858412590579707,2.1154088973999023
dinov2_b14,C,489,clicks_3_6,2,0.8024002216079731,-1.02640964673913,2.1154088973999023
dinov2_b14,C,489,clicks_25_25,0,0.8034979930894376,0.27765511775362395,2.1154088973999023
dinov2_b14,C,489,clicks_25_25,1,0.7626506522600055,-0.8634793931159415,2.1154088973999023
dinov2_b14,C,489,clicks_25_25,2,0.81213989779463,-0.8894078351449268,2.1154088973999023
dinov2_b14,C,541,learned,0,0.8301070355446628,-0.43682065217391397,2.1062381267547607
dinov2_b14,C,541,clicks_3_6,0,0.7364837834495901,-1.2242980072463778,2.1062381267547607
dinov2_b14,C,541,clicks_3_6,1,0.6636426861497691,2.5419214221014492,2.1062381267547607
dinov2_b14,C,541,clicks_3_6,2,0.6803230426177697,-1.8877377717391308,2.1062381267547607
dinov2_b14,C,541,clicks_25_25,0,0.7662571357656986,2.368885869565217,2.1062381267547607
dinov2_b14,C,541,clicks_25_25,1,0.7107845649663689,1.9868093297101446,2.1062381267547607
dinov2_b14,C,541,clicks_25_25,2,0.7727486790988615,1.3010360054347814,2.1062381267547607
dinov2_b14,D,48,learned,0,0.7739179034195415,0.8711608435384797,3.314774990081787
dinov2_b14,D,48,clicks_3_6,0,0.7224960793642403,0.1607932347006651,3.314774990081787
dinov2_b14,D,48,clicks_3_6,1,0.7580530496936101,-0.9796157909151377,3.314774990081787
dinov2_b14,D,48,clicks_3_6,2,0.6957486326989468,0.873866068983248,3.314774990081787
dinov2_b14,D,48,clicks_25_25,0,0.7635835924774175,-0.5534198185710375,3.314774990081787
dinov2_b14,D,48,clicks_25_25,1,0.7791240191210717,-0.43215417549311663,3.314774990081787
dinov2_b14,D,48,clicks_25_25,2,0.7982258220840546,0.7367938607032469,3.314774990081787
dinov2_b14,D,72,learned,0,0.8226110111813127,1.2853286234091437,2.6832690238952637
dinov2_b14,D,72,clicks_3_6,0,0.7851468953783222,-0.9297815139201733,2.6832690238952637
dinov2_b14,D,72,clicks_3_6,1,0.7332659399073311,-0.24418572155181462,2.6832690238952637
dinov2_b14,D,72,clicks_3_6,2,0.5368579486929471,-2.0516452130365046,2.6832690238952637
dinov2_b14,D,72,clicks_25_25,0,0.7754181974472638,1.8407494145199053,2.6832690238952637
dinov2_b14,D,72,clicks_25_25,1,0.8326167025344954,0.006986635962730858,2.6832690238952637
dinov2_b14,D,72,clicks_25_25,2,0.7604459293764724,1.4214618278157536,2.6832690238952637
dinov2_b14,D,104,learned,0,0.7390949179120789,0.9459905093537069,2.7033190727233887
dinov2_b14,D,104,clicks_3_6,0,0.2571984028444319,-2.613124814854147,2.7033190727233887
dinov2_b14,D,104,clicks_3_6,1,0.6309678960530016,0.7489673752047086,2.7033190727233887
dinov2_b14,D,104,clicks_3_6,2,0.7103358923479764,-0.5009697450716271,2.7033190727233887
dinov2_b14,D,104,clicks_25_25,0,0.7413517633026928,1.4729728974417737,2.7033190727233887
dinov2_b14,D,104,clicks_25_25,1,0.7791911369537488,-0.22710479395013206,2.7033190727233887
dinov2_b14,D,104,clicks_25_25,2,0.7524306666315406,0.8128755316829963,2.7033190727233887
dinov2_b14,D,168,learned,0,0.8457486923216953,0.273529592595283,2.746462106704712
dinov2_b14,D,168,clicks_3_6,0,0.6697473022766688,2.422283456204969,2.746462106704712
dinov2_b14,D,168,clicks_3_6,1,0.770427980584806,-0.8014733417918212,2.746462106704712
dinov2_b14,D,168,clicks_3_6,2,0.5596943212425682,8.231095560412042,2.746462106704712
dinov2_b14,D,168,clicks_25_25,0,0.8316074336274621,0.2706343306523262,2.746462106704712
dinov2_b14,D,168,clicks_25_25,1,0.8098054901573295,-0.5616696383158306,2.746462106704712
dinov2_b14,D,168,clicks_25_25,2,0.7924366112575537,1.738386813702748,2.746462106704712
dinov2_b14,D,200,learned,0,0.8468977109578215,0.36044334397164945,2.6954212188720703
dinov2_b14,D,200,clicks_3_6,0,0.45638615989336095,-4.837613812299834,2.6954212188720703
dinov2_b14,D,200,clicks_3_6,1,0.4464854783652097,-6.034620178522522,2.6954212188720703
dinov2_b14,D,200,clicks_3_6,2,0.511168621591714,-1.6777875280164123,2.6954212188720703
dinov2_b14,D,200,clicks_25_25,0,0.7466856634936796,3.241508442650897,2.6954212188720703
dinov2_b14,D,200,clicks_25_25,1,0.7476995006389563,-1.8198565783369567,2.6954212188720703
dinov2_b14,D,200,clicks_25_25,2,0.7393320861853524,3.93421383577493,2.6954212188720703
dinov2_b14,D,232,learned,0,0.8238805838485619,1.6537646789221583,2.712355136871338
dinov2_b14,D,232,clicks_3_6,0,0.5424870744954636,-1.1602287145148757,2.712355136871338
dinov2_b14,D,232,clicks_3_6,1,0.6014206396364501,-4.19188097008043,2.712355136871338
dinov2_b14,D,232,clicks_3_6,2,0.6649884704329254,-1.804508336454031,2.712355136871338
dinov2_b14,D,232,clicks_25_25,0,0.7643414981503245,0.6876191221431647,2.712355136871338
dinov2_b14,D,232,clicks_25_25,1,0.7622712663981971,0.5154236975513253,2.712355136871338
dinov2_b14,D,232,clicks_25_25,2,0.7642199645675796,-0.9603438542755427,2.712355136871338
dinov2_b14,D,264,learned,0,0.7853111624785624,1.3890885514188458,2.7137820720672607
dinov2_b14,D,264,clicks_3_6,0,0.7078242217675321,-0.954911046150924,2.7137820720672607
dinov2_b14,D,264,clicks_3_6,1,0.5652036249057614,-2.0632709752784884,2.7137820720672607
dinov2_b14,D,264,clicks_3_6,2,0.5139253061544797,-3.5330356094861752,2.7137820720672607
dinov2_b14,D,264,clicks_25_25,0,0.7494070265365574,2.3119616796990723,2.7137820720672607
dinov2_b14,D,264,clicks_25_25,1,0.7743038355932055,1.7639075975474103,2.7137820720672607
dinov2_b14,D,264,clicks_25_25,2,0.71492529245484,3.7431153689223233,2.7137820720672607
dinov2_b14,D,328,learned,0,0.7137473460423182,-2.1006522723334786,2.709418296813965
dinov2_b14,D,328,clicks_3_6,0,0.5080096587464014,14.778009423574584,2.709418296813965
dinov2_b14,D,328,clicks_3_6,1,0.491106635110728,5.434116022871454,2.709418296813965
dinov2_b14,D,328,clicks_3_6,2,0.6387965666092772,-4.045541687859462,2.709418296813965
dinov2_b14,D,328,clicks_25_25,0,0.6647840546457487,5.459066697221552,2.709418296813965
dinov2_b14,D,328,clicks_25_25,1,0.5462703254940147,12.8074203663233,2.709418296813965
dinov2_b14,D,328,clicks_25_25,2,0.5272668367603162,14.539714833466547,2.709418296813965
dinov2_b14,D,360,learned,0,0.7857224986010716,-1.055619211572104,2.70866322517395
dinov2_b14,D,360,clicks_3_6,0,0.5981279188346336,6.842129973786145,2.70866322517395
dinov2_b14,D,360,clicks_3_6,1,0.5524016893373377,2.770407963647134,2.70866322517395
dinov2_b14,D,360,clicks_3_6,2,0.3050591040000992,-7.048811433490019,2.70866322517395
dinov2_b14,D,360,clicks_25_25,0,0.7936045162353212,0.44424943967179686,2.70866322517395
dinov2_b14,D,360,clicks_25_25,1,0.6746490021565066,7.437100713754729,2.70866322517395
dinov2_b14,D,360,clicks_25_25,2,0.7328052928118253,2.0744607714363976,2.70866322517395
dinov2_b14,D,392,learned,0,0.7663806927668966,-0.4186056910341893,2.723905086517334
dinov2_b14,D,392,clicks_3_6,0,0.48475927565308036,-3.2492328673712922,2.723905086517334
dinov2_b14,D,392,clicks_3_6,1,0.6313073144614542,-3.8227518402799125,2.723905086517334
dinov2_b14,D,392,clicks_3_6,2,0.5914401522348033,-3.548428565839263,2.723905086517334
dinov2_b14,D,392,clicks_25_25,0,0.6603187168040725,6.723379519654802,2.723905086517334
dinov2_b14,D,392,clicks_25_25,1,0.7650398877983244,-0.7642150095297708,2.723905086517334
dinov2_b14,D,392,clicks_25_25,2,0.7190687019927808,0.7565800137497014,2.723905086517334
dinov2_b14,E,48,learned,0,0.8934892551071014,1.0852635667560158,1.4453928470611572
dinov2_b14,E,48,clicks_3_6,0,0.8091643717533569,-0.2272823415849743,1.4453928470611572
dinov2_b14,E,48,clicks_3_6,1,0.724404302919443,-4.177610958777674,1.4453928470611572
dinov2_b14,E,48,clicks_3_6,2,0.8272039294160451,-6.936726288221696,1.4453928470611572
dinov2_b14,E,48,clicks_25_25,0,0.8487903007754621,2.439824019628581,1.4453928470611572
dinov2_b14,E,48,clicks_25_25,1,0.8609432589916887,-0.9647962342661778,1.4453928470611572
dinov2_b14,E,48,clicks_25_25,2,0.8678998340754815,-1.9006533886604942,1.4453928470611572
dinov2_b14,E,88,learned,0,0.9211551747961862,-0.6273338742986354,1.4546799659729004
dinov2_b14,E,88,clicks_3_6,0,0.7508451635041877,0.7493394967484406,1.4546799659729004
dinov2_b14,E,88,clicks_3_6,1,0.67799054223127,-9.897261459298768,1.4546799659729004
dinov2_b14,E,88,clicks_3_6,2,0.8280846397958861,-5.054820808448287,1.4546799659729004
dinov2_b14,E,88,clicks_25_25,0,0.8653100175306409,3.9033146302912343,1.4546799659729004
dinov2_b14,E,88,clicks_25_25,1,0.8624077671866022,-2.7111399113175843,1.4546799659729004
dinov2_b14,E,88,clicks_25_25,2,0.873585657239361,-1.3598483246099455,1.4546799659729004
dinov2_b14,E,128,learned,0,0.8996065898535692,0.867114821808336,1.3109192848205566
dinov2_b14,E,128,clicks_3_6,0,0.6811494810247885,-8.939483672974937,1.3109192848205566
dinov2_b14,E,128,clicks_3_6,1,0.805005132671789,-1.1242976744901547,1.3109192848205566
dinov2_b14,E,128,clicks_3_6,2,0.7916518952339086,3.6636298259040316,1.3109192848205566
dinov2_b14,E,128,clicks_25_25,0,0.8189238041157134,-2.491452876409941,1.3109192848205566
dinov2_b14,E,128,clicks_25_25,1,0.8407720607720973,2.0298697452976384,1.3109192848205566
dinov2_b14,E,128,clicks_25_25,2,0.8597316907388544,1.618569467251728,1.3109192848205566
dinov2_b14,E,168,learned,0,0.8768983150227646,2.1729307115744767,1.5365259647369385
dinov2_b14,E,168,clicks_3_6,0,0.7899470695226266,3.356644835768318,1.5365259647369385
dinov2_b14,E,168,clicks_3_6,1,0.5214706924434248,-11.576881809336651,1.5365259647369385
dinov2_b14,E,168,clicks_3_6,2,0.7571892963005421,7.982571174753584,1.5365259647369385
dinov2_b14,E,168,clicks_25_25,0,0.7990604582515884,3.7491972049271425,1.5365259647369385
dinov2_b14,E,168,clicks_25_25,1,0.7826850542453909,5.139522899368917,1.5365259647369385
dinov2_b14,E,168,clicks_25_25,2,0.8199478261283135,1.446088705490542,1.5365259647369385
dinov2_b14,E,208,learned,0,0.9018846652292922,0.20613085463544323,1.4766900539398193
dinov2_b14,E,208,clicks_3_6,0,0.825215699838483,-2.5828849859054195,1.4766900539398193
dinov2_b14,E,208,clicks_3_6,1,0.7433287502104495,-5.470351383884106,1.4766900539398193
dinov2_b14,E,208,clicks_3_6,2,0.676661711918842,-5.909244738086906,1.4766900539398193
dinov2_b14,E,208,clicks_25_25,0,0.7161800044949259,11.608512896638452,1.4766900539398193
dinov2_b14,E,208,clicks_25_25,1,0.8265698729582577,-2.4205953951290056,1.4766900539398193
dinov2_b14,E,208,clicks_25_25,2,0.8105863347964248,3.3044391202519705,1.4766900539398193
dinov2_b14,E,257,learned,0,0.8287372202265819,0.7715485580454491,1.4081966876983643
dinov2_b14,E,257,clicks_3_6,0,0.5852499156745412,1.9803560372112337,1.4081966876983643
dinov2_b14,E,257,clicks_3_6,1,0.7191963898868841,0.04384126385903109,1.4081966876983643
dinov2_b14,E,257,clicks_3_6,2,0.7395049740761775,-2.5646177926308216,1.4081966876983643
dinov2_b14,E,257,clicks_25_25,0,0.7526956502540411,6.033269366109167,1.4081966876983643
dinov2_b14,E,257,clicks_25_25,1,0.7507664040422196,0.08066407977571721,1.4081966876983643
dinov2_b14,E,257,clicks_25_25,2,0.7352080543569905,8.028623730430066,1.4081966876983643
dinov2_b14,E,297,learned,0,0.7267504329236097,-4.500940279738028,1.391824722290039
dinov2_b14,E,297,clicks_3_6,0,0.7457157179651173,-2.7297916770821704,1.391824722290039
dinov2_b14,E,297,clicks_3_6,1,0.4803804673052782,-9.171573170684809,1.391824722290039
dinov2_b14,E,297,clicks_3_6,2,0.6977229263645214,11.036557460898592,1.391824722290039
dinov2_b14,E,297,clicks_25_25,0,0.7963648264229791,0.01307546465971221,1.391824722290039
dinov2_b14,E,297,clicks_25_25,1,0.7817952265187433,-1.9070949778678532,1.391824722290039
dinov2_b14,E,297,clicks_25_25,2,0.7857362345560909,2.625668675416975,1.391824722290039
dinov2_b14,E,337,learned,0,0.6681852213172402,-0.02432420999196161,1.4008381366729736
dinov2_b14,E,337,clicks_3_6,0,0.6153236890535094,-4.704282983821035,1.4008381366729736
dinov2_b14,E,337,clicks_3_6,1,0.6801312743048531,-4.104349899434293,1.4008381366729736
dinov2_b14,E,337,clicks_3_6,2,0.781775020023739,-1.2867795515115628,1.4008381366729736
dinov2_b14,E,337,clicks_25_25,0,0.7941727629824498,0.13017778786212375,1.4008381366729736
dinov2_b14,E,337,clicks_25_25,1,0.7764891884727534,-0.9020147752750649,1.4008381366729736
dinov2_b14,E,337,clicks_25_25,2,0.7907081027138002,0.6565613835379907,1.4008381366729736
dinov2_b14,E,377,learned,0,0.51003793177784,1.09824288829323,1.3906466960906982
dinov2_b14,E,377,clicks_3_6,0,0.6188095350931235,-3.6334408854397005,1.3906466960906982
dinov2_b14,E,377,clicks_3_6,1,0.5718788288478601,2.892946555961066,1.3906466960906982
dinov2_b14,E,377,clicks_3_6,2,0.7117510630073444,0.03461152409923507,1.3906466960906982
dinov2_b14,E,377,clicks_25_25,0,0.7953280166674037,-0.29698610539593595,1.3906466960906982
dinov2_b14,E,377,clicks_25_25,1,0.7335460316416144,-2.324932988243618,1.3906466960906982
dinov2_b14,E,377,clicks_25_25,2,0.6902042187612488,-3.8376488776251874,1.3906466960906982
dinov2_b14,E,417,learned,0,0.4861002776824436,-6.906537347757365,1.4015979766845703
dinov2_b14,E,417,clicks_3_6,0,0.6362976068535245,5.578993112306705,1.4015979766845703
dinov2_b14,E,417,clicks_3_6,1,0.42453972709347115,-3.405293255752243,1.4015979766845703
dinov2_b14,E,417,clicks_3_6,2,0.5085943930663827,-7.524641482296205,1.4015979766845703
dinov2_b14,E,417,clicks_25_25,0,0.6477498758621482,8.101115644793467,1.4015979766845703
dinov2_b14,E,417,clicks_25_25,1,0.7418977370081702,2.211291817451132,1.4015979766845703
dinov2_b14,E,417,clicks_25_25,2,0.6379327994904227,8.414638367259037,1.4015979766845703
dinov2_b14,F,29,learned,0,0.8068316714150048,1.5600322320709115,2.7690348625183105
dinov2_b14,F,29,clicks_3_6,0,0.6808935470297977,1.0135643298415271,2.7690348625183105
dinov2_b14,F,29,clicks_3_6,1,0.5862130370692811,-2.9662906258393757,2.7690348625183105
dinov2_b14,F,29,clicks_3_6,2,0.5994236792301256,-0.450745366639806,2.7690348625183105
dinov2_b14,F,29,clicks_25_25,0,0.6751196636481241,4.221326886919153,2.7690348625183105
dinov2_b14,F,29,clicks_25_25,1,0.7407828945103416,0.03730190706419556,2.7690348625183105
dinov2_b14,F,29,clicks_25_25,2,0.6822465236640269,0.6886919151222148,2.7690348625183105
dinov2_b14,F,53,learned,0,0.8435777971836769,0.6753626107977446,2.090193033218384
dinov2_b14,F,53,clicks_3_6,0,0.4944990982489715,11.17774644104217,2.090193033218384
dinov2_b14,F,53,clicks_3_6,1,0.4414499784873577,-6.55919285522428,2.090193033218384
dinov2_b14,F,53,clicks_3_6,2,0.549672229184363,-1.6500134300295448,2.090193033218384
dinov2_b14,F,53,clicks_25_25,0,0.5842115117315706,7.799254633360196,2.090193033218384
dinov2_b14,F,53,clicks_25_25,1,0.644528978792693,4.454505774912706,2.090193033218384
dinov2_b14,F,53,clicks_25_25,2,0.6943703098081584,3.717902229384906,2.090193033218384
dinov2_b14,F,77,learned,0,0.8750460087511533,0.06644507117915666,2.089215040206909
dinov2_b14,F,77,clicks_3_6,0,0.5530442571048096,10.912872683319906,2.089215040206909
dinov2_b14,F,77,clicks_3_6,1,0.424873624855027,-7.277162234756916,2.089215040206909
dinov2_b14,F,77,clicks_3_6,2,0.4802393748515144,-4.588604619930163,2.089215040206909
dinov2_b14,F,77,clicks_25_25,0,0.7343385368820622,1.0323327961321525,2.089215040206909
dinov2_b14,F,77,clicks_25_25,1,0.7529716649841312,3.770380069836154,2.089215040206909
dinov2_b14,F,77,clicks_25_25,2,0.7722897485487489,2.3450510341122754,2.089215040206909
dinov2_b14,F,100,learned,0,0.8717497997184391,0.633293043244695,2.1076531410217285
dinov2_b14,F,100,clicks_3_6,0,0.7253923930421297,-1.2190437818963202,2.1076531410217285
dinov2_b14,F,100,clicks_3_6,1,0.6687931417215462,-3.9286193929626645,2.1076531410217285
dinov2_b14,F,100,clicks_3_6,2,0.7940285726631026,0.4614558152027932,2.1076531410217285
dinov2_b14,F,100,clicks_25_25,0,0.774251459286944,2.5549959709911363,2.1076531410217285
dinov2_b14,F,100,clicks_25_25,1,0.7267641952527295,3.0534515175933397,2.1076531410217285
dinov2_b14,F,100,clicks_25_25,2,0.7498399367114142,2.50715149073328,2.1076531410217285
dinov2_b14,F,124,learned,0,0.8587865123999703,-0.24798549556808958,2.0727341175079346
dinov2_b14,F,124,clicks_3_6,0,0.6124033016470363,3.0443526725758794,2.0727341175079346
dinov2_b14,F,124,clicks_3_6,1,0.6971161376781747,-2.2250201450443186,2.0727341175079346
dinov2_b14,F,124,clicks_3_6,2,0.6378636702621492,1.642257587966693,2.0727341175079346
dinov2_b14,F,124,clicks_25_25,0,0.729712096332786,1.535522428149342,2.0727341175079346
dinov2_b14,F,124,clicks_25_25,1,0.7694009456469874,-1.4157937147461723,2.0727341175079346
dinov2_b14,F,124,clicks_25_25,2,0.7011999313748246,2.8347099113618057,2.0727341175079346
dinov2_b14,F,154,learned,0,0.8294949791844564,0.8093271555197417,2.0907788276672363
dinov2_b14,F,154,clicks_3_6,0,0.8026649176330349,-0.10445205479452024,2.0907788276672363
dinov2_b14,F,154,clicks_3_6,1,0.701520853120454,1.5220588235294121,2.0907788276672363
dinov2_b14,F,154,clicks_3_6,2,0.7234539853497319,1.923515981735159,2.0907788276672363
dinov2_b14,F,154,clicks_25_25,0,0.8143916676391011,-0.06919822723610025,2.0907788276672363
dinov2_b14,F,154,clicks_25_25,1,0.7963804538082315,0.10361267794789164,2.0907788276672363
dinov2_b14,F,154,clicks_25_25,2,0.8187816358045129,0.23458904109588996,2.0907788276672363
dinov2_b14,F,178,learned,0,0.8114977290227544,0.4307681976900346,2.0985991954803467
dinov2_b14,F,178,clicks_3_6,0,0.7141507054705493,0.5109118990061781,2.0985991954803467
dinov2_b14,F,178,clicks_3_6,1,0.6604280472451677,-2.242982809562181,2.0985991954803467
dinov2_b14,F,178,clicks_3_6,2,0.7004116462478276,-0.64984555466022,2.0985991954803467
dinov2_b14,F,178,clicks_25_25,0,0.8137194642970346,0.5777262959978513,2.0985991954803467
dinov2_b14,F,178,clicks_25_25,1,0.7317514323399161,1.3531090518399136,2.0985991954803467
dinov2_b14,F,178,clicks_25_25,2,0.7562890398334301,0.200040290088638,2.0985991954803467
dinov2_b14,F,202,learned,0,0.8330222941527216,0.35720521085146384,2.1047120094299316
dinov2_b14,F,202,clicks_3_6,0,0.43578430036256294,13.214376846629063,2.1047120094299316
dinov2_b14,F,202,clicks_3_6,1,0.5684121413076069,-3.1317821649207627,2.1047120094299316
dinov2_b14,F,202,clicks_3_6,2,0.545869913269271,8.865901154982541,2.1047120094299316
dinov2_b14,F,202,clicks_25_25,0,0.809049925474592,0.16710314262691384,2.1047120094299316
dinov2_b14,F,202,clicks_25_25,1,0.7809977734483718,-1.0691646521622342,2.1047120094299316
dinov2_b14,F,202,clicks_25_25,2,0.7559364019583349,-0.017929089443996737,2.1047120094299316
dinov2_b14,F,225,learned,0,0.8440068401167475,0.598240666129465,2.0953431129455566
dinov2_b14,F,225,clicks_3_6,0,0.6411099654678553,-1.3445138329304323,2.0953431129455566
dinov2_b14,F,225,clicks_3_6,1,0.7222165742572709,-1.522260273972603,2.0953431129455566
dinov2_b14,F,225,clicks_3_6,2,0.4632593236742079,-4.827088369594414,2.0953431129455566
dinov2_b14,F,225,clicks_25_25,0,0.7910145603031623,2.1658272898200375,2.0953431129455566
dinov2_b14,F,225,clicks_25_25,1,0.7692583359301963,-1.4732070910556008,2.0953431129455566
dinov2_b14,F,225,clicks_25_25,2,0.820282877200886,-0.0928686543110393,2.0953431129455566
dinov2_b14,F,249,learned,0,0.8213965774412507,-0.09404378189632023,2.073057174682617
dinov2_b14,F,249,clicks_3_6,0,0.6422109039674807,-3.6033776524308347,2.073057174682617
dinov2_b14,F,249,clicks_3_6,1,0.6713867346033217,0.08860461993016422,2.073057174682617
dinov2_b14,F,249,clicks_3_6,2,0.5801927709049213,2.614088100993822,2.073057174682617
dinov2_b14,F,249,clicks_25_25,0,0.761363073582354,2.2035320977706156,2.073057174682617
dinov2_b14,F,249,clicks_25_25,1,0.7213047484397558,2.577692720923986,2.073057174682617
dinov2_b14,F,249,clicks_25_25,2,0.7594487125043431,0.23146655922643067,2.073057174682617
dinov2_l14,A,25,learned,0,0.8068693140510482,0.37452053071747393,5.138362884521484
dinov2_l14,A,25,clicks_3_6,0,0.6600508590212739,-2.922844746274288,5.138362884521484
dinov2_l14,A,25,clicks_3_6,1,0.5995278649335126,-4.183990442054959,5.138362884521484
dinov2_l14,A,25,clicks_3_6,2,0.557119790763154,-6.378167641325537,5.138362884521484
dinov2_l14,A,25,clicks_25_25,0,0.7065212824068238,-1.2830283594290393,5.138362884521484
dinov2_l14,A,25,clicks_25_25,1,0.7329283332572055,-0.4473369804439411,5.138362884521484
dinov2_l14,A,25,clicks_25_25,2,0.771236341079353,1.128843614412375,5.138362884521484
dinov2_l14,A,46,learned,0,0.8110040735670296,2.4094824875809593,4.434845924377441
dinov2_l14,A,46,clicks_3_6,0,0.6875150541951024,-2.567817392944727,4.434845924377441
dinov2_l14,A,46,clicks_3_6,1,0.674373341197287,10.751682072564925,4.434845924377441
dinov2_l14,A,46,clicks_3_6,2,0.6867088163307329,-0.7564610450858318,4.434845924377441
dinov2_l14,A,46,clicks_25_25,0,0.6975416228101948,1.8825378859334716,4.434845924377441
dinov2_l14,A,46,clicks_25_25,1,0.6939450794622383,0.7237628120480419,4.434845924377441
dinov2_l14,A,46,clicks_25_25,2,0.7230652203196437,4.113437716154184,4.434845924377441
dinov2_l14,A,66,learned,0,0.7803868785070528,3.274602276300069,4.486278772354126
dinov2_l14,A,66,clicks_3_6,0,0.5461244525265491,-3.2198956171791497,4.486278772354126
dinov2_l14,A,66,clicks_3_6,1,0.6782455599815137,4.190278563792994,4.486278772354126
dinov2_l14,A,66,clicks_3_6,2,0.6240603836815117,8.041501603471044,4.486278772354126
dinov2_l14,A,66,clicks_25_25,0,0.6841726769981286,5.522102747909198,4.486278772354126
dinov2_l14,A,66,clicks_25_25,1,0.7047785039941903,1.5939130981575804,4.486278772354126
dinov2_l14,A,66,clicks_25_25,2,0.6916083505912821,3.491290951392818,4.486278772354126
dinov2_l14,A,87,learned,0,0.7729821006416752,2.2646041627365907,4.418456077575684
dinov2_l14,A,87,clicks_3_6,0,0.5745300881387765,2.7017543859649127,4.418456077575684
dinov2_l14,A,87,clicks_3_6,1,0.6141172805482997,-0.9485002829654778,4.418456077575684
dinov2_l14,A,87,clicks_3_6,2,0.6433771657542751,-1.8848016097591653,4.418456077575684
dinov2_l14,A,87,clicks_25_25,0,0.688753141659247,0.37678425454316766,4.418456077575684
dinov2_l14,A,87,clicks_25_25,1,0.7099748113632446,0.677230711186569,4.418456077575684
dinov2_l14,A,87,clicks_25_25,2,0.6917069054427828,4.886122115324152,4.418456077575684
dinov2_l14,A,107,learned,0,0.8143226209543455,0.9584355153115762,4.127901077270508
dinov2_l14,A,107,clicks_3_6,0,0.4941706507542806,-3.4121863799283165,4.127901077270508
dinov2_l14,A,107,clicks_3_6,1,0.6654834168841213,-1.8002892535999493,4.127901077270508
dinov2_l14,A,107,clicks_3_6,2,0.7205657768592254,1.701188455008488,4.127901077270508
dinov2_l14,A,107,clicks_25_25,0,0.698644556663838,2.7168458781361995,4.127901077270508
dinov2_l14,A,107,clicks_25_25,1,0.6934908244256802,4.386216437150225,4.127901077270508
dinov2_l14,A,107,clicks_25_25,2,0.7017871031225964,4.864113689241023,4.127901077270508
dinov2_l14,A,133,learned,0,0.7598146427602763,0.2632207759542222,4.455946922302246
dinov2_l14,A,133,clicks_3_6,0,0.5857561690691424,-2.9989310193045338,4.455946922302246
dinov2_l14,A,133,clicks_3_6,1,0.6110528695427513,3.7823052254291643,4.455946922302246
dinov2_l14,A,133,clicks_3_6,2,0.5227520766385739,-4.936175564358926,4.455946922302246
dinov2_l14,A,133,clicks_25_25,0,0.6895026096574609,3.9392567440105637,4.455946922302246
dinov2_l14,A,133,clicks_25_25,1,0.7006750724209472,-1.9501980758347486,4.455946922302246
dinov2_l14,A,133,clicks_25_25,2,0.6998570328824371,1.3413821291580206,4.455946922302246
dinov2_l14,A,154,learned,0,0.7553639484883166,1.9787461485254347,4.128514051437378
dinov2_l14,A,154,clicks_3_6,0,0.5506986303470912,-4.2590706156071185,4.128514051437378
dinov2_l14,A,154,clicks_3_6,1,0.6535832585551752,2.046154813557191,4.128514051437378
dinov2_l14,A,154,clicks_3_6,2,0.533066330440802,-5.397346412626549,4.128514051437378
dinov2_l14,A,154,clicks_25_25,0,0.692965304481957,2.496635854870151,4.128514051437378
dinov2_l14,A,154,clicks_25_25,1,0.7083517898379962,0.6354775828460042,4.128514051437378
dinov2_l14,A,154,clicks_25_25,2,0.694673452468681,1.1861912846632716,4.128514051437378
dinov2_l14,A,174,learned,0,0.7755451154484841,2.375400867760801,4.443321943283081
dinov2_l14,A,174,clicks_3_6,0,0.6925198680627809,0.6387474061497844,4.443321943283081
dinov2_l14,A,174,clicks_3_6,1,0.6840302821453949,-4.22725271961265,4.443321943283081
dinov2_l14,A,174,clicks_3_6,2,0.6207000634907418,-3.600830032069421,4.443321943283081
dinov2_l14,A,174,clicks_25_25,0,0.7048469048808089,-0.3172986229013386,4.443321943283081
dinov2_l14,A,174,clicks_25_25,1,0.7118381966871175,7.203672263095013,4.443321943283081
dinov2_l14,A,174,clicks_25_25,2,0.7318559556786703,0.38156322706407586,4.443321943283081
dinov2_l14,A,195,learned,0,0.7389150324993445,0.7470288624787749,4.125986099243164
dinov2_l14,A,195,clicks_3_6,0,0.659491040416062,-1.9964786518267008,4.125986099243164
dinov2_l14,A,195,clicks_3_6,1,0.4661214677947727,-9.024335031126204,4.125986099243164
dinov2_l14,A,195,clicks_3_6,2,0.4679458441674886,-10.458152549833365,4.125986099243164
dinov2_l14,A,195,clicks_25_25,0,0.6934566062998488,7.877255863673518,4.125986099243164
dinov2_l14,A,195,clicks_25_25,1,0.6869388809435305,4.217317487266552,4.125986099243164
dinov2_l14,A,195,clicks_25_25,2,0.614955616714474,16.20524429352952,4.125986099243164
dinov2_l14,A,216,learned,0,0.5922571465114792,-6.740111928566938,4.429883003234863
dinov2_l14,A,216,clicks_3_6,0,0.5005713331232751,-5.07665220398667,4.429883003234863
dinov2_l14,A,216,clicks_3_6,1,0.5511481614522643,19.212727158397783,4.429883003234863
dinov2_l14,A,216,clicks_3_6,2,0.5146846562773408,-9.887316858454382,4.429883003234863
dinov2_l14,A,216,clicks_25_25,0,0.615549340947315,13.241023706218954,4.429883003234863
dinov2_l14,A,216,clicks_25_25,1,0.6191868616062487,8.890020750801735,4.429883003234863
dinov2_l14,A,216,clicks_25_25,2,0.5514243085045335,16.58353769728982,4.429883003234863
dinov2_l14,C,63,learned,0,0.8641094041905388,-0.6054970561594208,6.589946031570435
dinov2_l14,C,63,clicks_3_6,0,0.5973729603799048,-1.0890794836956523,6.589946031570435
dinov2_l14,C,63,clicks_3_6,1,0.7168458074158844,0.8864356884057969,6.589946031570435
dinov2_l14,C,63,clicks_3_6,2,0.6512251998183625,-2.29979053442029,6.589946031570435
dinov2_l14,C,63,clicks_25_25,0,0.6602371431665539,3.2628793025362324,6.589946031570435
dinov2_l14,C,63,clicks_25_25,1,0.8126244486022152,-0.22710031702898537,6.589946031570435
dinov2_l14,C,63,clicks_25_25,2,0.7174142505301395,1.31640625,6.589946031570435
dinov2_l14,C,115,learned,0,0.8612098052425453,-0.13680366847826075,5.343713998794556
dinov2_l14,C,115,clicks_3_6,0,0.585033331303485,5.541610054347826,5.343713998794556
dinov2_l14,C,115,clicks_3_6,1,0.534321937903625,-0.1420686141304346,5.343713998794556
dinov2_l14,C,115,clicks_3_6,2,0.8175340474610547,0.48697916666666696,5.343713998794556
dinov2_l14,C,115,clicks_25_25,0,0.7981069574752562,-0.3759341032608692,5.343713998794556
dinov2_l14,C,115,clicks_25_25,1,0.8492010146021947,-0.02941009963768071,5.343713998794556
dinov2_l14,C,115,clicks_25_25,2,0.6574950548004517,3.07416213768116,5.343713998794556
dinov2_l14,C,166,learned,0,0.8534085775202708,0.5091428894927539,5.310795783996582
dinov2_l14,C,166,clicks_3_6,0,0.7437657141180039,1.3687160326086953,5.310795783996582
dinov2_l14,C,166,clicks_3_6,1,0.7786282181436572,-0.27870244565217384,5.310795783996582
dinov2_l14,C,166,clicks_3_6,2,0.5264654590017125,-2.9981317934782608,5.310795783996582
dinov2_l14,C,166,clicks_25_25,0,0.8055092939296054,-0.07489809782608692,5.310795783996582
dinov2_l14,C,166,clicks_25_25,1,0.8131436337478747,-0.24909420289855078,5.310795783996582
dinov2_l14,C,166,clicks_25_25,2,0.7028765289277683,0.68362205615942,5.310795783996582
dinov2_l14,C,218,learned,0,0.8334689467071988,0.9492753623188404,5.307229280471802
dinov2_l14,C,218,clicks_3_6,0,0.6897791039949434,-0.04503509963768115,5.307229280471802
dinov2_l14,C,218,clicks_3_6,1,0.7149481701561872,-0.8499773550724639,5.307229280471802
dinov2_l14,C,218,clicks_3_6,2,0.7083456721305764,2.002151268115942,5.307229280471802
dinov2_l14,C,218,clicks_25_25,0,0.8311878637534587,-0.3307574728260869,5.307229280471802
dinov2_l14,C,218,clicks_25_25,1,0.8120387247138973,-0.16910099637681153,5.307229280471802
dinov2_l14,C,218,clicks_25_25,2,0.8036167315814258,0.006765172101449224,5.307229280471802
dinov2_l14,C,270,learned,0,0.6530246106805434,1.8964277626811594,5.43250298500061
dinov2_l14,C,270,clicks_3_6,0,0.6769132445925204,1.4306216032608694,5.43250298500061
dinov2_l14,C,270,clicks_3_6,1,0.7386855455874345,0.9650418931159421,5.43250298500061
dinov2_l14,C,270,clicks_3_6,2,0.610395503012276,0.5189085144927537,5.43250298500061
dinov2_l14,C,270,clicks_25_25,0,0.7375417745133771,0.6094033061594202,5.43250298500061
dinov2_l14,C,270,clicks_25_25,1,0.7216997020339422,0.39707880434782594,5.43250298500061
dinov2_l14,C,270,clicks_25_25,2,0.575420161241663,2.1258208786231885,5.43250298500061
dinov2_l14,C,334,learned,0,0.8299536277925804,1.2742866847826084,5.388149976730347
dinov2_l14,C,334,clicks_3_6,0,0.589624553915519,5.142323369565218,5.388149976730347
dinov2_l14,C,334,clicks_3_6,1,0.6804904485613934,2.646427762681159,5.388149976730347
dinov2_l14,C,334,clicks_3_6,2,0.6477145630170541,-1.4398777173913042,5.388149976730347
dinov2_l14,C,334,clicks_25_25,0,0.8121836306359049,-0.45705955615941996,5.388149976730347
dinov2_l14,C,334,clicks_25_25,1,0.8071757628312829,0.26967278079710155,5.388149976730347
dinov2_l14,C,334,clicks_25_25,2,0.7701185473248447,0.5586503623188408,5.388149976730347
dinov2_l14,C,386,learned,0,0.7848455057320908,-0.2883548460144931,5.355900287628174
dinov2_l14,C,386,clicks_3_6,0,0.7910527404793797,-0.3429574275362324,5.355900287628174
dinov2_l14,C,386,clicks_3_6,1,0.7752334334476199,-0.35411005434782616,5.355900287628174
dinov2_l14,C,386,clicks_3_6,2,0.7711399789342912,-0.2591145833333339,5.355900287628174
dinov2_l14,C,386,clicks_25_25,0,0.77402011879766,0.6112432065217392,5.355900287628174
dinov2_l14,C,386,clicks_25_25,1,0.7846758434084222,-0.19497282608695699,5.355900287628174
dinov2_l14,C,386,clicks_25_25,2,0.7983326506517601,1.00786911231884,5.355900287628174
dinov2_l14,C,438,learned,0,0.8265359621222101,-0.702473958333333,5.370239973068237
dinov2_l14,C,438,clicks_3_6,0,0.6674253305193306,2.6241791213768124,5.370239973068237
dinov2_l14,C,438,clicks_3_6,1,0.6761846145787637,-2.5841259057971016,5.370239973068237
dinov2_l14,C,438,clicks_3_6,2,0.5876390933734369,-2.271173007246377,5.370239973068237
dinov2_l14,C,438,clicks_25_25,0,0.7813128555660339,0.7456691576086953,5.370239973068237
dinov2_l14,C,438,clicks_25_25,1,0.7599951185088105,-0.5609148550724639,5.370239973068237
dinov2_l14,C,438,clicks_25_25,2,0.7577065892190591,0.3871716485507246,5.370239973068237
dinov2_l14,C,489,learned,0,0.7694883163466925,-2.1934442934782608,5.33712100982666
dinov2_l14,C,489,clicks_3_6,0,0.6488173936938175,-2.662788722826087,5.33712100982666
dinov2_l14,C,489,clicks_3_6,1,0.746776482327394,-1.3866055253623184,5.33712100982666
dinov2_l14,C,489,clicks_3_6,2,0.7793769254913564,-1.0714164402173907,5.33712100982666
dinov2_l14,C,489,clicks_25_25,0,0.8060974828668417,0.23796988224637694,5.33712100982666
dinov2_l14,C,489,clicks_25_25,1,0.7356802242299846,-1.5358639039855069,5.33712100982666
dinov2_l14,C,489,clicks_25_25,2,0.8191353855242833,-0.1854336503623184,5.33712100982666
dinov2_l14,C,541,learned,0,0.8236628825234872,-1.5211730072463778,5.699920892715454
dinov2_l14,C,541,clicks_3_6,0,0.7694083694083694,-1.588230298913044,5.699920892715454
dinov2_l14,C,541,clicks_3_6,1,0.6792288084704844,1.6877264492753614,5.699920892715454
dinov2_l14,C,541,clicks_3_6,2,0.5671449770752601,-4.029693161231885,5.699920892715454
dinov2_l14,C,541,clicks_25_25,0,0.7722388975049976,2.4097599637681153,5.699920892715454
dinov2_l14,C,541,clicks_25_25,1,0.6989253014738722,3.4900362318840568,5.699920892715454
dinov2_l14,C,541,clicks_25_25,2,0.7420171035185539,2.764605978260869,5.699920892715454
dinov2_l14,D,48,learned,0,0.7920244057556245,1.259696053389078,6.898501873016357
dinov2_l14,D,48,clicks_3_6,0,0.7692178739518281,-0.2538775829593156,6.898501873016357
dinov2_l14,D,48,clicks_3_6,1,0.7374310708058591,-1.0010004862698625,6.898501873016357
dinov2_l14,D,48,clicks_3_6,2,0.7139400041300332,1.7573569276687548,6.898501873016357
dinov2_l14,D,48,clicks_25_25,0,0.7694821062038343,-0.3826217211717422,6.898501873016357
dinov2_l14,D,48,clicks_25_25,1,0.7695525379187129,-0.529285183301381,6.898501873016357
dinov2_l14,D,48,clicks_25_25,2,0.7841226760754512,1.5429622218620205,6.898501873016357
dinov2_l14,D,72,learned,0,0.8729826804037766,0.044222610989698374,6.577250003814697
dinov2_l14,D,72,clicks_3_6,0,0.7831662439102951,-0.6119622386299488,6.577250003814697
dinov2_l14,D,72,clicks_3_6,1,0.7805098060889338,-1.5015566224924966,6.577250003814697
dinov2_l14,D,72,clicks_3_6,2,0.5483195738774628,-2.9057698434434607,6.577250003814697
dinov2_l14,D,72,clicks_25_25,0,0.8248277913815594,0.8489489304857676,6.577250003814697
dinov2_l14,D,72,clicks_25_25,1,0.847935952739153,0.16007780317808074,6.577250003814697
dinov2_l14,D,72,clicks_25_25,2,0.7984508348719044,0.9945057094789087,6.577250003814697
dinov2_l14,D,104,learned,0,0.7485859486377899,0.19324476142035518,6.638303995132446
dinov2_l14,D,104,clicks_3_6,0,0.27562493457440784,-3.573245096778881,6.638303995132446
dinov2_l14,D,104,clicks_3_6,1,0.7320307707179958,0.9944162805385863,6.638303995132446
dinov2_l14,D,104,clicks_3_6,2,0.6881625764527264,-0.579231246471748,6.638303995132446
dinov2_l14,D,104,clicks_25_25,0,0.7679561354105091,0.37146546086645404,6.638303995132446
dinov2_l14,D,104,clicks_25_25,1,0.7629692153486833,-0.05309843331675168,6.638303995132446
dinov2_l14,D,104,clicks_25_25,2,0.7348848297430455,2.5610659929686497,6.638303995132446
dinov2_l14,D,168,learned,0,0.8546776719787187,-0.22484671320697913,6.824435234069824
dinov2_l14,D,168,clicks_3_6,0,0.6765007193917947,1.485314091206341,6.824435234069824
dinov2_l14,D,168,clicks_3_6,1,0.723468234691084,-2.8570981426726965,6.824435234069824
dinov2_l14,D,168,clicks_3_6,2,0.5140856285588914,8.182233823143092,6.824435234069824
dinov2_l14,D,168,clicks_25_25,0,0.8298100932766519,-0.8761576855790256,6.824435234069824
dinov2_l14,D,168,clicks_25_25,1,0.838773150382293,-0.257857170803689,6.824435234069824
dinov2_l14,D,168,clicks_25_25,2,0.8132078372231069,1.7140397846998248,6.824435234069824
dinov2_l14,D,200,learned,0,0.8487461706909137,0.2043451286379412,6.588979244232178
dinov2_l14,D,200,clicks_3_6,0,0.4374342199295747,-5.4799148189343425,6.588979244232178
dinov2_l14,D,200,clicks_3_6,1,0.4329255323747849,-6.315695337957555,6.588979244232178
dinov2_l14,D,200,clicks_3_6,2,0.7109927395837494,-1.33559886648818,6.588979244232178
dinov2_l14,D,200,clicks_25_25,0,0.7553636200979196,4.121511572663808,6.588979244232178
dinov2_l14,D,200,clicks_25_25,1,0.7703004677522782,-1.4811780027164048,6.588979244232178
dinov2_l14,D,200,clicks_25_25,2,0.800418251636049,2.457339600811567,6.588979244232178
dinov2_l14,D,232,learned,0,0.8497252224403841,0.2917172033334623,6.567397832870483
dinov2_l14,D,232,clicks_3_6,0,0.5842334197398976,-1.3977743372477116,6.567397832870483
dinov2_l14,D,232,clicks_3_6,1,0.5518653033184134,-4.318534706812808,6.567397832870483
dinov2_l14,D,232,clicks_3_6,2,0.6789149973304756,-1.222504792832268,6.567397832870483
dinov2_l14,D,232,clicks_25_25,0,0.7841163804843644,0.873240066400987,6.567397832870483
dinov2_l14,D,232,clicks_25_25,1,0.7784439418500818,0.29389703375383647,6.567397832870483
dinov2_l14,D,232,clicks_25_25,2,0.7820001066263755,1.0882160603198194,6.567397832870483
dinov2_l14,D,264,learned,0,0.8000268131468057,0.8267258388155128,6.661980867385864
dinov2_l14,D,264,clicks_3_6,0,0.7318663357115978,-2.646280594478882,6.661980867385864
dinov2_l14,D,264,clicks_3_6,1,0.5290330003874174,-2.000033535852622,6.661980867385864
dinov2_l14,D,264,clicks_3_6,2,0.6259194017323828,-4.004907413100223,6.661980867385864
dinov2_l14,D,264,clicks_25_25,0,0.7987974356113247,0.28152230413664725,6.661980867385864
dinov2_l14,D,264,clicks_25_25,1,0.7934939487007292,1.9585273289252303,6.661980867385864
dinov2_l14,D,264,clicks_25_25,2,0.7525642096141217,2.4633648756658246,6.661980867385864
dinov2_l14,D,328,learned,0,0.6896318886390788,-3.887386606898324,6.660083055496216
dinov2_l14,D,328,clicks_3_6,0,0.6560775740743469,6.1123227490456244,6.660083055496216
dinov2_l14,D,328,clicks_3_6,1,0.4721727544733758,5.352456221739057,6.660083055496216
dinov2_l14,D,328,clicks_3_6,2,0.5743068070710959,-5.559294182088501,6.660083055496216
dinov2_l14,D,328,clicks_25_25,0,0.6926918614680544,4.473280309424135,6.660083055496216
dinov2_l14,D,328,clicks_25_25,1,0.6532296756236268,8.067418242385962,6.660083055496216
dinov2_l14,D,328,clicks_25_25,2,0.7151031793211899,4.1158663708059215,6.660083055496216
dinov2_l14,D,360,learned,0,0.7783200953823647,-2.064243515004499,6.87465763092041
dinov2_l14,D,360,clicks_3_6,0,0.724102122245721,-2.6340623655072566,6.87465763092041
dinov2_l14,D,360,clicks_3_6,1,0.5681483628266527,5.797778808694728,6.87465763092041
dinov2_l14,D,360,clicks_3_6,2,0.3045526962438906,-8.2249361421473,6.87465763092041
dinov2_l14,D,360,clicks_25_25,0,0.8110339924728761,-2.162805385857931,6.87465763092041
dinov2_l14,D,360,clicks_25_25,1,0.8125122772520095,0.9491987725877955,6.87465763092041
dinov2_l14,D,360,clicks_25_25,2,0.795760476570468,0.08700318031669063,6.87465763092041
dinov2_l14,D,392,learned,0,0.7530743381284817,-2.812182457395493,7.41932487487793
dinov2_l14,D,392,clicks_3_6,0,0.5101702073157646,-5.270203953877024,7.41932487487793
dinov2_l14,D,392,clicks_3_6,1,0.6873251289797938,-3.4168003443014197,7.41932487487793
dinov2_l14,D,392,clicks_3_6,2,0.6815749376390067,-3.6318210526904133,7.41932487487793
dinov2_l14,D,392,clicks_25_25,0,0.7623082532940455,3.4407002286027275,7.41932487487793
dinov2_l14,D,392,clicks_25_25,1,0.7849551584746008,-1.575905607753488,7.41932487487793
dinov2_l14,D,392,clicks_25_25,2,0.7735061225582451,-0.23154270511365738,7.41932487487793
dinov2_l14,E,48,learned,0,0.9031583032561028,2.1463952097650676,5.605368137359619
dinov2_l14,E,48,clicks_3_6,0,0.7105400593232472,-12.106630414299943,5.605368137359619
dinov2_l14,E,48,clicks_3_6,1,0.7610747324533954,1.967857431286511,5.605368137359619
dinov2_l14,E,48,clicks_3_6,2,0.7844966916045815,-10.413069311499871,5.605368137359619
dinov2_l14,E,48,clicks_25_25,0,0.8043118001455852,2.290129177899388,5.605368137359619
dinov2_l14,E,48,clicks_25_25,1,0.8688944802376903,-2.737483126882001,5.605368137359619
dinov2_l14,E,48,clicks_25_25,2,0.8665298773083204,-2.3867530160097523,5.605368137359619
dinov2_l14,E,88,learned,0,0.9260746628193072,-0.06133931215364541,4.108932018280029
dinov2_l14,E,88,clicks_3_6,0,0.7387218595392137,-7.222848220775376,4.108932018280029
dinov2_l14,E,88,clicks_3_6,1,0.7388371675514862,-7.287264112848952,4.108932018280029
dinov2_l14,E,88,clicks_3_6,2,0.7683647460881691,-9.299347380484484,4.108932018280029
dinov2_l14,E,88,clicks_25_25,0,0.8791236780963608,-0.8846128701029485,4.108932018280029
dinov2_l14,E,88,clicks_25_25,1,0.8724594022897685,-1.363790192632358,4.108932018280029
dinov2_l14,E,88,clicks_25_25,2,0.8556079852443738,-0.7631841063881346,4.108932018280029
dinov2_l14,E,128,learned,0,0.8902321406049455,1.2604363359471442,4.015845775604248
dinov2_l14,E,128,clicks_3_6,0,0.7268386890291354,-6.717039253314056,4.015845775604248
dinov2_l14,E,128,clicks_3_6,1,0.8018094408314403,-1.139680574089816,4.015845775604248
dinov2_l14,E,128,clicks_3_6,2,0.8521206642760795,4.09310115410204,4.015845775604248
dinov2_l14,E,128,clicks_25_25,0,0.8352930544538051,-2.7017178853127923,4.015845775604248
dinov2_l14,E,128,clicks_25_25,1,0.8609089056743945,2.7432517142318744,4.015845775604248
dinov2_l14,E,128,clicks_25_25,2,0.8819186717824146,-0.033553949751759404,4.015845775604248
dinov2_l14,E,168,learned,0,0.8959318960877078,1.7413442346815167,3.9872522354125977
dinov2_l14,E,168,clicks_3_6,0,0.8122469842567982,-1.364847766979839,3.9872522354125977
dinov2_l14,E,168,clicks_3_6,1,0.6115256317359602,-9.527591153294441,3.9872522354125977
dinov2_l14,E,168,clicks_3_6,2,0.8336800584969979,-1.6421245322637112,3.9872522354125977
dinov2_l14,E,168,clicks_25_25,0,0.8325585280882895,3.598733218217969,3.9872522354125977
dinov2_l14,E,168,clicks_25_25,1,0.8560277457493731,3.04158382334278,3.9872522354125977
dinov2_l14,E,168,clicks_25_25,2,0.8615275533972728,1.4245526460510156,3.9872522354125977
dinov2_l14,E,208,learned,0,0.8909031995870084,2.1314930257778926,4.083558797836304
dinov2_l14,E,208,clicks_3_6,0,0.8239598933959527,-4.057335912532833,4.083558797836304
dinov2_l14,E,208,clicks_3_6,1,0.752584071103103,-5.1347157432440245,4.083558797836304
dinov2_l14,E,208,clicks_3_6,2,0.7643007070765537,-1.3218717912232876,4.083558797836304
dinov2_l14,E,208,clicks_25_25,0,0.829715068204561,3.6282491568248147,4.083558797836304
dinov2_l14,E,208,clicks_25_25,1,0.8386120011138816,-2.844009706609649,4.083558797836304
dinov2_l14,E,208,clicks_25_25,2,0.8636779453799833,0.8551930746185974,4.083558797836304
dinov2_l14,E,257,learned,0,0.8420324837627076,2.6228805248645344,4.118544816970825
dinov2_l14,E,257,clicks_3_6,0,0.6638714374309057,-0.27823819650885007,4.118544816970825
dinov2_l14,E,257,clicks_3_6,1,0.7449315628768273,-1.5355979525360635,4.118544816970825
dinov2_l14,E,257,clicks_3_6,2,0.7237735545823456,-4.874456310642273,4.118544816970825
dinov2_l14,E,257,clicks_25_25,0,0.7930979638993503,3.234735356441014,4.118544816970825
dinov2_l14,E,257,clicks_25_25,1,0.796595864397243,-1.4642597556426384,4.118544816970825
dinov2_l14,E,257,clicks_25_25,2,0.792451198561035,4.550069415334445,4.118544816970825
dinov2_l14,E,297,learned,0,0.8076743067592387,-0.7532813647708512,4.002654075622559
dinov2_l14,E,297,clicks_3_6,0,0.7010610965816791,-5.504866764860841,4.002654075622559
dinov2_l14,E,297,clicks_3_6,1,0.42708680696721496,-9.492883486072706,4.002654075622559
dinov2_l14,E,297,clicks_3_6,2,0.7017722028563848,11.49371800837599,4.002654075622559
dinov2_l14,E,297,clicks_25_25,0,0.7916627170948003,-3.154167419787793,4.002654075622559
dinov2_l14,E,297,clicks_25_25,1,0.7723714337634018,-4.085890419914701,4.002654075622559
dinov2_l14,E,297,clicks_25_25,2,0.826701254218506,0.0,4.002654075622559
dinov2_l14,E,337,learned,0,0.8015897581933216,2.0827484626714714,3.98866605758667
dinov2_l14,E,337,clicks_3_6,0,0.5719937308829849,-5.999523130112411,3.98866605758667
dinov2_l14,E,337,clicks_3_6,1,0.7280844243160963,-3.338089213126228,3.98866605758667
dinov2_l14,E,337,clicks_3_6,2,0.7647308902304226,-3.1209980425260255,3.98866605758667
dinov2_l14,E,337,clicks_25_25,0,0.8418187203512946,-0.7632802495106308,3.98866605758667
dinov2_l14,E,337,clicks_25_25,1,0.8094904501980015,-1.4502228597579503,3.98866605758667
dinov2_l14,E,337,clicks_25_25,2,0.8483370684106424,-0.749051067380945,3.98866605758667
dinov2_l14,E,377,learned,0,0.7236112138471781,0.9329728607193815,4.00893497467041
dinov2_l14,E,377,clicks_3_6,0,0.5543106851627483,-5.73839840940818,4.00893497467041
dinov2_l14,E,377,clicks_3_6,1,0.6213584107037168,-3.7814051509639306,4.00893497467041
dinov2_l14,E,377,clicks_3_6,2,0.8063449912424431,0.5564763930177019,4.00893497467041
dinov2_l14,E,377,clicks_25_25,0,0.8317302231329483,1.2972591518638321,4.00893497467041
dinov2_l14,E,377,clicks_25_25,1,0.7948213908264637,-1.669044606563114,4.00893497467041
dinov2_l14,E,377,clicks_25_25,2,0.7492826338663937,-2.674797811013386,4.00893497467041
dinov2_l14,E,417,learned,0,0.7087698786046385,-4.344515419433986,4.070901155471802
dinov2_l14,E,417,clicks_3_6,0,0.7432328242680208,-0.08162551100069493,4.070901155471802
dinov2_l14,E,417,clicks_3_6,1,0.49421177573928077,-5.7124397663337545,4.070901155471802
dinov2_l14,E,417,clicks_3_6,2,0.5459566244825674,-7.534640367035983,4.070901155471802
dinov2_l14,E,417,clicks_25_25,0,0.8019232867647318,1.9185360094451003,4.070901155471802
dinov2_l14,E,417,clicks_25_25,1,0.8234795872588605,1.3924408431367272,4.070901155471802
dinov2_l14,E,417,clicks_25_25,2,0.7988235963527219,1.6396248110787646,4.070901155471802
dinov2_l14,F,29,learned,0,0.8133612010019263,1.9160958904109595,7.157896995544434
dinov2_l14,F,29,clicks_3_6,0,0.7546351288539999,-0.9387590652699425,7.157896995544434
dinov2_l14,F,29,clicks_3_6,1,0.6376898209774252,-2.946246306741874,7.157896995544434
dinov2_l14,F,29,clicks_3_6,2,0.5491124886386042,-2.5782299221058276,7.157896995544434
dinov2_l14,F,29,clicks_25_25,0,0.7737997337618943,2.1983279613215156,7.157896995544434
dinov2_l14,F,29,clicks_25_25,1,0.766970423530469,-0.10159817351598122,7.157896995544434
dinov2_l14,F,29,clicks_25_25,2,0.7117132856353012,-0.20611737845823264,7.157896995544434
dinov2_l14,F,53,learned,0,0.8582715166078311,0.6179828095621822,5.968164920806885
dinov2_l14,F,53,clicks_3_6,0,0.661052683492177,-0.2167942519473538,5.968164920806885
dinov2_l14,F,53,clicks_3_6,1,0.5008262608127958,-6.113282299221058,5.968164920806885
dinov2_l14,F,53,clicks_3_6,2,0.47626373301269387,-3.390578834273435,5.968164920806885
dinov2_l14,F,53,clicks_25_25,0,0.7662579893623199,0.3780553317217308,5.968164920806885
dinov2_l14,F,53,clicks_25_25,1,0.7475644896965469,-0.7993553585817885,5.968164920806885
dinov2_l14,F,53,clicks_25_25,2,0.8023210468039471,0.006379264034380938,5.968164920806885
dinov2_l14,F,77,learned,0,0.8865607909474618,0.1680768197690039,15.06564712524414
dinov2_l14,F,77,clicks_3_6,0,0.7016910704746852,2.66623019070642,15.06564712524414
dinov2_l14,F,77,clicks_3_6,1,0.3865876980616315,-7.599717969379531,15.06564712524414
dinov2_l14,F,77,clicks_3_6,2,0.5233952296934693,-4.2716559226430295,15.06564712524414
dinov2_l14,F,77,clicks_25_25,0,0.7964825304974683,0.3804391619661569,15.06564712524414
dinov2_l14,F,77,clicks_25_25,1,0.8241661852415398,0.3562651087832407,15.06564712524414
dinov2_l14,F,77,clicks_25_25,2,0.835684008615681,-0.33853746978243215,15.06564712524414
dinov2_l14,F,100,learned,0,0.8795362612794302,0.8468976631748593,15.346141815185547
dinov2_l14,F,100,clicks_3_6,0,0.6130368029258418,-3.928048616706957,15.346141815185547
dinov2_l14,F,100,clicks_3_6,1,0.708174264540759,-3.4766988987375775,15.346141815185547
dinov2_l14,F,100,clicks_3_6,2,0.7745959114906164,-2.6040827289820037,15.346141815185547
dinov2_l14,F,100,clicks_25_25,0,0.8196833859105771,0.8743284985226971,15.346141815185547
dinov2_l14,F,100,clicks_25_25,1,0.7781624058259925,-1.6774778404512487,15.346141815185547
dinov2_l14,F,100,clicks_25_25,2,0.7902926339723534,0.9976161697555739,15.346141815185547
dinov2_l14,F,124,learned,0,0.8670873944926775,0.38896723072790795,11.501138925552368
dinov2_l14,F,124,clicks_3_6,0,0.6636304858762986,1.5711791565941446,11.501138925552368
dinov2_l14,F,124,clicks_3_6,1,0.7233143717584072,-2.5619124362073595,11.501138925552368
dinov2_l14,F,124,clicks_3_6,2,0.6569693191684866,2.789114961052915,11.501138925552368
dinov2_l14,F,124,clicks_25_25,0,0.7764542916973651,0.6461522965350524,11.501138925552368
dinov2_l14,F,124,clicks_25_25,1,0.7413372347861111,-2.4632017190437816,11.501138925552368
dinov2_l14,F,124,clicks_25_25,2,0.7718732131538472,1.3496508192318029,11.501138925552368
dinov2_l14,F,154,learned,0,0.8094394911201035,1.51443728176202,11.524001121520996
dinov2_l14,F,154,clicks_3_6,0,0.7774562062981533,-0.5618452860596292,11.524001121520996
dinov2_l14,F,154,clicks_3_6,1,0.6902464267635651,-2.02790088638195,11.524001121520996
dinov2_l14,F,154,clicks_3_6,2,0.8246156818291585,-0.6233212463067419,11.524001121520996
dinov2_l14,F,154,clicks_25_25,0,0.8092846554046818,-0.5281359118990059,11.524001121520996
dinov2_l14,F,154,clicks_25_25,1,0.8110835087202468,-0.5883360193392422,11.524001121520996
dinov2_l14,F,154,clicks_25_25,2,0.8320454900355929,0.029210314262691384,11.524001121520996
dinov2_l14,F,178,learned,0,0.8010524339575925,0.7360663443459572,11.13231635093689
dinov2_l14,F,178,clicks_3_6,0,0.7196071879948284,-0.04771017996239557,11.13231635093689
dinov2_l14,F,178,clicks_3_6,1,0.7086604572396275,-1.6907064195541235,11.13231635093689
dinov2_l14,F,178,clicks_3_6,2,0.7095313428860078,-1.2680969648133225,11.13231635093689
dinov2_l14,F,178,clicks_25_25,0,0.8037208776294956,1.458568358850389,11.13231635093689
dinov2_l14,F,178,clicks_25_25,1,0.7808500687368019,0.24137120601665352,11.13231635093689
dinov2_l14,F,178,clicks_25_25,2,0.7842833962664726,-0.5335414987912976,11.13231635093689
dinov2_l14,F,202,learned,0,0.8332444355823634,0.8205076551168418,11.46871304512024
dinov2_l14,F,202,clicks_3_6,0,0.6911046416884312,2.596360461993017,11.46871304512024
dinov2_l14,F,202,clicks_3_6,1,0.6266131618996922,-2.8107037335482135,11.46871304512024
dinov2_l14,F,202,clicks_3_6,2,0.7641527393691636,0.753558957829707,11.46871304512024
dinov2_l14,F,202,clicks_25_25,0,0.7889119139192351,-0.6119057211925867,11.46871304512024
dinov2_l14,F,202,clicks_25_25,1,0.7289161273996995,-1.770111469245232,11.46871304512024
dinov2_l14,F,202,clicks_25_25,2,0.7668702634339553,1.0483481063658342,11.46871304512024
dinov2_l14,F,225,learned,0,0.83926641719731,0.6354418479720652,11.25279712677002
dinov2_l14,F,225,clicks_3_6,0,0.6735432885453131,-2.7103478377652435,11.25279712677002
dinov2_l14,F,225,clicks_3_6,1,0.7730372111546046,-0.5756782164920766,11.25279712677002
dinov2_l14,F,225,clicks_3_6,2,0.5537504868404549,-4.229922105828633,11.25279712677002
dinov2_l14,F,225,clicks_25_25,0,0.8052399837901092,0.3451517593338709,11.25279712677002
dinov2_l14,F,225,clicks_25_25,1,0.8044802186954211,-1.137792103142627,11.25279712677002
dinov2_l14,F,225,clicks_25_25,2,0.8271600139919935,-0.5806473274241206,11.25279712677002
dinov2_l14,F,249,learned,0,0.8163581568177537,0.26295997851195274,13.036602973937988
dinov2_l14,F,249,clicks_3_6,0,0.5680090423495524,-4.372884770346495,13.036602973937988
dinov2_l14,F,249,clicks_3_6,1,0.7690435639721132,-0.02662503357507351,13.036602973937988
dinov2_l14,F,249,clicks_3_6,2,0.7377144397152575,-0.9715283373623418,13.036602973937988
dinov2_l14,F,249,clicks_25_25,0,0.8217755295791784,0.5266921837228047,13.036602973937988
dinov2_l14,F,249,clicks_25_25,1,0.8124523847396753,0.6187214611872154,13.036602973937988
dinov2_l14,F,249,clicks_25_25,2,0.7780546004906297,-1.380674187483212,13.036602973937988
