sample,z,n_pos,n_neg,seed,method,dice
A,25,1,2,0,boneseg,0.36934514626584974
A,25,1,2,0,sam,0.32896148389106133
A,25,1,2,0,microsam,0.1791286625906251
A,25,1,2,0,rf_clicks,0.26664463189963644
A,25,1,2,1,boneseg,0.5888928000866481
A,25,1,2,1,sam,0.6546713811015415
A,25,1,2,1,microsam,0.009032078767667142
A,25,1,2,1,rf_clicks,0.23174634051451637
A,25,3,6,0,boneseg,0.694011209303302
A,25,3,6,0,sam,0.6290904664103641
A,25,3,6,0,microsam,0.43775955639452574
A,25,3,6,0,rf_clicks,0.34318827924606937
A,25,3,6,1,boneseg,0.6561569338340023
A,25,3,6,1,sam,0.6966576083654964
A,25,3,6,1,microsam,0.23485931288241052
A,25,3,6,1,rf_clicks,0.3217480812817698
A,25,5,10,0,boneseg,0.7362194062882276
A,25,5,10,0,sam,0.6141365369508153
A,25,5,10,0,microsam,0.3003405567634426
A,25,5,10,0,rf_clicks,0.34756925488878626
A,25,5,10,1,boneseg,0.7168030534034454
A,25,5,10,1,sam,0.30009286089189935
A,25,5,10,1,microsam,0.2660883794174313
A,25,5,10,1,rf_clicks,0.3831024536026096
A,25,10,10,0,boneseg,0.66668927856731
A,25,10,10,0,sam,0.6903116215899247
A,25,10,10,0,microsam,0.27156938689938953
A,25,10,10,0,rf_clicks,0.4639539388231005
A,25,10,10,1,boneseg,0.5990902424938517
A,25,10,10,1,sam,0.680777711861561
A,25,10,10,1,microsam,0.2983566674398469
A,25,10,10,1,rf_clicks,0.31266586546630787
A,25,25,25,0,boneseg,0.7015675377361231
A,25,25,25,0,sam,0.7067204750419881
A,25,25,25,0,microsam,0.3435466030462761
A,25,25,25,0,rf_clicks,0.48053743786211967
A,25,25,25,1,boneseg,0.712463373210653
A,25,25,25,1,sam,0.7001693349753695
A,25,25,25,1,microsam,0.3516344184441327
A,25,25,25,1,rf_clicks,0.5024440251385442
A,25,50,50,0,boneseg,0.7234902247613023
A,25,50,50,0,sam,0.674509373571102
A,25,50,50,0,microsam,0.3488849705913177
A,25,50,50,0,rf_clicks,0.5416772548337769
A,25,50,50,1,boneseg,0.7292827984383412
A,25,50,50,1,sam,0.6858092374640006
A,25,50,50,1,microsam,0.36910670692906644
A,25,50,50,1,rf_clicks,0.4732800380588691
A,46,1,2,0,boneseg,0.07978114375114716
A,46,1,2,0,sam,0.28096458043520683
A,46,1,2,0,microsam,0.10003391714114582
A,46,1,2,0,rf_clicks,0.18576374417195984
A,46,1,2,1,boneseg,0.0846691539088297
A,46,1,2,1,sam,0.6712371764161696
A,46,1,2,1,microsam,0.008773440403143212
A,46,1,2,1,rf_clicks,0.3142190171496298
A,46,3,6,0,boneseg,0.6688950805629027
A,46,3,6,0,sam,0.517645361003276
A,46,3,6,0,microsam,0.39491772011988546
A,46,3,6,0,rf_clicks,0.40918356596107247
A,46,3,6,1,boneseg,0.6636717101308401
A,46,3,6,1,sam,0.5647065257516304
A,46,3,6,1,microsam,0.21626299846575486
A,46,3,6,1,rf_clicks,0.4089063905296677
A,46,5,10,0,boneseg,0.6880634663893863
A,46,5,10,0,sam,0.5414785442267677
A,46,5,10,0,microsam,0.4010203387205403
A,46,5,10,0,rf_clicks,0.31988134822859604
A,46,5,10,1,boneseg,0.6600763082256476
A,46,5,10,1,sam,0.3261080111722768
A,46,5,10,1,microsam,0.25990992662061596
A,46,5,10,1,rf_clicks,0.4641174571431258
A,46,10,10,0,boneseg,0.6701035711634122
A,46,10,10,0,sam,0.6797688326856084
A,46,10,10,0,microsam,0.28087665815275603
A,46,10,10,0,rf_clicks,0.3565970260434257
A,46,10,10,1,boneseg,0.6682084870312818
A,46,10,10,1,sam,0.6930722891566266
A,46,10,10,1,microsam,0.31465936701469766
A,46,10,10,1,rf_clicks,0.4649817422225057
A,46,25,25,0,boneseg,0.6711723420847413
A,46,25,25,0,sam,0.6987403227023061
A,46,25,25,0,microsam,0.3533808666531691
A,46,25,25,0,rf_clicks,0.4980025437451324
A,46,25,25,1,boneseg,0.6658277103945026
A,46,25,25,1,sam,0.699130644087955
A,46,25,25,1,microsam,0.318131146400489
A,46,25,25,1,rf_clicks,0.5129693851239574
A,46,50,50,0,boneseg,0.6752699691985536
A,46,50,50,0,sam,0.6938480868697668
A,46,50,50,0,microsam,0.3559906903231782
A,46,50,50,0,rf_clicks,0.5775479491754453
A,46,50,50,1,boneseg,0.6896400467383371
A,46,50,50,1,sam,0.6935299864055252
A,46,50,50,1,microsam,0.4320926493681298
A,46,50,50,1,rf_clicks,0.6112273298455712
A,66,1,2,0,boneseg,0.18477250911883278
A,66,1,2,0,sam,0.11977892200859748
A,66,1,2,0,microsam,0.025630417452901587
A,66,1,2,0,rf_clicks,0.23783296226988795
A,66,1,2,1,boneseg,0.32455205392636977
A,66,1,2,1,sam,0.3171190185667645
A,66,1,2,1,microsam,0.003172249000947555
A,66,1,2,1,rf_clicks,0.19503760460990124
A,66,3,6,0,boneseg,0.6261920297735566
A,66,3,6,0,sam,0.39833096316874467
A,66,3,6,0,microsam,0.24750458500799938
A,66,3,6,0,rf_clicks,0.22383835154808762
A,66,3,6,1,boneseg,0.6407196777360279
A,66,3,6,1,sam,0.5378803823236978
A,66,3,6,1,microsam,0.1786951666475776
A,66,3,6,1,rf_clicks,0.3642249735553305
A,66,5,10,0,boneseg,0.5434910673144784
A,66,5,10,0,sam,0.580834743229319
A,66,5,10,0,microsam,0.32693189907458675
A,66,5,10,0,rf_clicks,0.35091575858447344
A,66,5,10,1,boneseg,0.6077306415224031
A,66,5,10,1,sam,0.5613032862119435
A,66,5,10,1,microsam,0.20911675057364978
A,66,5,10,1,rf_clicks,0.3653800034095276
A,66,10,10,0,boneseg,0.6665536873250919
A,66,10,10,0,sam,0.6010594439863719
A,66,10,10,0,microsam,0.23314185985790653
A,66,10,10,0,rf_clicks,0.4056017410490906
A,66,10,10,1,boneseg,0.6750480181595949
A,66,10,10,1,sam,0.6183756552906562
A,66,10,10,1,microsam,0.3362620328664338
A,66,10,10,1,rf_clicks,0.3280396026854147
A,66,25,25,0,boneseg,0.6688651528518934
A,66,25,25,0,sam,0.5899345565503674
A,66,25,25,0,microsam,0.29640906378616566
A,66,25,25,0,rf_clicks,0.4554523726619045
A,66,25,25,1,boneseg,0.6652843381559862
A,66,25,25,1,sam,0.6154286368318644
A,66,25,25,1,microsam,0.3227691574493287
A,66,25,25,1,rf_clicks,0.3862989259245813
A,66,50,50,0,boneseg,0.6720342558026663
A,66,50,50,0,sam,0.5898616274544015
A,66,50,50,0,microsam,0.3334692710654435
A,66,50,50,0,rf_clicks,0.4902062074529063
A,66,50,50,1,boneseg,0.6767046094894624
A,66,50,50,1,sam,0.6098486033616659
A,66,50,50,1,microsam,0.4075176740017923
A,66,50,50,1,rf_clicks,0.5057316574944125
A,87,1,2,0,boneseg,0.15170595369930917
A,87,1,2,0,sam,0.35219747688664205
A,87,1,2,0,microsam,0.28578658465371587
A,87,1,2,0,rf_clicks,0.1323094145683682
A,87,1,2,1,boneseg,0.45406293286262395
A,87,1,2,1,sam,0.5024569246101468
A,87,1,2,1,microsam,0.0008021635496883022
A,87,1,2,1,rf_clicks,0.21972655202788097
A,87,3,6,0,boneseg,0.5705816052561647
A,87,3,6,0,sam,0.23434081710785387
A,87,3,6,0,microsam,0.3305845456616071
A,87,3,6,0,rf_clicks,0.37576093197115484
A,87,3,6,1,boneseg,0.6052327841401788
A,87,3,6,1,sam,0.335316783420227
A,87,3,6,1,microsam,0.35143091483938155
A,87,3,6,1,rf_clicks,0.25088108848679547
A,87,5,10,0,boneseg,0.5747522006854477
A,87,5,10,0,sam,0.558086774840049
A,87,5,10,0,microsam,0.34363689747696885
A,87,5,10,0,rf_clicks,0.3677597890149585
A,87,5,10,1,boneseg,0.6393981637263856
A,87,5,10,1,sam,0.47913252953116975
A,87,5,10,1,microsam,0.28392978545555864
A,87,5,10,1,rf_clicks,0.3100017339142561
A,87,10,10,0,boneseg,0.6667173418340927
A,87,10,10,0,sam,0.563697029172986
A,87,10,10,0,microsam,0.2338781654003242
A,87,10,10,0,rf_clicks,0.2647382142442005
A,87,10,10,1,boneseg,0.6906328156196802
A,87,10,10,1,sam,0.6266596941443567
A,87,10,10,1,microsam,0.4070595256703565
A,87,10,10,1,rf_clicks,0.3465448483652266
A,87,25,25,0,boneseg,0.6671687209909938
A,87,25,25,0,sam,0.6043855850105992
A,87,25,25,0,microsam,0.4145524146226539
A,87,25,25,0,rf_clicks,0.37910097136855453
A,87,25,25,1,boneseg,0.6638969310943833
A,87,25,25,1,sam,0.6259356163476187
A,87,25,25,1,microsam,0.4796306050071983
A,87,25,25,1,rf_clicks,0.35470834842377613
A,87,50,50,0,boneseg,0.6967158536847305
A,87,50,50,0,sam,0.6169200663532014
A,87,50,50,0,microsam,0.6799139456755583
A,87,50,50,0,rf_clicks,0.46326603189940346
A,87,50,50,1,boneseg,0.6724606906789813
A,87,50,50,1,sam,0.6339737855073415
A,87,50,50,1,microsam,0.663596925184565
A,87,50,50,1,rf_clicks,0.45964520530951497
A,107,1,2,0,boneseg,0.14700643291585525
A,107,1,2,0,sam,0.29581566762705647
A,107,1,2,0,microsam,0.18679611052987877
A,107,1,2,0,rf_clicks,0.08155873190556448
A,107,1,2,1,boneseg,0.611768637936458
A,107,1,2,1,sam,0.5331207140128663
A,107,1,2,1,microsam,0.29179464677490125
A,107,1,2,1,rf_clicks,0.1409574662085768
A,107,3,6,0,boneseg,0.5580994542351689
A,107,3,6,0,sam,0.6082968770800722
A,107,3,6,0,microsam,0.3657433801062966
A,107,3,6,0,rf_clicks,0.2902347737325621
A,107,3,6,1,boneseg,0.664023739973107
A,107,3,6,1,sam,0.6310889252552309
A,107,3,6,1,microsam,0.26612000831486815
A,107,3,6,1,rf_clicks,0.2686297352669425
A,107,5,10,0,boneseg,0.5413807192948809
A,107,5,10,0,sam,0.5495782769988053
A,107,5,10,0,microsam,0.35482141758669883
A,107,5,10,0,rf_clicks,0.3218501717192768
A,107,5,10,1,boneseg,0.7344244525230214
A,107,5,10,1,sam,0.5776836704438515
A,107,5,10,1,microsam,0.38076644364240136
A,107,5,10,1,rf_clicks,0.3941883393179601
A,107,10,10,0,boneseg,0.6965542248966071
A,107,10,10,0,sam,0.657883610411135
A,107,10,10,0,microsam,0.27566441701245487
A,107,10,10,0,rf_clicks,0.3353111892773271
A,107,10,10,1,boneseg,0.7141064053769536
A,107,10,10,1,sam,0.6453022300133289
A,107,10,10,1,microsam,0.5642908028350982
A,107,10,10,1,rf_clicks,0.30226026020276286
A,107,25,25,0,boneseg,0.6419696272434422
A,107,25,25,0,sam,0.631393986723936
A,107,25,25,0,microsam,0.60624265846507
A,107,25,25,0,rf_clicks,0.4393515002628804
A,107,25,25,1,boneseg,0.5779100369828847
A,107,25,25,1,sam,0.6397245325311154
A,107,25,25,1,microsam,0.5842701664174047
A,107,25,25,1,rf_clicks,0.44780605513261035
A,107,50,50,0,boneseg,0.6365344052214749
A,107,50,50,0,sam,0.6236748798617735
A,107,50,50,0,microsam,0.6182126576910845
A,107,50,50,0,rf_clicks,0.47541286529927057
A,107,50,50,1,boneseg,0.6314090166328536
A,107,50,50,1,sam,0.6349521169172415
A,107,50,50,1,microsam,0.5732114337196446
A,107,50,50,1,rf_clicks,0.4976231463450528
A,133,1,2,0,boneseg,0.2080987614605115
A,133,1,2,0,sam,0.32895567509891965
A,133,1,2,0,microsam,0.1455088726233085
A,133,1,2,0,rf_clicks,0.1120099097239166
A,133,1,2,1,boneseg,0.46925709322091014
A,133,1,2,1,sam,0.41341728591147164
A,133,1,2,1,microsam,0.01503957783641161
A,133,1,2,1,rf_clicks,0.18596047346233666
A,133,3,6,0,boneseg,0.635434152296658
A,133,3,6,0,sam,0.6340123729309168
A,133,3,6,0,microsam,0.28791411375589654
A,133,3,6,0,rf_clicks,0.1511543242110218
A,133,3,6,1,boneseg,0.5302825017974759
A,133,3,6,1,sam,0.22502631090199962
A,133,3,6,1,microsam,0.20665474791268212
A,133,3,6,1,rf_clicks,0.21247251722132188
A,133,5,10,0,boneseg,0.6333467302061204
A,133,5,10,0,sam,0.6488284167289021
A,133,5,10,0,microsam,0.38793626761317784
A,133,5,10,0,rf_clicks,0.1743696204893751
A,133,5,10,1,boneseg,0.4560445160106806
A,133,5,10,1,sam,0.5683996425159481
A,133,5,10,1,microsam,0.25032606590558915
A,133,5,10,1,rf_clicks,0.27439505032373696
A,133,10,10,0,boneseg,0.6558024191507668
A,133,10,10,0,sam,0.6557452031905608
A,133,10,10,0,microsam,0.2330616189415744
A,133,10,10,0,rf_clicks,0.3169456708016025
A,133,10,10,1,boneseg,0.613951004484995
A,133,10,10,1,sam,0.6248329476188924
A,133,10,10,1,microsam,0.25230279799641764
A,133,10,10,1,rf_clicks,0.29819455772225106
A,133,25,25,0,boneseg,0.5978236618888257
A,133,25,25,0,sam,0.592848975081157
A,133,25,25,0,microsam,0.5529969582061035
A,133,25,25,0,rf_clicks,0.3499140577378239
A,133,25,25,1,boneseg,0.6606962480084141
A,133,25,25,1,sam,0.6290792291220557
A,133,25,25,1,microsam,0.5012341325811002
A,133,25,25,1,rf_clicks,0.35585007337421387
A,133,50,50,0,boneseg,0.5614681785999258
A,133,50,50,0,sam,0.5800755035108023
A,133,50,50,0,microsam,0.5449837683128511
A,133,50,50,0,rf_clicks,0.381564805537845
A,133,50,50,1,boneseg,0.6410708098902547
A,133,50,50,1,sam,0.631734959362691
A,133,50,50,1,microsam,0.5404838087457735
A,133,50,50,1,rf_clicks,0.4294735708830565
A,154,1,2,0,boneseg,0.540643195218361
A,154,1,2,0,sam,0.3385739185271474
A,154,1,2,0,microsam,0.03421472937000887
A,154,1,2,0,rf_clicks,0.21665238694476424
A,154,1,2,1,boneseg,0.19191649372264574
A,154,1,2,1,sam,0.29202634612574485
A,154,1,2,1,microsam,0.024056642672855576
A,154,1,2,1,rf_clicks,0.22804867723924657
A,154,3,6,0,boneseg,0.651591007895438
A,154,3,6,0,sam,0.691155646225849
A,154,3,6,0,microsam,0.4824732773296866
A,154,3,6,0,rf_clicks,0.2926705437090372
A,154,3,6,1,boneseg,0.6198384072154585
A,154,3,6,1,sam,0.507376812431402
A,154,3,6,1,microsam,0.12053331284100514
A,154,3,6,1,rf_clicks,0.26036428963521135
A,154,5,10,0,boneseg,0.679576659358071
A,154,5,10,0,sam,0.6689576174112256
A,154,5,10,0,microsam,0.5342059569921197
A,154,5,10,0,rf_clicks,0.3462617720545839
A,154,5,10,1,boneseg,0.6278291658547305
A,154,5,10,1,sam,0.4155956004654618
A,154,5,10,1,microsam,0.22229830097678435
A,154,5,10,1,rf_clicks,0.24640054316352816
A,154,10,10,0,boneseg,0.6617154771077628
A,154,10,10,0,sam,0.6530867630700778
A,154,10,10,0,microsam,0.2694857045945984
A,154,10,10,0,rf_clicks,0.2885845597248135
A,154,10,10,1,boneseg,0.6645090799877794
A,154,10,10,1,sam,0.6136894564709546
A,154,10,10,1,microsam,0.26410022164979335
A,154,10,10,1,rf_clicks,0.2935514965767814
A,154,25,25,0,boneseg,0.6517400167537442
A,154,25,25,0,sam,0.5478393194360412
A,154,25,25,0,microsam,0.3720243127059665
A,154,25,25,0,rf_clicks,0.34859090921802943
A,154,25,25,1,boneseg,0.6588557502611118
A,154,25,25,1,sam,0.5964183797269357
A,154,25,25,1,microsam,0.36235692874231085
A,154,25,25,1,rf_clicks,0.39860875932451606
A,154,50,50,0,boneseg,0.6666249066925578
A,154,50,50,0,sam,0.536420190006011
A,154,50,50,0,microsam,0.4584096133991932
A,154,50,50,0,rf_clicks,0.3824098810674174
A,154,50,50,1,boneseg,0.6735083507787747
A,154,50,50,1,sam,0.5576764716792166
A,154,50,50,1,microsam,0.5860188979902898
A,154,50,50,1,rf_clicks,0.4196482801961879
A,174,1,2,0,boneseg,0.5599393728620888
A,174,1,2,0,sam,0.15815453418416628
A,174,1,2,0,microsam,0.028283759895473062
A,174,1,2,0,rf_clicks,0.27864944513917433
A,174,1,2,1,boneseg,0.6751857653715992
A,174,1,2,1,sam,0.6550750798580695
A,174,1,2,1,microsam,0.019199196145806233
A,174,1,2,1,rf_clicks,0.2854856141375785
A,174,3,6,0,boneseg,0.7016333351301817
A,174,3,6,0,sam,0.5850210992230946
A,174,3,6,0,microsam,0.28856508845807094
A,174,3,6,0,rf_clicks,0.3997556381408135
A,174,3,6,1,boneseg,0.6870480162759635
A,174,3,6,1,sam,0.5184530276490543
A,174,3,6,1,microsam,0.24343852571540522
A,174,3,6,1,rf_clicks,0.48501151171714507
A,174,5,10,0,boneseg,0.705732392164408
A,174,5,10,0,sam,0.6313344163743241
A,174,5,10,0,microsam,0.4111957592661976
A,174,5,10,0,rf_clicks,0.43611159111418313
A,174,5,10,1,boneseg,0.6844163845679909
A,174,5,10,1,sam,0.5365260312610177
A,174,5,10,1,microsam,0.2754074082110928
A,174,5,10,1,rf_clicks,0.5149176677434203
A,174,10,10,0,boneseg,0.6885827154097723
A,174,10,10,0,sam,0.600944307465494
A,174,10,10,0,microsam,0.28139069641308007
A,174,10,10,0,rf_clicks,0.431456715380989
A,174,10,10,1,boneseg,0.695012959789244
A,174,10,10,1,sam,0.6058855823049211
A,174,10,10,1,microsam,0.29140550431127643
A,174,10,10,1,rf_clicks,0.5153121609626196
A,174,25,25,0,boneseg,0.7013698845585229
A,174,25,25,0,sam,0.5757070091194987
A,174,25,25,0,microsam,0.38398225566198774
A,174,25,25,0,rf_clicks,0.4942198248719807
A,174,25,25,1,boneseg,0.6501903755619048
A,174,25,25,1,sam,0.5929776742870724
A,174,25,25,1,microsam,0.3269893200848566
A,174,25,25,1,rf_clicks,0.5200920900748073
A,174,50,50,0,boneseg,0.6908166576527853
A,174,50,50,0,sam,0.5511051581076128
A,174,50,50,0,microsam,0.45793295455537225
A,174,50,50,0,rf_clicks,0.5546597255399417
A,174,50,50,1,boneseg,0.6752502992708673
A,174,50,50,1,sam,0.6000390295419195
A,174,50,50,1,microsam,0.4695071619957244
A,174,50,50,1,rf_clicks,0.5608435134613308
A,195,1,2,0,boneseg,0.1617068780613237
A,195,1,2,0,sam,0.6123374197106916
A,195,1,2,0,microsam,0.0346337902506286
A,195,1,2,0,rf_clicks,0.11213693268304806
A,195,1,2,1,boneseg,0.2687640856406954
A,195,1,2,1,sam,0.3475756120979357
A,195,1,2,1,microsam,0.0440230732297788
A,195,1,2,1,rf_clicks,0.14588020382655514
A,195,3,6,0,boneseg,0.6081097192789481
A,195,3,6,0,sam,0.6853287815979843
A,195,3,6,0,microsam,0.4380963886807198
A,195,3,6,0,rf_clicks,0.3583324028642997
A,195,3,6,1,boneseg,0.5832793489304008
A,195,3,6,1,sam,0.525652455553123
A,195,3,6,1,microsam,0.23949958011889344
A,195,3,6,1,rf_clicks,0.36748480222811386
A,195,5,10,0,boneseg,0.7140448330056439
A,195,5,10,0,sam,0.6622703209309749
A,195,5,10,0,microsam,0.3708232155930385
A,195,5,10,0,rf_clicks,0.4491747837880683
A,195,5,10,1,boneseg,0.5934625411392779
A,195,5,10,1,sam,0.43339529563165796
A,195,5,10,1,microsam,0.318037040252266
A,195,5,10,1,rf_clicks,0.34875097897121093
A,195,10,10,0,boneseg,0.6546859254282835
A,195,10,10,0,sam,0.6413088683415508
A,195,10,10,0,microsam,0.3138447927199191
A,195,10,10,0,rf_clicks,0.45380582241575235
A,195,10,10,1,boneseg,0.6745791478128607
A,195,10,10,1,sam,0.640404004204893
A,195,10,10,1,microsam,0.3173906435550472
A,195,10,10,1,rf_clicks,0.4590202986496822
A,195,25,25,0,boneseg,0.6662643297753402
A,195,25,25,0,sam,0.6149531643221077
A,195,25,25,0,microsam,0.39342660531250145
A,195,25,25,0,rf_clicks,0.49755551613958915
A,195,25,25,1,boneseg,0.660344329018597
A,195,25,25,1,sam,0.63872248537197
A,195,25,25,1,microsam,0.3485031485255325
A,195,25,25,1,rf_clicks,0.5242984834689933
A,195,50,50,0,boneseg,0.6765069639234009
A,195,50,50,0,sam,0.6220971627539525
A,195,50,50,0,microsam,0.4301613538651273
A,195,50,50,0,rf_clicks,0.558498073539809
A,195,50,50,1,boneseg,0.6830654188614061
A,195,50,50,1,sam,0.6405867587072482
A,195,50,50,1,microsam,0.4241841465254942
A,195,50,50,1,rf_clicks,0.5482556440103853
A,216,1,2,0,boneseg,0.42362530187627717
A,216,1,2,0,sam,0.5697122156577219
A,216,1,2,0,microsam,0.019952685488483335
A,216,1,2,0,rf_clicks,0.42336203810133977
A,216,1,2,1,boneseg,0.4847029837066832
A,216,1,2,1,sam,0.5246181414796485
A,216,1,2,1,microsam,0.02249222723784002
A,216,1,2,1,rf_clicks,0.38397839549406626
A,216,3,6,0,boneseg,0.5414322241203101
A,216,3,6,0,sam,0.6006180955145389
A,216,3,6,0,microsam,0.42893129738996305
A,216,3,6,0,rf_clicks,0.33299236915635877
A,216,3,6,1,boneseg,0.5030996574116685
A,216,3,6,1,sam,0.375414716878358
A,216,3,6,1,microsam,0.29029157410900147
A,216,3,6,1,rf_clicks,0.406336287279719
A,216,5,10,0,boneseg,0.6230479935292277
A,216,5,10,0,sam,0.5790123346628714
A,216,5,10,0,microsam,0.37953262233375157
A,216,5,10,0,rf_clicks,0.528958583616435
A,216,5,10,1,boneseg,0.5717337231504932
A,216,5,10,1,sam,0.5904667117645992
A,216,5,10,1,microsam,0.3202584968365582
A,216,5,10,1,rf_clicks,0.42940393792459347
A,216,10,10,0,boneseg,0.5946820620729233
A,216,10,10,0,sam,0.610291021062246
A,216,10,10,0,microsam,0.31651616669172544
A,216,10,10,0,rf_clicks,0.5474522524016291
A,216,10,10,1,boneseg,0.620946546728487
A,216,10,10,1,sam,0.3945677385216938
A,216,10,10,1,microsam,0.32124535603352555
A,216,10,10,1,rf_clicks,0.4927463403131849
A,216,25,25,0,boneseg,0.5813723484073392
A,216,25,25,0,sam,0.6348472753245662
A,216,25,25,0,microsam,0.3500405772785477
A,216,25,25,0,rf_clicks,0.5147068656484631
A,216,25,25,1,boneseg,0.5782498905417927
A,216,25,25,1,sam,0.6200374617387729
A,216,25,25,1,microsam,0.36899896116657144
A,216,25,25,1,rf_clicks,0.524679158110883
A,216,50,50,0,boneseg,0.5908959285220086
A,216,50,50,0,sam,0.6347531270741452
A,216,50,50,0,microsam,0.42465427167880637
A,216,50,50,0,rf_clicks,0.5629444928354694
A,216,50,50,1,boneseg,0.5964414596013726
A,216,50,50,1,sam,0.634164331450641
A,216,50,50,1,microsam,0.4436922429067732
A,216,50,50,1,rf_clicks,0.5597247760839907
C,63,1,2,0,boneseg,0.42992877093217535
C,63,1,2,0,sam,0.07876076226051085
C,63,1,2,0,microsam,0.5866609285502034
C,63,1,2,0,rf_clicks,0.19300477877594596
C,63,1,2,1,boneseg,0.47742008610068026
C,63,1,2,1,sam,0.6886602025140818
C,63,1,2,1,microsam,0.5655822725129656
C,63,1,2,1,rf_clicks,0.1913593323904054
C,63,3,6,0,boneseg,0.7609456849090109
C,63,3,6,0,sam,0.8102927208358518
C,63,3,6,0,microsam,0.6123390274298518
C,63,3,6,0,rf_clicks,0.24359977562507584
C,63,3,6,1,boneseg,0.6900974910079657
C,63,3,6,1,sam,0.689265789456867
C,63,3,6,1,microsam,0.5630527280347211
C,63,3,6,1,rf_clicks,0.38370075575639356
C,63,5,10,0,boneseg,0.7923680462318181
C,63,5,10,0,sam,0.827324329175267
C,63,5,10,0,microsam,0.58143822444911
C,63,5,10,0,rf_clicks,0.34176483592837065
C,63,5,10,1,boneseg,0.4106772091857739
C,63,5,10,1,sam,0.8428579775086813
C,63,5,10,1,microsam,0.6087905800651714
C,63,5,10,1,rf_clicks,0.37622047615676835
C,63,10,10,0,boneseg,0.7851071085345817
C,63,10,10,0,sam,0.8526223554905762
C,63,10,10,0,microsam,0.5999336434227233
C,63,10,10,0,rf_clicks,0.30031060291427714
C,63,10,10,1,boneseg,0.8150534393685653
C,63,10,10,1,sam,0.8279121191709984
C,63,10,10,1,microsam,0.5861501765365313
C,63,10,10,1,rf_clicks,0.3212818643528658
C,63,25,25,0,boneseg,0.686760129878915
C,63,25,25,0,sam,0.837199132169261
C,63,25,25,0,microsam,0.6952086314701883
C,63,25,25,0,rf_clicks,0.32171219267563433
C,63,25,25,1,boneseg,0.8199622845567063
C,63,25,25,1,sam,0.8406630234298937
C,63,25,25,1,microsam,0.6938963023763656
C,63,25,25,1,rf_clicks,0.3332603500778413
C,63,50,50,0,boneseg,0.7286716870777891
C,63,50,50,0,sam,0.8218919223826715
C,63,50,50,0,microsam,0.825805321199314
C,63,50,50,0,rf_clicks,0.351029807133091
C,63,50,50,1,boneseg,0.6795105087909058
C,63,50,50,1,sam,0.8332677882863008
C,63,50,50,1,microsam,0.6963911754639378
C,63,50,50,1,rf_clicks,0.3445420157265683
C,115,1,2,0,boneseg,0.541848989851969
C,115,1,2,0,sam,0.21173137745697265
C,115,1,2,0,microsam,0.19110348209906816
C,115,1,2,0,rf_clicks,0.1786837378142599
C,115,1,2,1,boneseg,0.14046228208828718
C,115,1,2,1,sam,0.07218037218824641
C,115,1,2,1,microsam,0.0695338301295622
C,115,1,2,1,rf_clicks,0.22591579755393665
C,115,3,6,0,boneseg,0.6717690159236824
C,115,3,6,0,sam,0.8646400725574972
C,115,3,6,0,microsam,0.6828120549931388
C,115,3,6,0,rf_clicks,0.1704698669240608
C,115,3,6,1,boneseg,0.5226157135134695
C,115,3,6,1,sam,0.7266491040454889
C,115,3,6,1,microsam,0.5318259422166739
C,115,3,6,1,rf_clicks,0.23964605962819613
C,115,5,10,0,boneseg,0.7059851994717092
C,115,5,10,0,sam,0.8876322961067722
C,115,5,10,0,microsam,0.736698617929347
C,115,5,10,0,rf_clicks,0.23145742692446636
C,115,5,10,1,boneseg,0.7695253381016756
C,115,5,10,1,sam,0.6947334481300365
C,115,5,10,1,microsam,0.5379806562693794
C,115,5,10,1,rf_clicks,0.2682048788737158
C,115,10,10,0,boneseg,0.8021804125268022
C,115,10,10,0,sam,0.8912901237752119
C,115,10,10,0,microsam,0.6762003496361345
C,115,10,10,0,rf_clicks,0.46222161101902853
C,115,10,10,1,boneseg,0.6786663229173792
C,115,10,10,1,sam,0.7820601895229062
C,115,10,10,1,microsam,0.5475315126050421
C,115,10,10,1,rf_clicks,0.2752767501431313
C,115,25,25,0,boneseg,0.7977559316029452
C,115,25,25,0,sam,0.886217818124528
C,115,25,25,0,microsam,0.7347247304550242
C,115,25,25,0,rf_clicks,0.2733589144887656
C,115,25,25,1,boneseg,0.8151399072951256
C,115,25,25,1,sam,0.8918050908622591
C,115,25,25,1,microsam,0.744079139679072
C,115,25,25,1,rf_clicks,0.3659773674461681
C,115,50,50,0,boneseg,0.7544738919345595
C,115,50,50,0,sam,0.8734207633509727
C,115,50,50,0,microsam,0.7924576936008069
C,115,50,50,0,rf_clicks,0.5172935566246702
C,115,50,50,1,boneseg,0.7864563729138778
C,115,50,50,1,sam,0.8770900498102766
C,115,50,50,1,microsam,0.7989755831875123
C,115,50,50,1,rf_clicks,0.42614554928424697
C,166,1,2,0,boneseg,0.3105781600494146
C,166,1,2,0,sam,0.24865439564090638
C,166,1,2,0,microsam,0.3836982407019986
C,166,1,2,0,rf_clicks,0.08777160062721837
C,166,1,2,1,boneseg,0.5265454876080647
C,166,1,2,1,sam,0.5452851962318552
C,166,1,2,1,microsam,0.5218452274570725
C,166,1,2,1,rf_clicks,0.25830503745518957
C,166,3,6,0,boneseg,0.6746547724319545
C,166,3,6,0,sam,0.6991482696031981
C,166,3,6,0,microsam,0.4522672008751178
C,166,3,6,0,rf_clicks,0.2423058695325204
C,166,3,6,1,boneseg,0.5473729334060998
C,166,3,6,1,sam,0.7450901803607214
C,166,3,6,1,microsam,0.6539369625049913
C,166,3,6,1,rf_clicks,0.31417850022793925
C,166,5,10,0,boneseg,0.7352261961899832
C,166,5,10,0,sam,0.7391848441430915
C,166,5,10,0,microsam,0.6678947260245818
C,166,5,10,0,rf_clicks,0.2250263197267804
C,166,5,10,1,boneseg,0.6913490718116186
C,166,5,10,1,sam,0.7571119831807508
C,166,5,10,1,microsam,0.6820282015140219
C,166,5,10,1,rf_clicks,0.495942074260148
C,166,10,10,0,boneseg,0.6931837745880471
C,166,10,10,0,sam,0.7944065427741421
C,166,10,10,0,microsam,0.6564000835247442
C,166,10,10,0,rf_clicks,0.46344285201517793
C,166,10,10,1,boneseg,0.7135647678272036
C,166,10,10,1,sam,0.7140859461749549
C,166,10,10,1,microsam,0.6839646978954514
C,166,10,10,1,rf_clicks,0.29218703487885694
C,166,25,25,0,boneseg,0.7359670106725319
C,166,25,25,0,sam,0.7875109991807506
C,166,25,25,0,microsam,0.7168136139933505
C,166,25,25,0,rf_clicks,0.42653685226906984
C,166,25,25,1,boneseg,0.7457297659060377
C,166,25,25,1,sam,0.7961127615048184
C,166,25,25,1,microsam,0.7031963470319634
C,166,25,25,1,rf_clicks,0.368640875614939
C,166,50,50,0,boneseg,0.7223819322818
C,166,50,50,0,sam,0.7848143368101019
C,166,50,50,0,microsam,0.6986326753785002
C,166,50,50,0,rf_clicks,0.46890978087400004
C,166,50,50,1,boneseg,0.761434702794277
C,166,50,50,1,sam,0.7746703919590813
C,166,50,50,1,microsam,0.7379168261031527
C,166,50,50,1,rf_clicks,0.45785074798729525
C,218,1,2,0,boneseg,0.20450006140560664
C,218,1,2,0,sam,0.11410459587955626
C,218,1,2,0,microsam,0.11453501660414903
C,218,1,2,0,rf_clicks,0.20923088158327147
C,218,1,2,1,boneseg,0.38513905390415165
C,218,1,2,1,sam,0.2063471767594108
C,218,1,2,1,microsam,0.20339871892519573
C,218,1,2,1,rf_clicks,0.2264036815484875
C,218,3,6,0,boneseg,0.6850329463445246
C,218,3,6,0,sam,0.2765219378526323
C,218,3,6,0,microsam,0.19954411505427802
C,218,3,6,0,rf_clicks,0.28993933083136286
C,218,3,6,1,boneseg,0.6397427457335292
C,218,3,6,1,sam,0.4871703244890464
C,218,3,6,1,microsam,0.42954867186606993
C,218,3,6,1,rf_clicks,0.22872233400402414
C,218,5,10,0,boneseg,0.6805432473120576
C,218,5,10,0,sam,0.7153756183404333
C,218,5,10,0,microsam,0.3431496526229921
C,218,5,10,0,rf_clicks,0.2508949063806789
C,218,5,10,1,boneseg,0.7619602038730934
C,218,5,10,1,sam,0.8549260048018882
C,218,5,10,1,microsam,0.5160632675938358
C,218,5,10,1,rf_clicks,0.19027553006057435
C,218,10,10,0,boneseg,0.7847128652078252
C,218,10,10,0,sam,0.7869976532707539
C,218,10,10,0,microsam,0.4976070451855178
C,218,10,10,0,rf_clicks,0.23650991348840342
C,218,10,10,1,boneseg,0.7717042844505044
C,218,10,10,1,sam,0.7971956850013798
C,218,10,10,1,microsam,0.5070276367738297
C,218,10,10,1,rf_clicks,0.21209277299147225
C,218,25,25,0,boneseg,0.8361752376224953
C,218,25,25,0,sam,0.8208003456080541
C,218,25,25,0,microsam,0.4960586883367467
C,218,25,25,0,rf_clicks,0.24659692265079194
C,218,25,25,1,boneseg,0.7621654215079606
C,218,25,25,1,sam,0.8390821995008454
C,218,25,25,1,microsam,0.5917749812476633
C,218,25,25,1,rf_clicks,0.3001613387956533
C,218,50,50,0,boneseg,0.8327238548972005
C,218,50,50,0,sam,0.8201032591158438
C,218,50,50,0,microsam,0.5864245297788115
C,218,50,50,0,rf_clicks,0.36024315999711237
C,218,50,50,1,boneseg,0.8340797245851993
C,218,50,50,1,sam,0.8101924458507207
C,218,50,50,1,microsam,0.6883736396614268
C,218,50,50,1,rf_clicks,0.42385400506845344
C,270,1,2,0,boneseg,0.6685363423177215
C,270,1,2,0,sam,0.4690130347046739
C,270,1,2,0,microsam,0.34135200367023716
C,270,1,2,0,rf_clicks,0.12583629437562022
C,270,1,2,1,boneseg,0.5928753643210751
C,270,1,2,1,sam,0.5535611561773116
C,270,1,2,1,microsam,0.5216156775210085
C,270,1,2,1,rf_clicks,0.24278226350980003
C,270,3,6,0,boneseg,0.6931831020634546
C,270,3,6,0,sam,0.6756865143418586
C,270,3,6,0,microsam,0.5031493145609485
C,270,3,6,0,rf_clicks,0.3138858110775736
C,270,3,6,1,boneseg,0.7241214646957956
C,270,3,6,1,sam,0.7171068728081929
C,270,3,6,1,microsam,0.647035320441106
C,270,3,6,1,rf_clicks,0.3493876145660835
C,270,5,10,0,boneseg,0.6534833358704779
C,270,5,10,0,sam,0.6830019203999309
C,270,5,10,0,microsam,0.4523607229221371
C,270,5,10,0,rf_clicks,0.21401162900812515
C,270,5,10,1,boneseg,0.7353118375543902
C,270,5,10,1,sam,0.6329728314502648
C,270,5,10,1,microsam,0.6283759709256752
C,270,5,10,1,rf_clicks,0.309410493297571
C,270,10,10,0,boneseg,0.7936557212807089
C,270,10,10,0,sam,0.7551201441618361
C,270,10,10,0,microsam,0.6654394313037639
C,270,10,10,0,rf_clicks,0.3490223931051909
C,270,10,10,1,boneseg,0.7383737634938226
C,270,10,10,1,sam,0.6410023965822653
C,270,10,10,1,microsam,0.5097910279511858
C,270,10,10,1,rf_clicks,0.2560951724957473
C,270,25,25,0,boneseg,0.8056433210461647
C,270,25,25,0,sam,0.6742661811696515
C,270,25,25,0,microsam,0.6153691349453114
C,270,25,25,0,rf_clicks,0.2984292352827805
C,270,25,25,1,boneseg,0.7841181165203511
C,270,25,25,1,sam,0.6346266847846046
C,270,25,25,1,microsam,0.6943145925457991
C,270,25,25,1,rf_clicks,0.202548480496695
C,270,50,50,0,boneseg,0.8013619529289953
C,270,50,50,0,sam,0.5999219359875098
C,270,50,50,0,microsam,0.6509910721991542
C,270,50,50,0,rf_clicks,0.34586253193671007
C,270,50,50,1,boneseg,0.7625238958111499
C,270,50,50,1,sam,0.6511381883441957
C,270,50,50,1,microsam,0.6936870653312209
C,270,50,50,1,rf_clicks,0.2741214797464565
C,334,1,2,0,boneseg,0.4224428220436414
C,334,1,2,0,sam,0.14955718241890817
C,334,1,2,0,microsam,0.15077352785649398
C,334,1,2,0,rf_clicks,0.18109852416843436
C,334,1,2,1,boneseg,0.39131679151837934
C,334,1,2,1,sam,0.47856116153203504
C,334,1,2,1,microsam,0.4647944726933975
C,334,1,2,1,rf_clicks,0.12962232207640118
C,334,3,6,0,boneseg,0.7447035206474384
C,334,3,6,0,sam,0.5893202251911605
C,334,3,6,0,microsam,0.6625659790128908
C,334,3,6,0,rf_clicks,0.2950577262128192
C,334,3,6,1,boneseg,0.7399007254677358
C,334,3,6,1,sam,0.7695470829737716
C,334,3,6,1,microsam,0.6742608113192724
C,334,3,6,1,rf_clicks,0.1224705368250941
C,334,5,10,0,boneseg,0.6533828856081023
C,334,5,10,0,sam,0.6276169115280986
C,334,5,10,0,microsam,0.7608119982003907
C,334,5,10,0,rf_clicks,0.24563958640111616
C,334,5,10,1,boneseg,0.6543187362921709
C,334,5,10,1,sam,0.8201864508847039
C,334,5,10,1,microsam,0.7195381963346035
C,334,5,10,1,rf_clicks,0.2154204002877886
C,334,10,10,0,boneseg,0.8320940852739275
C,334,10,10,0,sam,0.82076562680148
C,334,10,10,0,microsam,0.7617739638880207
C,334,10,10,0,rf_clicks,0.37341353741699174
C,334,10,10,1,boneseg,0.7454286487260691
C,334,10,10,1,sam,0.6786205610091636
C,334,10,10,1,microsam,0.7206019909199449
C,334,10,10,1,rf_clicks,0.23507960819701143
C,334,25,25,0,boneseg,0.8636082060999162
C,334,25,25,0,sam,0.8677588988288534
C,334,25,25,0,microsam,0.8297979331506624
C,334,25,25,0,rf_clicks,0.248689734086674
C,334,25,25,1,boneseg,0.8588875346081509
C,334,25,25,1,sam,0.8207326064789395
C,334,25,25,1,microsam,0.8302609135563614
C,334,25,25,1,rf_clicks,0.2756313675642923
C,334,50,50,0,boneseg,0.8657959196450232
C,334,50,50,0,sam,0.7568099846084096
C,334,50,50,0,microsam,0.8441890210296814
C,334,50,50,0,rf_clicks,0.3161639106486781
C,334,50,50,1,boneseg,0.8154482739815673
C,334,50,50,1,sam,0.8142519177001936
C,334,50,50,1,microsam,0.8027172519866701
C,334,50,50,1,rf_clicks,0.29370232145615444
C,386,1,2,0,boneseg,0.33665013243027686
C,386,1,2,0,sam,0.3033997102916281
C,386,1,2,0,microsam,0.30397906938464336
C,386,1,2,0,rf_clicks,0.23990250818573278
C,386,1,2,1,boneseg,0.16192633387414995
C,386,1,2,1,sam,0.1347659233236597
C,386,1,2,1,microsam,0.1211375603037724
C,386,1,2,1,rf_clicks,0.20897018628522607
C,386,3,6,0,boneseg,0.7884964739506483
C,386,3,6,0,sam,0.6506095823984482
C,386,3,6,0,microsam,0.39479016126545147
C,386,3,6,0,rf_clicks,0.2942307537303207
C,386,3,6,1,boneseg,0.6626439818239459
C,386,3,6,1,sam,0.6837835595985291
C,386,3,6,1,microsam,0.5066769024513035
C,386,3,6,1,rf_clicks,0.19289166258349022
C,386,5,10,0,boneseg,0.8106681856775899
C,386,5,10,0,sam,0.7878485579794987
C,386,5,10,0,microsam,0.6116018109601977
C,386,5,10,0,rf_clicks,0.28519912390385826
C,386,5,10,1,boneseg,0.806345971075563
C,386,5,10,1,sam,0.8478279070254204
C,386,5,10,1,microsam,0.4054365464778876
C,386,5,10,1,rf_clicks,0.3100933326795142
C,386,10,10,0,boneseg,0.7478399942279595
C,386,10,10,0,sam,0.8455756271174003
C,386,10,10,0,microsam,0.6709483297115156
C,386,10,10,0,rf_clicks,0.3313159717121692
C,386,10,10,1,boneseg,0.7429710513261762
C,386,10,10,1,sam,0.8181779672631135
C,386,10,10,1,microsam,0.5154067630482725
C,386,10,10,1,rf_clicks,0.25794978458860873
C,386,25,25,0,boneseg,0.7747516774230059
C,386,25,25,0,sam,0.8450626074146821
C,386,25,25,0,microsam,0.7489663500118459
C,386,25,25,0,rf_clicks,0.28751490609056246
C,386,25,25,1,boneseg,0.7821415604137569
C,386,25,25,1,sam,0.7719551767961861
C,386,25,25,1,microsam,0.6297908298276221
C,386,25,25,1,rf_clicks,0.3379854053060604
C,386,50,50,0,boneseg,0.7868216030000696
C,386,50,50,0,sam,0.7941963269546718
C,386,50,50,0,microsam,0.7736351408193546
C,386,50,50,0,rf_clicks,0.41776233286329767
C,386,50,50,1,boneseg,0.8044713323389188
C,386,50,50,1,sam,0.8381871428783082
C,386,50,50,1,microsam,0.7530631504933925
C,386,50,50,1,rf_clicks,0.37244130148651006
C,438,1,2,0,boneseg,0.7212062165170547
C,438,1,2,0,sam,0.19745532982908998
C,438,1,2,0,microsam,0.19734671096227313
C,438,1,2,0,rf_clicks,0.18290269196874012
C,438,1,2,1,boneseg,0.29060528908279065
C,438,1,2,1,sam,0.23848114315168523
C,438,1,2,1,microsam,0.24450509370785636
C,438,1,2,1,rf_clicks,0.23241732234239224
C,438,3,6,0,boneseg,0.4679200096431377
C,438,3,6,0,sam,0.6120245351158239
C,438,3,6,0,microsam,0.4632640942435384
C,438,3,6,0,rf_clicks,0.19617317728045766
C,438,3,6,1,boneseg,0.6629538516849145
C,438,3,6,1,sam,0.48153213312676957
C,438,3,6,1,microsam,0.3457102496752123
C,438,3,6,1,rf_clicks,0.22056888386650708
C,438,5,10,0,boneseg,0.6610076709763388
C,438,5,10,0,sam,0.6411732107859701
C,438,5,10,0,microsam,0.5094538482051022
C,438,5,10,0,rf_clicks,0.25351252226209287
C,438,5,10,1,boneseg,0.8040680152802556
C,438,5,10,1,sam,0.659228478093774
C,438,5,10,1,microsam,0.37875832251379893
C,438,5,10,1,rf_clicks,0.2418480562832348
C,438,10,10,0,boneseg,0.8287365159600789
C,438,10,10,0,sam,0.8355040024698437
C,438,10,10,0,microsam,0.358251031070606
C,438,10,10,0,rf_clicks,0.24338907010901578
C,438,10,10,1,boneseg,0.766274305420795
C,438,10,10,1,sam,0.6063765791056748
C,438,10,10,1,microsam,0.38714470946854035
C,438,10,10,1,rf_clicks,0.23071745165045715
C,438,25,25,0,boneseg,0.8344903868858978
C,438,25,25,0,sam,0.790580135835678
C,438,25,25,0,microsam,0.3267994197088299
C,438,25,25,0,rf_clicks,0.32807636981822935
C,438,25,25,1,boneseg,0.8212970326036915
C,438,25,25,1,sam,0.8140319755194358
C,438,25,25,1,microsam,0.42373125760857205
C,438,25,25,1,rf_clicks,0.3031923135770538
C,438,50,50,0,boneseg,0.8355789004236763
C,438,50,50,0,sam,0.7775969949677959
C,438,50,50,0,microsam,0.43585596796221
C,438,50,50,0,rf_clicks,0.38453164649144506
C,438,50,50,1,boneseg,0.8146138896268229
C,438,50,50,1,sam,0.7514012580183098
C,438,50,50,1,microsam,0.363971401331061
C,438,50,50,1,rf_clicks,0.34932712747540073
C,489,1,2,0,boneseg,0.5771566843808297
C,489,1,2,0,sam,0.35594873138831157
C,489,1,2,0,microsam,0.3314552992452429
C,489,1,2,0,rf_clicks,0.26302060501683594
C,489,1,2,1,boneseg,0.5047263157092522
C,489,1,2,1,sam,0.5585939368174935
C,489,1,2,1,microsam,0.00021557090982074164
C,489,1,2,1,rf_clicks,0.25458704191735865
C,489,3,6,0,boneseg,0.8357927335027294
C,489,3,6,0,sam,0.5474003200850479
C,489,3,6,0,microsam,0.6367810714989167
C,489,3,6,0,rf_clicks,0.24810450957274816
C,489,3,6,1,boneseg,0.7784989827499972
C,489,3,6,1,sam,0.7469466319710889
C,489,3,6,1,microsam,0.5383067861290858
C,489,3,6,1,rf_clicks,0.1804057026055008
C,489,5,10,0,boneseg,0.7794536996566734
C,489,5,10,0,sam,0.7365595143923962
C,489,5,10,0,microsam,0.5776496697180138
C,489,5,10,0,rf_clicks,0.2594680663718546
C,489,5,10,1,boneseg,0.8098420934440207
C,489,5,10,1,sam,0.8208451968041967
C,489,5,10,1,microsam,0.6352242654411236
C,489,5,10,1,rf_clicks,0.3653764861294584
C,489,10,10,0,boneseg,0.7149754457566085
C,489,10,10,0,sam,0.8442023464878866
C,489,10,10,0,microsam,0.7205476992315172
C,489,10,10,0,rf_clicks,0.2807824949559853
C,489,10,10,1,boneseg,0.8174440557610791
C,489,10,10,1,sam,0.8236760187992106
C,489,10,10,1,microsam,0.6230192370394523
C,489,10,10,1,rf_clicks,0.32555531833275186
C,489,25,25,0,boneseg,0.8426334062537413
C,489,25,25,0,sam,0.8503782962982581
C,489,25,25,0,microsam,0.7788539905192249
C,489,25,25,0,rf_clicks,0.3394423729884694
C,489,25,25,1,boneseg,0.781412723810503
C,489,25,25,1,sam,0.8360999227686905
C,489,25,25,1,microsam,0.6607033285278425
C,489,25,25,1,rf_clicks,0.34753570485342217
C,489,50,50,0,boneseg,0.8412096578500364
C,489,50,50,0,sam,0.83190938983769
C,489,50,50,0,microsam,0.7926153391842984
C,489,50,50,0,rf_clicks,0.43166937895015706
C,489,50,50,1,boneseg,0.8020101732318683
C,489,50,50,1,sam,0.8106353340612026
C,489,50,50,1,microsam,0.7965502521974719
C,489,50,50,1,rf_clicks,0.3810922161784987
C,541,1,2,0,boneseg,0.12354427511902252
C,541,1,2,0,sam,0.07055822635912648
C,541,1,2,0,microsam,0.07724295731648531
C,541,1,2,0,rf_clicks,0.19481361228673658
C,541,1,2,1,boneseg,0.5670588377719086
C,541,1,2,1,sam,0.2924193319873906
C,541,1,2,1,microsam,0.15708237081880624
C,541,1,2,1,rf_clicks,0.1523188722771607
C,541,3,6,0,boneseg,0.7775243609275903
C,541,3,6,0,sam,0.7434967389017463
C,541,3,6,0,microsam,0.5906740664380992
C,541,3,6,0,rf_clicks,0.4316288295507164
C,541,3,6,1,boneseg,0.7247417262130121
C,541,3,6,1,sam,0.7421670768074945
C,541,3,6,1,microsam,0.554873166734173
C,541,3,6,1,rf_clicks,0.3232604494296866
C,541,5,10,0,boneseg,0.7421695945973193
C,541,5,10,0,sam,0.8328043780891199
C,541,5,10,0,microsam,0.4632509636779592
C,541,5,10,0,rf_clicks,0.3190743327835153
C,541,5,10,1,boneseg,0.7844365989495523
C,541,5,10,1,sam,0.48991565754488076
C,541,5,10,1,microsam,0.7358370365766493
C,541,5,10,1,rf_clicks,0.37258158512968925
C,541,10,10,0,boneseg,0.8278131718608175
C,541,10,10,0,sam,0.8010031876992312
C,541,10,10,0,microsam,0.7686735252024967
C,541,10,10,0,rf_clicks,0.3105478245492131
C,541,10,10,1,boneseg,0.7822817341530015
C,541,10,10,1,sam,0.8271805985679191
C,541,10,10,1,microsam,0.7229737144880077
C,541,10,10,1,rf_clicks,0.3501713594285498
C,541,25,25,0,boneseg,0.8175543368053781
C,541,25,25,0,sam,0.7937809856578107
C,541,25,25,0,microsam,0.7464285143195228
C,541,25,25,0,rf_clicks,0.37585205660474574
C,541,25,25,1,boneseg,0.750835117019076
C,541,25,25,1,sam,0.8140559677601596
C,541,25,25,1,microsam,0.7505095009435901
C,541,25,25,1,rf_clicks,0.4802938075295598
C,541,50,50,0,boneseg,0.8404612489812072
C,541,50,50,0,sam,0.8011490517800361
C,541,50,50,0,microsam,0.808033475127085
C,541,50,50,0,rf_clicks,0.565177515878266
C,541,50,50,1,boneseg,0.7957631139887649
C,541,50,50,1,sam,0.7535499442632192
C,541,50,50,1,microsam,0.7838739570264499
C,541,50,50,1,rf_clicks,0.44064333083845364
D,48,1,2,0,boneseg,0.5035907080112605
D,48,1,2,0,sam,0.5893729046791735
D,48,1,2,0,microsam,0.2581185083877563
D,48,1,2,0,rf_clicks,0.18101714082809456
D,48,1,2,1,boneseg,0.34438355547458255
D,48,1,2,1,sam,0.3515049682978487
D,48,1,2,1,microsam,0.07043101890494179
D,48,1,2,1,rf_clicks,0.17530968947877673
D,48,3,6,0,boneseg,0.7387272302165919
D,48,3,6,0,sam,0.7527450507232434
D,48,3,6,0,microsam,0.445335138649055
D,48,3,6,0,rf_clicks,0.16225841761297893
D,48,3,6,1,boneseg,0.750621867550224
D,48,3,6,1,sam,0.6637000372811714
D,48,3,6,1,microsam,0.43481208011203704
D,48,3,6,1,rf_clicks,0.13487253852880296
D,48,5,10,0,boneseg,0.7459100691158657
D,48,5,10,0,sam,0.7434601380833565
D,48,5,10,0,microsam,0.3565623632760812
D,48,5,10,0,rf_clicks,0.2833017036984336
D,48,5,10,1,boneseg,0.7091703962200164
D,48,5,10,1,sam,0.7341119655108089
D,48,5,10,1,microsam,0.2900537953887669
D,48,5,10,1,rf_clicks,0.18504701958200898
D,48,10,10,0,boneseg,0.7454760941203676
D,48,10,10,0,sam,0.7607260726072608
D,48,10,10,0,microsam,0.37700157924961714
D,48,10,10,0,rf_clicks,0.2667798915259102
D,48,10,10,1,boneseg,0.6906633354688182
D,48,10,10,1,sam,0.7787274957867613
D,48,10,10,1,microsam,0.312693722572962
D,48,10,10,1,rf_clicks,0.21484900201281382
D,48,25,25,0,boneseg,0.7521671639265474
D,48,25,25,0,sam,0.7763370509562862
D,48,25,25,0,microsam,0.34071927934346075
D,48,25,25,0,rf_clicks,0.2869124495098922
D,48,25,25,1,boneseg,0.7876345555766392
D,48,25,25,1,sam,0.7748608885684029
D,48,25,25,1,microsam,0.4772922686140657
D,48,25,25,1,rf_clicks,0.2908408354281378
D,48,50,50,0,boneseg,0.7475933861269072
D,48,50,50,0,sam,0.790882958297968
D,48,50,50,0,microsam,0.42891181519222027
D,48,50,50,0,rf_clicks,0.3758729006553164
D,48,50,50,1,boneseg,0.7329456842318945
D,48,50,50,1,sam,0.804031634878349
D,48,50,50,1,microsam,0.5377950920368233
D,48,50,50,1,rf_clicks,0.2647752156108662
D,72,1,2,0,boneseg,0.49045627213935883
D,72,1,2,0,sam,0.2075395504260225
D,72,1,2,0,microsam,0.12241552053921122
D,72,1,2,0,rf_clicks,0.20572364369448537
D,72,1,2,1,boneseg,0.4983163408894935
D,72,1,2,1,sam,0.20582935261994062
D,72,1,2,1,microsam,0.20150164942605944
D,72,1,2,1,rf_clicks,0.19348323104433662
D,72,3,6,0,boneseg,0.7513698362018173
D,72,3,6,0,sam,0.8417776275262313
D,72,3,6,0,microsam,0.6535598250602289
D,72,3,6,0,rf_clicks,0.14798428503933955
D,72,3,6,1,boneseg,0.7006316072388461
D,72,3,6,1,sam,0.7181803336798378
D,72,3,6,1,microsam,0.5529667619834071
D,72,3,6,1,rf_clicks,0.1917716242507931
D,72,5,10,0,boneseg,0.6200614847742096
D,72,5,10,0,sam,0.8359167864122433
D,72,5,10,0,microsam,0.5519700803529812
D,72,5,10,0,rf_clicks,0.19575881418604998
D,72,5,10,1,boneseg,0.7390289203913348
D,72,5,10,1,sam,0.8394674698671748
D,72,5,10,1,microsam,0.6769289953305251
D,72,5,10,1,rf_clicks,0.2462451385166528
D,72,10,10,0,boneseg,0.7824759677286391
D,72,10,10,0,sam,0.8124245073072868
D,72,10,10,0,microsam,0.6902238131949024
D,72,10,10,0,rf_clicks,0.2568651441885287
D,72,10,10,1,boneseg,0.7266379223652454
D,72,10,10,1,sam,0.8488017012815774
D,72,10,10,1,microsam,0.7160606949787488
D,72,10,10,1,rf_clicks,0.3133542768959436
D,72,25,25,0,boneseg,0.8102859016760581
D,72,25,25,0,sam,0.8272444472256059
D,72,25,25,0,microsam,0.77609005822004
D,72,25,25,0,rf_clicks,0.32216116293332453
D,72,25,25,1,boneseg,0.799138396985991
D,72,25,25,1,sam,0.8310308977628853
D,72,25,25,1,microsam,0.6836577934802821
D,72,25,25,1,rf_clicks,0.2413750572700788
D,72,50,50,0,boneseg,0.8193209070009758
D,72,50,50,0,sam,0.8249015698560825
D,72,50,50,0,microsam,0.7723129129045829
D,72,50,50,0,rf_clicks,0.5021276088252833
D,72,50,50,1,boneseg,0.775411688075299
D,72,50,50,1,sam,0.8215187670612599
D,72,50,50,1,microsam,0.7937434952866567
D,72,50,50,1,rf_clicks,0.3218206753448446
D,104,1,2,0,boneseg,0.3779915371365676
D,104,1,2,0,sam,0.0010146119981039438
D,104,1,2,0,microsam,0.35616918750771187
D,104,1,2,0,rf_clicks,0.23042288165048214
D,104,1,2,1,boneseg,0.25910523377913947
D,104,1,2,1,sam,0.021965629000937514
D,104,1,2,1,microsam,0.0274540821381182
D,104,1,2,1,rf_clicks,0.19529091503257753
D,104,3,6,0,boneseg,0.5772840133151605
D,104,3,6,0,sam,0.7263212873456335
D,104,3,6,0,microsam,0.5758977735896184
D,104,3,6,0,rf_clicks,0.17199815526175358
D,104,3,6,1,boneseg,0.589047794679091
D,104,3,6,1,sam,0.2613773494041041
D,104,3,6,1,microsam,0.38355999863063595
D,104,3,6,1,rf_clicks,0.23101326686624923
D,104,5,10,0,boneseg,0.42632333203158734
D,104,5,10,0,sam,0.7470618123978262
D,104,5,10,0,microsam,0.48674177605411234
D,104,5,10,0,rf_clicks,0.2223279369413198
D,104,5,10,1,boneseg,0.6373421218289452
D,104,5,10,1,sam,0.2652799496593081
D,104,5,10,1,microsam,0.35665660403530236
D,104,5,10,1,rf_clicks,0.24367511589411564
D,104,10,10,0,boneseg,0.688492103668126
D,104,10,10,0,sam,0.7392476921040984
D,104,10,10,0,microsam,0.6318408499566349
D,104,10,10,0,rf_clicks,0.2677182986276047
D,104,10,10,1,boneseg,0.6922448465328894
D,104,10,10,1,sam,0.7379815801342404
D,104,10,10,1,microsam,0.4700738855187689
D,104,10,10,1,rf_clicks,0.2422796346245974
D,104,25,25,0,boneseg,0.6884617546989944
D,104,25,25,0,sam,0.7622348420297932
D,104,25,25,0,microsam,0.7205913613716509
D,104,25,25,0,rf_clicks,0.29134561987159857
D,104,25,25,1,boneseg,0.7210131648520725
D,104,25,25,1,sam,0.7576875750049052
D,104,25,25,1,microsam,0.7085586602229802
D,104,25,25,1,rf_clicks,0.31664655439195316
D,104,50,50,0,boneseg,0.7116207423074226
D,104,50,50,0,sam,0.7546836130805576
D,104,50,50,0,microsam,0.7109324831586403
D,104,50,50,0,rf_clicks,0.417731973570813
D,104,50,50,1,boneseg,0.6649001630027963
D,104,50,50,1,sam,0.7695365156153545
D,104,50,50,1,microsam,0.736781412500713
D,104,50,50,1,rf_clicks,0.30514916646558604
D,168,1,2,0,boneseg,0.09169181176721233
D,168,1,2,0,sam,0.5131420433576039
D,168,1,2,0,microsam,0.11271465521536865
D,168,1,2,0,rf_clicks,0.12425276022900653
D,168,1,2,1,boneseg,0.39393942763649764
D,168,1,2,1,sam,0.31923745048379765
D,168,1,2,1,microsam,0.26036923467684286
D,168,1,2,1,rf_clicks,0.2607744757710125
D,168,3,6,0,boneseg,0.7030756384254059
D,168,3,6,0,sam,0.7738940502999823
D,168,3,6,0,microsam,0.5003088711855253
D,168,3,6,0,rf_clicks,0.333123831243618
D,168,3,6,1,boneseg,0.7763007759014149
D,168,3,6,1,sam,0.8080950189326583
D,168,3,6,1,microsam,0.4892596388051804
D,168,3,6,1,rf_clicks,0.21402122558447034
D,168,5,10,0,boneseg,0.6622750811980429
D,168,5,10,0,sam,0.8522728011100407
D,168,5,10,0,microsam,0.6131650681474003
D,168,5,10,0,rf_clicks,0.30738090317391775
D,168,5,10,1,boneseg,0.7383577731547007
D,168,5,10,1,sam,0.8517579934594807
D,168,5,10,1,microsam,0.5072900595669899
D,168,5,10,1,rf_clicks,0.31920739590432384
D,168,10,10,0,boneseg,0.7762300118190748
D,168,10,10,0,sam,0.8534845606808099
D,168,10,10,0,microsam,0.7265357426728247
D,168,10,10,0,rf_clicks,0.26942887178326375
D,168,10,10,1,boneseg,0.7026519642846527
D,168,10,10,1,sam,0.8554953205036288
D,168,10,10,1,microsam,0.5915969543432554
D,168,10,10,1,rf_clicks,0.3052562219198422
D,168,25,25,0,boneseg,0.8198252720178515
D,168,25,25,0,sam,0.859152883507769
D,168,25,25,0,microsam,0.7302865953542076
D,168,25,25,0,rf_clicks,0.36961569899427504
D,168,25,25,1,boneseg,0.8252440164194379
D,168,25,25,1,sam,0.8553196690462389
D,168,25,25,1,microsam,0.6423961427079553
D,168,25,25,1,rf_clicks,0.41991244745053696
D,168,50,50,0,boneseg,0.8078174891376347
D,168,50,50,0,sam,0.8583804900879776
D,168,50,50,0,microsam,0.7836046964527038
D,168,50,50,0,rf_clicks,0.4964042213603988
D,168,50,50,1,boneseg,0.796089237121409
D,168,50,50,1,sam,0.8576151304540456
D,168,50,50,1,microsam,0.7692039520719073
D,168,50,50,1,rf_clicks,0.37235415130383875
D,200,1,2,0,boneseg,0.06528490912062986
D,200,1,2,0,sam,0.46711529907912297
D,200,1,2,0,microsam,0.2809642656453063
D,200,1,2,0,rf_clicks,0.2824165205253928
D,200,1,2,1,boneseg,0.46859056186490855
D,200,1,2,1,sam,0.20362254687919368
D,200,1,2,1,microsam,9.525623928367309e-05
D,200,1,2,1,rf_clicks,0.26755736150026466
D,200,3,6,0,boneseg,0.7063432622878387
D,200,3,6,0,sam,0.8715281263758914
D,200,3,6,0,microsam,0.4903422522493909
D,200,3,6,0,rf_clicks,0.3172444610562387
D,200,3,6,1,boneseg,0.6046903701835892
D,200,3,6,1,sam,0.5486657268302801
D,200,3,6,1,microsam,0.3312204833529281
D,200,3,6,1,rf_clicks,0.32235728124903174
D,200,5,10,0,boneseg,0.7396332340394961
D,200,5,10,0,sam,0.870966950818064
D,200,5,10,0,microsam,0.6756252428593998
D,200,5,10,0,rf_clicks,0.3085769940176306
D,200,5,10,1,boneseg,0.7718436085795183
D,200,5,10,1,sam,0.8663324830677965
D,200,5,10,1,microsam,0.7032817102420132
D,200,5,10,1,rf_clicks,0.31839397365120486
D,200,10,10,0,boneseg,0.7436700554690371
D,200,10,10,0,sam,0.8726261087153687
D,200,10,10,0,microsam,0.7421439513811598
D,200,10,10,0,rf_clicks,0.413497950136899
D,200,10,10,1,boneseg,0.7880474161667101
D,200,10,10,1,sam,0.8649460930074806
D,200,10,10,1,microsam,0.7256268163567512
D,200,10,10,1,rf_clicks,0.3216363913006644
D,200,25,25,0,boneseg,0.7657866362262296
D,200,25,25,0,sam,0.8749369292717433
D,200,25,25,0,microsam,0.7676104974419217
D,200,25,25,0,rf_clicks,0.45478693398308456
D,200,25,25,1,boneseg,0.7839297349997305
D,200,25,25,1,sam,0.8752297835714415
D,200,25,25,1,microsam,0.6934736372644099
D,200,25,25,1,rf_clicks,0.4706479826436779
D,200,50,50,0,boneseg,0.7796341398912444
D,200,50,50,0,sam,0.8755160152947347
D,200,50,50,0,microsam,0.7593761612598597
D,200,50,50,0,rf_clicks,0.5330213435453378
D,200,50,50,1,boneseg,0.7838010658065593
D,200,50,50,1,sam,0.8734705416154028
D,200,50,50,1,microsam,0.7607615329668204
D,200,50,50,1,rf_clicks,0.4298200442933027
D,232,1,2,0,boneseg,0.596248246132501
D,232,1,2,0,sam,0.07441721286476347
D,232,1,2,0,microsam,0.13018443141036234
D,232,1,2,0,rf_clicks,0.252181604300004
D,232,1,2,1,boneseg,0.3207629987136727
D,232,1,2,1,sam,0.6240783254757878
D,232,1,2,1,microsam,0.27213314764991386
D,232,1,2,1,rf_clicks,0.1648394056636613
D,232,3,6,0,boneseg,0.6367540471333709
D,232,3,6,0,sam,0.7754639843536226
D,232,3,6,0,microsam,0.39089632890993614
D,232,3,6,0,rf_clicks,0.24175289273388056
D,232,3,6,1,boneseg,0.629135718618752
D,232,3,6,1,sam,0.7249005698653346
D,232,3,6,1,microsam,0.47122892930193866
D,232,3,6,1,rf_clicks,0.18621658622557824
D,232,5,10,0,boneseg,0.7765622850749081
D,232,5,10,0,sam,0.8456940299039644
D,232,5,10,0,microsam,0.7527322282585117
D,232,5,10,0,rf_clicks,0.3359574984686068
D,232,5,10,1,boneseg,0.785860942720525
D,232,5,10,1,sam,0.8482686700914309
D,232,5,10,1,microsam,0.5992651927246291
D,232,5,10,1,rf_clicks,0.2266599281649734
D,232,10,10,0,boneseg,0.7897452837719914
D,232,10,10,0,sam,0.8413875598086125
D,232,10,10,0,microsam,0.670417020591045
D,232,10,10,0,rf_clicks,0.2811357145753386
D,232,10,10,1,boneseg,0.7507563205781399
D,232,10,10,1,sam,0.829216690162414
D,232,10,10,1,microsam,0.5503643388237586
D,232,10,10,1,rf_clicks,0.27445769008764825
D,232,25,25,0,boneseg,0.7938692600118055
D,232,25,25,0,sam,0.8651627766240608
D,232,25,25,0,microsam,0.6943992436569911
D,232,25,25,0,rf_clicks,0.48282895191439373
D,232,25,25,1,boneseg,0.792877680788362
D,232,25,25,1,sam,0.8589952189041027
D,232,25,25,1,microsam,0.7381565231928096
D,232,25,25,1,rf_clicks,0.46265383788231557
D,232,50,50,0,boneseg,0.7701247600767754
D,232,50,50,0,sam,0.8603270322408307
D,232,50,50,0,microsam,0.7499801815478808
D,232,50,50,0,rf_clicks,0.5231887422132754
D,232,50,50,1,boneseg,0.7838114392576127
D,232,50,50,1,sam,0.8586147358008701
D,232,50,50,1,microsam,0.6980209599513787
D,232,50,50,1,rf_clicks,0.39833067334988637
D,264,1,2,0,boneseg,0.27757077473294467
D,264,1,2,0,sam,0.35778974365751337
D,264,1,2,0,microsam,0.13788935312258876
D,264,1,2,0,rf_clicks,0.15914910404177612
D,264,1,2,1,boneseg,0.47542865443517174
D,264,1,2,1,sam,0.24139802892217851
D,264,1,2,1,microsam,0.3604730879193983
D,264,1,2,1,rf_clicks,0.15511140714271007
D,264,3,6,0,boneseg,0.6713186559852458
D,264,3,6,0,sam,0.7589920818090234
D,264,3,6,0,microsam,0.6086838463747682
D,264,3,6,0,rf_clicks,0.276883523893187
D,264,3,6,1,boneseg,0.6266751168897132
D,264,3,6,1,sam,0.7360007131139084
D,264,3,6,1,microsam,0.4616828241146378
D,264,3,6,1,rf_clicks,0.3129478241713404
D,264,5,10,0,boneseg,0.5699350137532775
D,264,5,10,0,sam,0.733329561252338
D,264,5,10,0,microsam,0.6134011782363686
D,264,5,10,0,rf_clicks,0.28909365380843316
D,264,5,10,1,boneseg,0.6889004611931568
D,264,5,10,1,sam,0.8096179480154037
D,264,5,10,1,microsam,0.583493550702213
D,264,5,10,1,rf_clicks,0.31773027706925067
D,264,10,10,0,boneseg,0.7416945849122816
D,264,10,10,0,sam,0.7857151551163442
D,264,10,10,0,microsam,0.6129051499048602
D,264,10,10,0,rf_clicks,0.3115052631987668
D,264,10,10,1,boneseg,0.5512347447959902
D,264,10,10,1,sam,0.790403319903769
D,264,10,10,1,microsam,0.638007108885548
D,264,10,10,1,rf_clicks,0.25869766693449886
D,264,25,25,0,boneseg,0.7618735428552487
D,264,25,25,0,sam,0.7996362473406844
D,264,25,25,0,microsam,0.6959901333433549
D,264,25,25,0,rf_clicks,0.327786803551537
D,264,25,25,1,boneseg,0.7560011695796116
D,264,25,25,1,sam,0.7937195140826696
D,264,25,25,1,microsam,0.6541810294888932
D,264,25,25,1,rf_clicks,0.37175443622937104
D,264,50,50,0,boneseg,0.7521648796530146
D,264,50,50,0,sam,0.7746134860513073
D,264,50,50,0,microsam,0.7357924251596349
D,264,50,50,0,rf_clicks,0.46424299001418307
D,264,50,50,1,boneseg,0.7102705755967259
D,264,50,50,1,sam,0.7768674853932946
D,264,50,50,1,microsam,0.752536226709458
D,264,50,50,1,rf_clicks,0.3962977754640601
D,328,1,2,0,boneseg,0.24522743188584886
D,328,1,2,0,sam,0.2084902703574269
D,328,1,2,0,microsam,0.0025799001584737727
D,328,1,2,0,rf_clicks,0.15753238146958912
D,328,1,2,1,boneseg,0.46329414756707693
D,328,1,2,1,sam,0.610062004491471
D,328,1,2,1,microsam,0.1452463139867812
D,328,1,2,1,rf_clicks,0.2540625980391325
D,328,3,6,0,boneseg,0.474471511905771
D,328,3,6,0,sam,0.6283050298342906
D,328,3,6,0,microsam,0.430202294846567
D,328,3,6,0,rf_clicks,0.3170371508966555
D,328,3,6,1,boneseg,0.459660202687644
D,328,3,6,1,sam,0.7534321770630763
D,328,3,6,1,microsam,0.38912343769594115
D,328,3,6,1,rf_clicks,0.17760952161714327
D,328,5,10,0,boneseg,0.37430592810433216
D,328,5,10,0,sam,0.6946182947991629
D,328,5,10,0,microsam,0.4846061873221123
D,328,5,10,0,rf_clicks,0.22323113778590295
D,328,5,10,1,boneseg,0.619417662194363
D,328,5,10,1,sam,0.7367472067301053
D,328,5,10,1,microsam,0.455721440455073
D,328,5,10,1,rf_clicks,0.30714482501655777
D,328,10,10,0,boneseg,0.5854117972743051
D,328,10,10,0,sam,0.7380540061914653
D,328,10,10,0,microsam,0.5383422977842088
D,328,10,10,0,rf_clicks,0.3892397528949245
D,328,10,10,1,boneseg,0.6932309366728836
D,328,10,10,1,sam,0.7607586638030633
D,328,10,10,1,microsam,0.563972264830695
D,328,10,10,1,rf_clicks,0.37121321189204753
D,328,25,25,0,boneseg,0.6673111432895438
D,328,25,25,0,sam,0.7596942002396498
D,328,25,25,0,microsam,0.6262262083202257
D,328,25,25,0,rf_clicks,0.4177715599721851
D,328,25,25,1,boneseg,0.6237902548947762
D,328,25,25,1,sam,0.7539783837321502
D,328,25,25,1,microsam,0.626357213163537
D,328,25,25,1,rf_clicks,0.43081573018728886
D,328,50,50,0,boneseg,0.6991604141764715
D,328,50,50,0,sam,0.7629627640912766
D,328,50,50,0,microsam,0.7181213268056434
D,328,50,50,0,rf_clicks,0.4918818625690305
D,328,50,50,1,boneseg,0.6780146688560482
D,328,50,50,1,sam,0.7554842063258705
D,328,50,50,1,microsam,0.6476981495875798
D,328,50,50,1,rf_clicks,0.4518748753693159
D,360,1,2,0,boneseg,0.3619527420989522
D,360,1,2,0,sam,0.4347747806599997
D,360,1,2,0,microsam,0.08323807736490713
D,360,1,2,0,rf_clicks,0.16148256189575316
D,360,1,2,1,boneseg,0.3608813581477427
D,360,1,2,1,sam,0.20866300195141
D,360,1,2,1,microsam,0.013886064787330678
D,360,1,2,1,rf_clicks,0.2626960960221095
D,360,3,6,0,boneseg,0.6171066500257156
D,360,3,6,0,sam,0.8177089287755802
D,360,3,6,0,microsam,0.5910750776023819
D,360,3,6,0,rf_clicks,0.32775937561745017
D,360,3,6,1,boneseg,0.6041376743286176
D,360,3,6,1,sam,0.7692075009944976
D,360,3,6,1,microsam,0.33067847905107284
D,360,3,6,1,rf_clicks,0.3030218727547015
D,360,5,10,0,boneseg,0.5059213620362504
D,360,5,10,0,sam,0.8589158924632778
D,360,5,10,0,microsam,0.522329489786926
D,360,5,10,0,rf_clicks,0.2743102355258954
D,360,5,10,1,boneseg,0.6317428446795055
D,360,5,10,1,sam,0.846475566320278
D,360,5,10,1,microsam,0.46521862898382776
D,360,5,10,1,rf_clicks,0.3035169327144321
D,360,10,10,0,boneseg,0.7420683579916775
D,360,10,10,0,sam,0.8545092993569845
D,360,10,10,0,microsam,0.5205821938498097
D,360,10,10,0,rf_clicks,0.3246613078447619
D,360,10,10,1,boneseg,0.7536704803853109
D,360,10,10,1,sam,0.847203584354831
D,360,10,10,1,microsam,0.5292516067576081
D,360,10,10,1,rf_clicks,0.3812465182736591
D,360,25,25,0,boneseg,0.7199732513686518
D,360,25,25,0,sam,0.8492193560397139
D,360,25,25,0,microsam,0.5403515816205622
D,360,25,25,0,rf_clicks,0.35952350230043106
D,360,25,25,1,boneseg,0.7758438552251056
D,360,25,25,1,sam,0.8352728708972055
D,360,25,25,1,microsam,0.5412048266904329
D,360,25,25,1,rf_clicks,0.36307623446073356
D,360,50,50,0,boneseg,0.6563671374755793
D,360,50,50,0,sam,0.8350065746299198
D,360,50,50,0,microsam,0.617794368100699
D,360,50,50,0,rf_clicks,0.4550896039694851
D,360,50,50,1,boneseg,0.7283615487114206
D,360,50,50,1,sam,0.8400295236250304
D,360,50,50,1,microsam,0.647610642429573
D,360,50,50,1,rf_clicks,0.38870030439085285
D,392,1,2,0,boneseg,0.3388962876235471
D,392,1,2,0,sam,0.28249276086911235
D,392,1,2,0,microsam,0.1839672524325391
D,392,1,2,0,rf_clicks,0.1071513604179964
D,392,1,2,1,boneseg,0.47566218277631395
D,392,1,2,1,sam,0.31995519613444023
D,392,1,2,1,microsam,0.3275132594021215
D,392,1,2,1,rf_clicks,0.18999338904758187
D,392,3,6,0,boneseg,0.5698026338731093
D,392,3,6,0,sam,0.32097737317582853
D,392,3,6,0,microsam,0.4724762508698326
D,392,3,6,0,rf_clicks,0.17917340351985872
D,392,3,6,1,boneseg,0.6239543274607531
D,392,3,6,1,sam,0.7304980733147354
D,392,3,6,1,microsam,0.34423734110222887
D,392,3,6,1,rf_clicks,0.2223317134395859
D,392,5,10,0,boneseg,0.5607285644672977
D,392,5,10,0,sam,0.7520194986462071
D,392,5,10,0,microsam,0.5717083856998761
D,392,5,10,0,rf_clicks,0.24912589418020337
D,392,5,10,1,boneseg,0.6503643927622675
D,392,5,10,1,sam,0.632058472479406
D,392,5,10,1,microsam,0.5849972611080158
D,392,5,10,1,rf_clicks,0.2640520938368118
D,392,10,10,0,boneseg,0.6514061837100772
D,392,10,10,0,sam,0.8236921602533386
D,392,10,10,0,microsam,0.6793954931858048
D,392,10,10,0,rf_clicks,0.2873379121592168
D,392,10,10,1,boneseg,0.731616839012989
D,392,10,10,1,sam,0.8176390927730939
D,392,10,10,1,microsam,0.6314638350100544
D,392,10,10,1,rf_clicks,0.2601690762838426
D,392,25,25,0,boneseg,0.7160245024825415
D,392,25,25,0,sam,0.8240958630673375
D,392,25,25,0,microsam,0.6332044836952967
D,392,25,25,0,rf_clicks,0.38509075218825406
D,392,25,25,1,boneseg,0.7296558799249858
D,392,25,25,1,sam,0.8176694694362463
D,392,25,25,1,microsam,0.6016664433719966
D,392,25,25,1,rf_clicks,0.3943756290440903
D,392,50,50,0,boneseg,0.7338300483138174
D,392,50,50,0,sam,0.7990173334065737
D,392,50,50,0,microsam,0.6616688120037746
D,392,50,50,0,rf_clicks,0.4461769222767443
D,392,50,50,1,boneseg,0.6916544950004663
D,392,50,50,1,sam,0.7954158451212412
D,392,50,50,1,microsam,0.6808588777740412
D,392,50,50,1,rf_clicks,0.34486003604037907
E,48,1,2,0,boneseg,0.09423013266857462
E,48,1,2,0,sam,0.7849001413684342
E,48,1,2,0,microsam,0.8022826774718611
E,48,1,2,0,rf_clicks,0.8181017225750838
E,48,1,2,1,boneseg,0.7570929000917274
E,48,1,2,1,sam,0.8137406368869553
E,48,1,2,1,microsam,0.8449888473801607
E,48,1,2,1,rf_clicks,0.6686945500633713
E,48,3,6,0,boneseg,0.8233461958328201
E,48,3,6,0,sam,0.8368023650673165
E,48,3,6,0,microsam,0.8529334542085891
E,48,3,6,0,rf_clicks,0.7985412883317831
E,48,3,6,1,boneseg,0.7432291776554072
E,48,3,6,1,sam,0.8257693012279682
E,48,3,6,1,microsam,0.8008019063972744
E,48,3,6,1,rf_clicks,0.8325646239535374
E,48,5,10,0,boneseg,0.8466058298319328
E,48,5,10,0,sam,0.8613947755324808
E,48,5,10,0,microsam,0.8471121839839344
E,48,5,10,0,rf_clicks,0.659487257612596
E,48,5,10,1,boneseg,0.8396088660802257
E,48,5,10,1,sam,0.8652149999166637
E,48,5,10,1,microsam,0.8158459322528984
E,48,5,10,1,rf_clicks,0.8334476082923288
E,48,10,10,0,boneseg,0.8261435837541196
E,48,10,10,0,sam,0.8265082346481316
E,48,10,10,0,microsam,0.8267862946407165
E,48,10,10,0,rf_clicks,0.8168839684645531
E,48,10,10,1,boneseg,0.8292439429920023
E,48,10,10,1,sam,0.858472609790895
E,48,10,10,1,microsam,0.8302909678102137
E,48,10,10,1,rf_clicks,0.843560980501712
E,48,25,25,0,boneseg,0.8664177102381533
E,48,25,25,0,sam,0.8834016948791265
E,48,25,25,0,microsam,0.8542961667961668
E,48,25,25,0,rf_clicks,0.8585880938592237
E,48,25,25,1,boneseg,0.8716613875376497
E,48,25,25,1,sam,0.8719863932110042
E,48,25,25,1,microsam,0.8511016423588507
E,48,25,25,1,rf_clicks,0.859228391486456
E,48,50,50,0,boneseg,0.8327674804664005
E,48,50,50,0,sam,0.8891650428098388
E,48,50,50,0,microsam,0.8317928322593185
E,48,50,50,0,rf_clicks,0.8443277119790478
E,48,50,50,1,boneseg,0.8685999309171227
E,48,50,50,1,sam,0.881263655025126
E,48,50,50,1,microsam,0.863722884499515
E,48,50,50,1,rf_clicks,0.8627980376337466
E,88,1,2,0,boneseg,0.2210712665056947
E,88,1,2,0,sam,0.16945186002361678
E,88,1,2,0,microsam,0.11874196946370487
E,88,1,2,0,rf_clicks,0.8350473445461615
E,88,1,2,1,boneseg,0.7001096525580376
E,88,1,2,1,sam,0.8202059590236336
E,88,1,2,1,microsam,0.5996309765864692
E,88,1,2,1,rf_clicks,0.7650670549986454
E,88,3,6,0,boneseg,0.7866811297034331
E,88,3,6,0,sam,0.8867160239813193
E,88,3,6,0,microsam,0.8314695961360206
E,88,3,6,0,rf_clicks,0.8619897558414208
E,88,3,6,1,boneseg,0.8539617733940024
E,88,3,6,1,sam,0.8819412547032567
E,88,3,6,1,microsam,0.8400441496997262
E,88,3,6,1,rf_clicks,0.8357897372668458
E,88,5,10,0,boneseg,0.8877740002687677
E,88,5,10,0,sam,0.8843957603875553
E,88,5,10,0,microsam,0.8376245482333766
E,88,5,10,0,rf_clicks,0.8512040164518279
E,88,5,10,1,boneseg,0.8619556608651826
E,88,5,10,1,sam,0.8710681253862752
E,88,5,10,1,microsam,0.8191766895217951
E,88,5,10,1,rf_clicks,0.8447148204476482
E,88,10,10,0,boneseg,0.8140851988287522
E,88,10,10,0,sam,0.8789605155029153
E,88,10,10,0,microsam,0.8474601512914968
E,88,10,10,0,rf_clicks,0.7960340046568743
E,88,10,10,1,boneseg,0.8469539060050276
E,88,10,10,1,sam,0.8826158985188733
E,88,10,10,1,microsam,0.8224324686914879
E,88,10,10,1,rf_clicks,0.8360239216018402
E,88,25,25,0,boneseg,0.8890942469807717
E,88,25,25,0,sam,0.858966803174779
E,88,25,25,0,microsam,0.8418354860843154
E,88,25,25,0,rf_clicks,0.8562205590492815
E,88,25,25,1,boneseg,0.8801144363766875
E,88,25,25,1,sam,0.888513066368623
E,88,25,25,1,microsam,0.8504924311508298
E,88,25,25,1,rf_clicks,0.8787475307814676
E,88,50,50,0,boneseg,0.8951280395317843
E,88,50,50,0,sam,0.8860710663488446
E,88,50,50,0,microsam,0.8719467637533457
E,88,50,50,0,rf_clicks,0.8813493619785554
E,88,50,50,1,boneseg,0.8758572020578052
E,88,50,50,1,sam,0.8709408410192903
E,88,50,50,1,microsam,0.8369656001378764
E,88,50,50,1,rf_clicks,0.873770199450608
E,128,1,2,0,boneseg,0.4495931177060347
E,128,1,2,0,sam,0.24978861826807902
E,128,1,2,0,microsam,0.09290154394810059
E,128,1,2,0,rf_clicks,0.7357154660310827
E,128,1,2,1,boneseg,0.2906543361917419
E,128,1,2,1,sam,0.8578736269194881
E,128,1,2,1,microsam,0.6806272444338042
E,128,1,2,1,rf_clicks,0.7937706609986767
E,128,3,6,0,boneseg,0.8070782827421726
E,128,3,6,0,sam,0.8765299888345048
E,128,3,6,0,microsam,0.7932231259599515
E,128,3,6,0,rf_clicks,0.7960973674775538
E,128,3,6,1,boneseg,0.826466331442933
E,128,3,6,1,sam,0.8629075529194935
E,128,3,6,1,microsam,0.802138431924427
E,128,3,6,1,rf_clicks,0.8048410026187804
E,128,5,10,0,boneseg,0.7868768614242722
E,128,5,10,0,sam,0.8482140920037317
E,128,5,10,0,microsam,0.7933761324334798
E,128,5,10,0,rf_clicks,0.767947915508941
E,128,5,10,1,boneseg,0.836640703302239
E,128,5,10,1,sam,0.8802532084317678
E,128,5,10,1,microsam,0.7966190313432422
E,128,5,10,1,rf_clicks,0.8105107073785192
E,128,10,10,0,boneseg,0.8449559471820017
E,128,10,10,0,sam,0.8719936058285332
E,128,10,10,0,microsam,0.8268658118453807
E,128,10,10,0,rf_clicks,0.8901851824373451
E,128,10,10,1,boneseg,0.8717412342738033
E,128,10,10,1,sam,0.8259825970329904
E,128,10,10,1,microsam,0.8087843361595297
E,128,10,10,1,rf_clicks,0.7972540748129863
E,128,25,25,0,boneseg,0.8080604879009218
E,128,25,25,0,sam,0.8667996019625246
E,128,25,25,0,microsam,0.8212138263950085
E,128,25,25,0,rf_clicks,0.8709293362814244
E,128,25,25,1,boneseg,0.8547580922881763
E,128,25,25,1,sam,0.8706208019844146
E,128,25,25,1,microsam,0.8303007281261283
E,128,25,25,1,rf_clicks,0.8814407477686929
E,128,50,50,0,boneseg,0.8353994677648064
E,128,50,50,0,sam,0.8568829593693147
E,128,50,50,0,microsam,0.8234809106203369
E,128,50,50,0,rf_clicks,0.8834706281892754
E,128,50,50,1,boneseg,0.8512174456260277
E,128,50,50,1,sam,0.8638690656387928
E,128,50,50,1,microsam,0.8030574038301018
E,128,50,50,1,rf_clicks,0.8324970522730251
E,168,1,2,0,boneseg,0.6931487690266586
E,168,1,2,0,sam,0.4941088721658612
E,168,1,2,0,microsam,0.43690509016709866
E,168,1,2,0,rf_clicks,0.5994764439870409
E,168,1,2,1,boneseg,0.6719534743859604
E,168,1,2,1,sam,0.6318879951757765
E,168,1,2,1,microsam,0.4355067119554868
E,168,1,2,1,rf_clicks,0.6250295784988078
E,168,3,6,0,boneseg,0.846210815838493
E,168,3,6,0,sam,0.7807580964364927
E,168,3,6,0,microsam,0.6514574312069908
E,168,3,6,0,rf_clicks,0.7103100448088091
E,168,3,6,1,boneseg,0.6063025224213362
E,168,3,6,1,sam,0.7884509113495097
E,168,3,6,1,microsam,0.6664317393724939
E,168,3,6,1,rf_clicks,0.5882276576284189
E,168,5,10,0,boneseg,0.7864320088471873
E,168,5,10,0,sam,0.7850276327130761
E,168,5,10,0,microsam,0.6126482600083147
E,168,5,10,0,rf_clicks,0.7296221048354328
E,168,5,10,1,boneseg,0.687506709773478
E,168,5,10,1,sam,0.7758144396014205
E,168,5,10,1,microsam,0.6804627175566675
E,168,5,10,1,rf_clicks,0.6364766143253002
E,168,10,10,0,boneseg,0.856485642470866
E,168,10,10,0,sam,0.8561107230722005
E,168,10,10,0,microsam,0.6511902266378717
E,168,10,10,0,rf_clicks,0.6595479375708855
E,168,10,10,1,boneseg,0.8231670231953357
E,168,10,10,1,sam,0.7959127634611705
E,168,10,10,1,microsam,0.6916796779812456
E,168,10,10,1,rf_clicks,0.686561526760544
E,168,25,25,0,boneseg,0.8342813803564657
E,168,25,25,0,sam,0.8565338323167008
E,168,25,25,0,microsam,0.7136407285620592
E,168,25,25,0,rf_clicks,0.7372426697552985
E,168,25,25,1,boneseg,0.8611307285602489
E,168,25,25,1,sam,0.7908830913460139
E,168,25,25,1,microsam,0.7028268863718431
E,168,25,25,1,rf_clicks,0.7856695294746692
E,168,50,50,0,boneseg,0.8249421379348135
E,168,50,50,0,sam,0.84237247994316
E,168,50,50,0,microsam,0.7136727596247169
E,168,50,50,0,rf_clicks,0.7916453106249138
E,168,50,50,1,boneseg,0.8410120464214501
E,168,50,50,1,sam,0.8351702093443861
E,168,50,50,1,microsam,0.6782906112113682
E,168,50,50,1,rf_clicks,0.761472156250519
E,208,1,2,0,boneseg,0.07942670455816868
E,208,1,2,0,sam,0.32721755391372837
E,208,1,2,0,microsam,0.00018711590075840413
E,208,1,2,0,rf_clicks,0.27526594463727816
E,208,1,2,1,boneseg,0.37139578184450256
E,208,1,2,1,sam,0.7419415405454338
E,208,1,2,1,microsam,0.6424195750341303
E,208,1,2,1,rf_clicks,0.588610589451311
E,208,3,6,0,boneseg,0.7684570160073533
E,208,3,6,0,sam,0.8216498934113331
E,208,3,6,0,microsam,0.7344465646417505
E,208,3,6,0,rf_clicks,0.5905699797201669
E,208,3,6,1,boneseg,0.7355515245246476
E,208,3,6,1,sam,0.7496500651435822
E,208,3,6,1,microsam,0.73052188130625
E,208,3,6,1,rf_clicks,0.6047396739990505
E,208,5,10,0,boneseg,0.8175376139233413
E,208,5,10,0,sam,0.8127969416114388
E,208,5,10,0,microsam,0.7272316430082083
E,208,5,10,0,rf_clicks,0.5974578210912346
E,208,5,10,1,boneseg,0.8500893564779561
E,208,5,10,1,sam,0.827146002261085
E,208,5,10,1,microsam,0.7214365322068795
E,208,5,10,1,rf_clicks,0.7208091888942952
E,208,10,10,0,boneseg,0.8529217705614045
E,208,10,10,0,sam,0.8250113374751257
E,208,10,10,0,microsam,0.748096040927853
E,208,10,10,0,rf_clicks,0.6135408069514303
E,208,10,10,1,boneseg,0.7863458393556311
E,208,10,10,1,sam,0.8437518413247999
E,208,10,10,1,microsam,0.7465418610815787
E,208,10,10,1,rf_clicks,0.6283919800305983
E,208,25,25,0,boneseg,0.812074108808652
E,208,25,25,0,sam,0.8532686776976747
E,208,25,25,0,microsam,0.7677893974613935
E,208,25,25,0,rf_clicks,0.7058863904339108
E,208,25,25,1,boneseg,0.7997276260656462
E,208,25,25,1,sam,0.8583115362306152
E,208,25,25,1,microsam,0.7616365016580766
E,208,25,25,1,rf_clicks,0.6834454463455116
E,208,50,50,0,boneseg,0.8729250933182904
E,208,50,50,0,sam,0.8469741063089646
E,208,50,50,0,microsam,0.7418611848026628
E,208,50,50,0,rf_clicks,0.6648457237085504
E,208,50,50,1,boneseg,0.8293143835751264
E,208,50,50,1,sam,0.8354079005861859
E,208,50,50,1,microsam,0.7529188720366499
E,208,50,50,1,rf_clicks,0.7207607574374236
E,257,1,2,0,boneseg,0.4103586062448527
E,257,1,2,0,sam,0.4966952882923218
E,257,1,2,0,microsam,0.5339963183174288
E,257,1,2,0,rf_clicks,0.2591694681773558
E,257,1,2,1,boneseg,0.5064297059792577
E,257,1,2,1,sam,0.47233476606538893
E,257,1,2,1,microsam,0.5150969298974301
E,257,1,2,1,rf_clicks,0.5140199295878445
E,257,3,6,0,boneseg,0.6930619926653592
E,257,3,6,0,sam,0.7819523126733091
E,257,3,6,0,microsam,0.6546015670646751
E,257,3,6,0,rf_clicks,0.48898479555848057
E,257,3,6,1,boneseg,0.7031111336494333
E,257,3,6,1,sam,0.6749661626652963
E,257,3,6,1,microsam,0.5126964192728275
E,257,3,6,1,rf_clicks,0.5135482613013886
E,257,5,10,0,boneseg,0.7585946780708006
E,257,5,10,0,sam,0.780783511404107
E,257,5,10,0,microsam,0.6605301274623406
E,257,5,10,0,rf_clicks,0.5436041442979196
E,257,5,10,1,boneseg,0.7572067448680352
E,257,5,10,1,sam,0.7424199084668193
E,257,5,10,1,microsam,0.6843074814998654
E,257,5,10,1,rf_clicks,0.5808037686651109
E,257,10,10,0,boneseg,0.768278089528656
E,257,10,10,0,sam,0.7753107960741549
E,257,10,10,0,microsam,0.6858465951307172
E,257,10,10,0,rf_clicks,0.5263585535397247
E,257,10,10,1,boneseg,0.7412072817292598
E,257,10,10,1,sam,0.7826915769474351
E,257,10,10,1,microsam,0.6835270838486273
E,257,10,10,1,rf_clicks,0.5370257030599338
E,257,25,25,0,boneseg,0.7687465862095872
E,257,25,25,0,sam,0.7722647561230384
E,257,25,25,0,microsam,0.7355985159148604
E,257,25,25,0,rf_clicks,0.5528600996014708
E,257,25,25,1,boneseg,0.7912876411543287
E,257,25,25,1,sam,0.7964434591650353
E,257,25,25,1,microsam,0.7021946783060946
E,257,25,25,1,rf_clicks,0.5966820116390168
E,257,50,50,0,boneseg,0.7707424718944936
E,257,50,50,0,sam,0.7676065923010919
E,257,50,50,0,microsam,0.7570939814587727
E,257,50,50,0,rf_clicks,0.6262964482912998
E,257,50,50,1,boneseg,0.803703728854995
E,257,50,50,1,sam,0.7637493931199466
E,257,50,50,1,microsam,0.7648131211511493
E,257,50,50,1,rf_clicks,0.6641271717166388
E,297,1,2,0,boneseg,0.49124277793862814
E,297,1,2,0,sam,0.544273378096704
E,297,1,2,0,microsam,0.4623787696807772
E,297,1,2,0,rf_clicks,0.42414199589101076
E,297,1,2,1,boneseg,0.17025391619069163
E,297,1,2,1,sam,0.06076845606860561
E,297,1,2,1,microsam,0.26702442352438027
E,297,1,2,1,rf_clicks,0.0908906271295601
E,297,3,6,0,boneseg,0.7637202123371775
E,297,3,6,0,sam,0.6872848091252232
E,297,3,6,0,microsam,0.5574438742661653
E,297,3,6,0,rf_clicks,0.45112447116455134
E,297,3,6,1,boneseg,0.4355490990885447
E,297,3,6,1,sam,0.7748579465541491
E,297,3,6,1,microsam,0.6304580752810517
E,297,3,6,1,rf_clicks,0.27465021652347144
E,297,5,10,0,boneseg,0.7322940239711675
E,297,5,10,0,sam,0.6252297446320843
E,297,5,10,0,microsam,0.4646115680463521
E,297,5,10,0,rf_clicks,0.48763734910076373
E,297,5,10,1,boneseg,0.7766474068356078
E,297,5,10,1,sam,0.6916645265798779
E,297,5,10,1,microsam,0.6221225027887638
E,297,5,10,1,rf_clicks,0.41139127257147895
E,297,10,10,0,boneseg,0.8007365340003498
E,297,10,10,0,sam,0.7857749179675433
E,297,10,10,0,microsam,0.6500002879471098
E,297,10,10,0,rf_clicks,0.5741214390349171
E,297,10,10,1,boneseg,0.7630996232237408
E,297,10,10,1,sam,0.7667358764537447
E,297,10,10,1,microsam,0.6585641931888402
E,297,10,10,1,rf_clicks,0.5395201220618678
E,297,25,25,0,boneseg,0.7937145736238821
E,297,25,25,0,sam,0.7885429202614822
E,297,25,25,0,microsam,0.652411828869228
E,297,25,25,0,rf_clicks,0.6860992560920773
E,297,25,25,1,boneseg,0.798509686155008
E,297,25,25,1,sam,0.8032416804170378
E,297,25,25,1,microsam,0.7205074457059589
E,297,25,25,1,rf_clicks,0.6215579541945834
E,297,50,50,0,boneseg,0.8035949183303085
E,297,50,50,0,sam,0.7700939120007856
E,297,50,50,0,microsam,0.7104801888149518
E,297,50,50,0,rf_clicks,0.6373647945662629
E,297,50,50,1,boneseg,0.7814387616181314
E,297,50,50,1,sam,0.768108568398841
E,297,50,50,1,microsam,0.6937007493871333
E,297,50,50,1,rf_clicks,0.6296738398340858
E,337,1,2,0,boneseg,0.4261219815329355
E,337,1,2,0,sam,0.42503763800602207
E,337,1,2,0,microsam,0.43163010983403877
E,337,1,2,0,rf_clicks,0.16627776149802653
E,337,1,2,1,boneseg,0.36426590994884345
E,337,1,2,1,sam,0.19072762296528806
E,337,1,2,1,microsam,0.19018667973475858
E,337,1,2,1,rf_clicks,0.20147671222035227
E,337,3,6,0,boneseg,0.5450343670509282
E,337,3,6,0,sam,0.573534891598916
E,337,3,6,0,microsam,0.5992218957449124
E,337,3,6,0,rf_clicks,0.3986788389844854
E,337,3,6,1,boneseg,0.6125035806359209
E,337,3,6,1,sam,0.5479915610051594
E,337,3,6,1,microsam,0.5053123910819288
E,337,3,6,1,rf_clicks,0.5051949110025771
E,337,5,10,0,boneseg,0.7036586619163441
E,337,5,10,0,sam,0.7544629037251057
E,337,5,10,0,microsam,0.5614892914835594
E,337,5,10,0,rf_clicks,0.6375203179601677
E,337,5,10,1,boneseg,0.6925960240606879
E,337,5,10,1,sam,0.7268384859285424
E,337,5,10,1,microsam,0.5653335281520682
E,337,5,10,1,rf_clicks,0.5286635733953258
E,337,10,10,0,boneseg,0.7044741045365254
E,337,10,10,0,sam,0.7281594392602289
E,337,10,10,0,microsam,0.6637366636456843
E,337,10,10,0,rf_clicks,0.4751864304900727
E,337,10,10,1,boneseg,0.6517647800990422
E,337,10,10,1,sam,0.710076908966449
E,337,10,10,1,microsam,0.5438361892683017
E,337,10,10,1,rf_clicks,0.582046933300441
E,337,25,25,0,boneseg,0.7565052772244151
E,337,25,25,0,sam,0.7532316735760226
E,337,25,25,0,microsam,0.6984133345623745
E,337,25,25,0,rf_clicks,0.6538096095905168
E,337,25,25,1,boneseg,0.6993527644993444
E,337,25,25,1,sam,0.7652003142183817
E,337,25,25,1,microsam,0.6985833806846014
E,337,25,25,1,rf_clicks,0.5747915887474924
E,337,50,50,0,boneseg,0.7318053778290193
E,337,50,50,0,sam,0.7373765400144943
E,337,50,50,0,microsam,0.7086027346948145
E,337,50,50,0,rf_clicks,0.6778820655405731
E,337,50,50,1,boneseg,0.7552586980360881
E,337,50,50,1,sam,0.7114459457313879
E,337,50,50,1,microsam,0.6690143282342355
E,337,50,50,1,rf_clicks,0.5808799436297892
E,377,1,2,0,boneseg,0.5334069574820541
E,377,1,2,0,sam,0.5527726415270541
E,377,1,2,0,microsam,0.49337116327057
E,377,1,2,0,rf_clicks,0.21601283291264656
E,377,1,2,1,boneseg,0.33018360493683585
E,377,1,2,1,sam,0.16085188818350638
E,377,1,2,1,microsam,0.24263199414305253
E,377,1,2,1,rf_clicks,0.21230769576366276
E,377,3,6,0,boneseg,0.6802492865047469
E,377,3,6,0,sam,0.5944290806107073
E,377,3,6,0,microsam,0.5400091254752851
E,377,3,6,0,rf_clicks,0.41446701460594
E,377,3,6,1,boneseg,0.6749271416519672
E,377,3,6,1,sam,0.5043679084245406
E,377,3,6,1,microsam,0.439444209680726
E,377,3,6,1,rf_clicks,0.4224603914259087
E,377,5,10,0,boneseg,0.722734196907985
E,377,5,10,0,sam,0.7141054155193108
E,377,5,10,0,microsam,0.540753032520375
E,377,5,10,0,rf_clicks,0.6132912876193454
E,377,5,10,1,boneseg,0.6654367586977112
E,377,5,10,1,sam,0.5222213626387945
E,377,5,10,1,microsam,0.46455542321057997
E,377,5,10,1,rf_clicks,0.6266812542658691
E,377,10,10,0,boneseg,0.7497350979618126
E,377,10,10,0,sam,0.7546924674455457
E,377,10,10,0,microsam,0.663294652637459
E,377,10,10,0,rf_clicks,0.5342982342782627
E,377,10,10,1,boneseg,0.6744929465289067
E,377,10,10,1,sam,0.6402564381017289
E,377,10,10,1,microsam,0.4810712698177508
E,377,10,10,1,rf_clicks,0.5860923375253086
E,377,25,25,0,boneseg,0.7862357981002048
E,377,25,25,0,sam,0.7725865202368045
E,377,25,25,0,microsam,0.5310709258126068
E,377,25,25,0,rf_clicks,0.5930578339553092
E,377,25,25,1,boneseg,0.7690032596357123
E,377,25,25,1,sam,0.7990781008878289
E,377,25,25,1,microsam,0.5094633972226752
E,377,25,25,1,rf_clicks,0.6059794996985249
E,377,50,50,0,boneseg,0.7635645506653647
E,377,50,50,0,sam,0.7881062892603208
E,377,50,50,0,microsam,0.6206655257653546
E,377,50,50,0,rf_clicks,0.6212377207278599
E,377,50,50,1,boneseg,0.7450917665512597
E,377,50,50,1,sam,0.7832851416179273
E,377,50,50,1,microsam,0.6869593213110504
E,377,50,50,1,rf_clicks,0.6604658813501662
E,417,1,2,0,boneseg,0.36139613690274486
E,417,1,2,0,sam,0.4245927079506259
E,417,1,2,0,microsam,0.3441925094647347
E,417,1,2,0,rf_clicks,0.19681196170590012
E,417,1,2,1,boneseg,0.27170794973198487
E,417,1,2,1,sam,0.2476661664080584
E,417,1,2,1,microsam,0.24375007625578018
E,417,1,2,1,rf_clicks,0.3517821528217638
E,417,3,6,0,boneseg,0.6614691643172421
E,417,3,6,0,sam,0.4469591423639075
E,417,3,6,0,microsam,0.4832294784665876
E,417,3,6,0,rf_clicks,0.5236105652884356
E,417,3,6,1,boneseg,0.41809713685359984
E,417,3,6,1,sam,0.39828901274544715
E,417,3,6,1,microsam,0.3856209433708664
E,417,3,6,1,rf_clicks,0.5073514824203681
E,417,5,10,0,boneseg,0.46974389660566507
E,417,5,10,0,sam,0.6036605675260706
E,417,5,10,0,microsam,0.5386237749663626
E,417,5,10,0,rf_clicks,0.4429965081536412
E,417,5,10,1,boneseg,0.6892563128612782
E,417,5,10,1,sam,0.5795356014402234
E,417,5,10,1,microsam,0.4912698142923507
E,417,5,10,1,rf_clicks,0.4549612691610695
E,417,10,10,0,boneseg,0.6424016834013042
E,417,10,10,0,sam,0.5461954563522966
E,417,10,10,0,microsam,0.6085883987162907
E,417,10,10,0,rf_clicks,0.5752251121538036
E,417,10,10,1,boneseg,0.6955717454103716
E,417,10,10,1,sam,0.6968160583304226
E,417,10,10,1,microsam,0.6234750211331546
E,417,10,10,1,rf_clicks,0.5249628578662501
E,417,25,25,0,boneseg,0.6791823854604123
E,417,25,25,0,sam,0.7283117987507238
E,417,25,25,0,microsam,0.6218482191509387
E,417,25,25,0,rf_clicks,0.5818819490686822
E,417,25,25,1,boneseg,0.7388475570839327
E,417,25,25,1,sam,0.8064012856138472
E,417,25,25,1,microsam,0.5793477421419035
E,417,25,25,1,rf_clicks,0.5983759622128149
E,417,50,50,0,boneseg,0.6295782487448047
E,417,50,50,0,sam,0.7470703352514969
E,417,50,50,0,microsam,0.7237177743282818
E,417,50,50,0,rf_clicks,0.5736140343020912
E,417,50,50,1,boneseg,0.6552269464642103
E,417,50,50,1,sam,0.7841397312284558
E,417,50,50,1,microsam,0.62373862796642
E,417,50,50,1,rf_clicks,0.6170068068889882
F,29,1,2,0,boneseg,0.46326383683042505
F,29,1,2,0,sam,0.35950863646913994
F,29,1,2,0,microsam,0.3003023019185112
F,29,1,2,0,rf_clicks,0.3699050518087033
F,29,1,2,1,boneseg,0.29473174798916674
F,29,1,2,1,sam,0.30357208657906565
F,29,1,2,1,microsam,0.37131390201277903
F,29,1,2,1,rf_clicks,0.4354619093642038
F,29,3,6,0,boneseg,0.7401320418076107
F,29,3,6,0,sam,0.6279373650107991
F,29,3,6,0,microsam,0.3728871915446889
F,29,3,6,0,rf_clicks,0.5419249620028348
F,29,3,6,1,boneseg,0.6196171679942932
F,29,3,6,1,sam,0.39428331436490704
F,29,3,6,1,microsam,0.44576552329264113
F,29,3,6,1,rf_clicks,0.4841455556003061
F,29,5,10,0,boneseg,0.7002490299779269
F,29,5,10,0,sam,0.5744138566991308
F,29,5,10,0,microsam,0.4955262401766316
F,29,5,10,0,rf_clicks,0.4621673067870883
F,29,5,10,1,boneseg,0.6516988640228556
F,29,5,10,1,sam,0.4435413159695888
F,29,5,10,1,microsam,0.4818042544641736
F,29,5,10,1,rf_clicks,0.5333821638912972
F,29,10,10,0,boneseg,0.7551271772347521
F,29,10,10,0,sam,0.5910006320297975
F,29,10,10,0,microsam,0.5434785901914506
F,29,10,10,0,rf_clicks,0.5699117549903261
F,29,10,10,1,boneseg,0.7197726863075095
F,29,10,10,1,sam,0.7492421687862645
F,29,10,10,1,microsam,0.5726511203136563
F,29,10,10,1,rf_clicks,0.6097982756509644
F,29,25,25,0,boneseg,0.7335785160850847
F,29,25,25,0,sam,0.7395862960568843
F,29,25,25,0,microsam,0.5514948065157017
F,29,25,25,0,rf_clicks,0.6033762069134523
F,29,25,25,1,boneseg,0.76192401787339
F,29,25,25,1,sam,0.7469958927679414
F,29,25,25,1,microsam,0.5021634353859645
F,29,25,25,1,rf_clicks,0.6066553329059948
F,29,50,50,0,boneseg,0.767516887381195
F,29,50,50,0,sam,0.732425275176996
F,29,50,50,0,microsam,0.5057905277303517
F,29,50,50,0,rf_clicks,0.6390171981673352
F,29,50,50,1,boneseg,0.7610044101804471
F,29,50,50,1,sam,0.7514443915516248
F,29,50,50,1,microsam,0.6078128040611013
F,29,50,50,1,rf_clicks,0.6336733903696077
F,53,1,2,0,boneseg,0.5233221218316516
F,53,1,2,0,sam,0.3893905176546317
F,53,1,2,0,microsam,0.20044227162849182
F,53,1,2,0,rf_clicks,0.3482820552467788
F,53,1,2,1,boneseg,0.5349202199769294
F,53,1,2,1,sam,0.35277377908203106
F,53,1,2,1,microsam,0.20282883439238567
F,53,1,2,1,rf_clicks,0.3729675556818692
F,53,3,6,0,boneseg,0.6171168844584474
F,53,3,6,0,sam,0.4261417632079355
F,53,3,6,0,microsam,0.4275726729903295
F,53,3,6,0,rf_clicks,0.4027435112997138
F,53,3,6,1,boneseg,0.6777927424273227
F,53,3,6,1,sam,0.49498322364176023
F,53,3,6,1,microsam,0.5367043453211597
F,53,3,6,1,rf_clicks,0.6356605796493975
F,53,5,10,0,boneseg,0.5134510843280261
F,53,5,10,0,sam,0.43085703103133627
F,53,5,10,0,microsam,0.48125429108467366
F,53,5,10,0,rf_clicks,0.47079621216716977
F,53,5,10,1,boneseg,0.7070526909650804
F,53,5,10,1,sam,0.4670472742112498
F,53,5,10,1,microsam,0.5966832711316542
F,53,5,10,1,rf_clicks,0.5075470574706471
F,53,10,10,0,boneseg,0.7519127529302687
F,53,10,10,0,sam,0.7432908349108687
F,53,10,10,0,microsam,0.6126673039262269
F,53,10,10,0,rf_clicks,0.48755597187552957
F,53,10,10,1,boneseg,0.743476665922358
F,53,10,10,1,sam,0.7478640662997127
F,53,10,10,1,microsam,0.6433236176234529
F,53,10,10,1,rf_clicks,0.5844583914511069
F,53,25,25,0,boneseg,0.7620812597868278
F,53,25,25,0,sam,0.795420528600779
F,53,25,25,0,microsam,0.6769743150710077
F,53,25,25,0,rf_clicks,0.6016245878969133
F,53,25,25,1,boneseg,0.7678217071183526
F,53,25,25,1,sam,0.7544772354209262
F,53,25,25,1,microsam,0.5636511405298994
F,53,25,25,1,rf_clicks,0.6064086052691852
F,53,50,50,0,boneseg,0.7752250158605224
F,53,50,50,0,sam,0.7647631508777587
F,53,50,50,0,microsam,0.6200926527790674
F,53,50,50,0,rf_clicks,0.6545955011618206
F,53,50,50,1,boneseg,0.638518912198389
F,53,50,50,1,sam,0.7890148421395897
F,53,50,50,1,microsam,0.6991879577761805
F,53,50,50,1,rf_clicks,0.5898379686941212
F,77,1,2,0,boneseg,0.6373129643700685
F,77,1,2,0,sam,0.7363134424158105
F,77,1,2,0,microsam,0.2772024758163152
F,77,1,2,0,rf_clicks,0.4355827637948185
F,77,1,2,1,boneseg,0.39888551349135726
F,77,1,2,1,sam,0.3410909952779449
F,77,1,2,1,microsam,0.3112849625079627
F,77,1,2,1,rf_clicks,0.28557780047746645
F,77,3,6,0,boneseg,0.6085671480330375
F,77,3,6,0,sam,0.4409258979476618
F,77,3,6,0,microsam,0.4176421100048358
F,77,3,6,0,rf_clicks,0.4198098446097035
F,77,3,6,1,boneseg,0.5353606991222892
F,77,3,6,1,sam,0.715204139222003
F,77,3,6,1,microsam,0.5885332646929949
F,77,3,6,1,rf_clicks,0.47354862906887224
F,77,5,10,0,boneseg,0.7317564339928377
F,77,5,10,0,sam,0.43419866250400163
F,77,5,10,0,microsam,0.3912113368892194
F,77,5,10,0,rf_clicks,0.49582000522439545
F,77,5,10,1,boneseg,0.784540435432998
F,77,5,10,1,sam,0.7454257345234783
F,77,5,10,1,microsam,0.5762945116720509
F,77,5,10,1,rf_clicks,0.5225645967858437
F,77,10,10,0,boneseg,0.7791523789982715
F,77,10,10,0,sam,0.7686872643010868
F,77,10,10,0,microsam,0.5785354249496781
F,77,10,10,0,rf_clicks,0.6004019305667654
F,77,10,10,1,boneseg,0.7726055497610321
F,77,10,10,1,sam,0.72352657843593
F,77,10,10,1,microsam,0.5463984586925539
F,77,10,10,1,rf_clicks,0.6110659927340871
F,77,25,25,0,boneseg,0.8039479997258333
F,77,25,25,0,sam,0.7924494325227267
F,77,25,25,0,microsam,0.5494531996994946
F,77,25,25,0,rf_clicks,0.5798214340754744
F,77,25,25,1,boneseg,0.8176733744046896
F,77,25,25,1,sam,0.7177341975332517
F,77,25,25,1,microsam,0.5195747395506631
F,77,25,25,1,rf_clicks,0.6726194043267214
F,77,50,50,0,boneseg,0.7983981386776638
F,77,50,50,0,sam,0.7261063032346813
F,77,50,50,0,microsam,0.5327016659460753
F,77,50,50,0,rf_clicks,0.6701715902887094
F,77,50,50,1,boneseg,0.807771134280817
F,77,50,50,1,sam,0.7205090743807019
F,77,50,50,1,microsam,0.5687797102453684
F,77,50,50,1,rf_clicks,0.6680744216776843
F,100,1,2,0,boneseg,0.5478621934363684
F,100,1,2,0,sam,0.4307155772908819
F,100,1,2,0,microsam,0.3697019397768056
F,100,1,2,0,rf_clicks,0.44059595542089636
F,100,1,2,1,boneseg,0.5809463092829227
F,100,1,2,1,sam,0.22779779379584925
F,100,1,2,1,microsam,0.2953676972651805
F,100,1,2,1,rf_clicks,0.4388615728911908
F,100,3,6,0,boneseg,0.7199862657868809
F,100,3,6,0,sam,0.3981321951601535
F,100,3,6,0,microsam,0.5075577737602702
F,100,3,6,0,rf_clicks,0.4485521921179067
F,100,3,6,1,boneseg,0.7365464880935088
F,100,3,6,1,sam,0.7015322852391184
F,100,3,6,1,microsam,0.6323010537071639
F,100,3,6,1,rf_clicks,0.6150332096857581
F,100,5,10,0,boneseg,0.8066235607105385
F,100,5,10,0,sam,0.7013651030881118
F,100,5,10,0,microsam,0.6687017079351615
F,100,5,10,0,rf_clicks,0.6930187397924535
F,100,5,10,1,boneseg,0.7474028746264408
F,100,5,10,1,sam,0.3120341240731525
F,100,5,10,1,microsam,0.7148572817330049
F,100,5,10,1,rf_clicks,0.42128202897557365
F,100,10,10,0,boneseg,0.8180601371306195
F,100,10,10,0,sam,0.5834537606894974
F,100,10,10,0,microsam,0.5667657955130527
F,100,10,10,0,rf_clicks,0.43848788198103267
F,100,10,10,1,boneseg,0.8031926623487998
F,100,10,10,1,sam,0.4529043600224798
F,100,10,10,1,microsam,0.668733482772818
F,100,10,10,1,rf_clicks,0.4708961449866987
F,100,25,25,0,boneseg,0.7994888404645135
F,100,25,25,0,sam,0.744117576695189
F,100,25,25,0,microsam,0.6026193331013715
F,100,25,25,0,rf_clicks,0.582711040911327
F,100,25,25,1,boneseg,0.7751545018009812
F,100,25,25,1,sam,0.597548552258514
F,100,25,25,1,microsam,0.7413860370351639
F,100,25,25,1,rf_clicks,0.5455957725582381
F,100,50,50,0,boneseg,0.8036630277522031
F,100,50,50,0,sam,0.7066294500569839
F,100,50,50,0,microsam,0.749871783913155
F,100,50,50,0,rf_clicks,0.6492698829776096
F,100,50,50,1,boneseg,0.803775968584442
F,100,50,50,1,sam,0.7211583280588388
F,100,50,50,1,microsam,0.7407897553665609
F,100,50,50,1,rf_clicks,0.5447148853253881
F,124,1,2,0,boneseg,0.49734920502612423
F,124,1,2,0,sam,0.47746494154664065
F,124,1,2,0,microsam,0.5127080368341359
F,124,1,2,0,rf_clicks,0.3039946769255392
F,124,1,2,1,boneseg,0.4682900866729771
F,124,1,2,1,sam,0.07431358494094181
F,124,1,2,1,microsam,0.0
F,124,1,2,1,rf_clicks,0.3433473740405336
F,124,3,6,0,boneseg,0.7075077943731527
F,124,3,6,0,sam,0.49030676649182753
F,124,3,6,0,microsam,0.5490999472772463
F,124,3,6,0,rf_clicks,0.41439597222606434
F,124,3,6,1,boneseg,0.7317535599647317
F,124,3,6,1,sam,0.49053919430137843
F,124,3,6,1,microsam,0.6141537922885028
F,124,3,6,1,rf_clicks,0.40451739335217335
F,124,5,10,0,boneseg,0.6844343095030588
F,124,5,10,0,sam,0.6867440448043173
F,124,5,10,0,microsam,0.6224322870970481
F,124,5,10,0,rf_clicks,0.6121906191712757
F,124,5,10,1,boneseg,0.7894574567578956
F,124,5,10,1,sam,0.759303221681153
F,124,5,10,1,microsam,0.6697791061725669
F,124,5,10,1,rf_clicks,0.44884349009030994
F,124,10,10,0,boneseg,0.7424407145813022
F,124,10,10,0,sam,0.7284341158171158
F,124,10,10,0,microsam,0.7702847049140151
F,124,10,10,0,rf_clicks,0.5694437609976024
F,124,10,10,1,boneseg,0.7751357930086321
F,124,10,10,1,sam,0.6821936574161709
F,124,10,10,1,microsam,0.6870450082320037
F,124,10,10,1,rf_clicks,0.3646984368190319
F,124,25,25,0,boneseg,0.7748068924539513
F,124,25,25,0,sam,0.70885479210012
F,124,25,25,0,microsam,0.6871523792963543
F,124,25,25,0,rf_clicks,0.5248129455430962
F,124,25,25,1,boneseg,0.7745687729663521
F,124,25,25,1,sam,0.6882150598522218
F,124,25,25,1,microsam,0.7120951320707672
F,124,25,25,1,rf_clicks,0.5198575157635433
F,124,50,50,0,boneseg,0.7462285897697762
F,124,50,50,0,sam,0.6459282683360373
F,124,50,50,0,microsam,0.7171106102553435
F,124,50,50,0,rf_clicks,0.6105676948201385
F,124,50,50,1,boneseg,0.8050512172669761
F,124,50,50,1,sam,0.6664226358794649
F,124,50,50,1,microsam,0.7567511594020666
F,124,50,50,1,rf_clicks,0.5427302720656096
F,154,1,2,0,boneseg,0.6944486588016078
F,154,1,2,0,sam,0.7880033905029847
F,154,1,2,0,microsam,0.3145477020083469
F,154,1,2,0,rf_clicks,0.34078549626131954
F,154,1,2,1,boneseg,0.7203304158528039
F,154,1,2,1,sam,0.5165240882485367
F,154,1,2,1,microsam,0.45312123584678393
F,154,1,2,1,rf_clicks,0.12889465073926598
F,154,3,6,0,boneseg,0.7589174950551757
F,154,3,6,0,sam,0.740294133319124
F,154,3,6,0,microsam,0.6185992143098547
F,154,3,6,0,rf_clicks,0.4988544778867456
F,154,3,6,1,boneseg,0.7644188796589632
F,154,3,6,1,sam,0.26583547548413833
F,154,3,6,1,microsam,0.6537969472417506
F,154,3,6,1,rf_clicks,0.39107307471908714
F,154,5,10,0,boneseg,0.7988915088606364
F,154,5,10,0,sam,0.7300456117794717
F,154,5,10,0,microsam,0.6452682759286887
F,154,5,10,0,rf_clicks,0.5420444823783495
F,154,5,10,1,boneseg,0.5974106512003823
F,154,5,10,1,sam,0.6958273932986211
F,154,5,10,1,microsam,0.6668006817287943
F,154,5,10,1,rf_clicks,0.43640939041753585
F,154,10,10,0,boneseg,0.7135922167912305
F,154,10,10,0,sam,0.6445782699618405
F,154,10,10,0,microsam,0.6857837338912904
F,154,10,10,0,rf_clicks,0.4425111406630403
F,154,10,10,1,boneseg,0.7880263749438033
F,154,10,10,1,sam,0.544956827827373
F,154,10,10,1,microsam,0.6444747147965265
F,154,10,10,1,rf_clicks,0.5358341154484706
F,154,25,25,0,boneseg,0.7997920313150753
F,154,25,25,0,sam,0.7767043547137852
F,154,25,25,0,microsam,0.7330374445208476
F,154,25,25,0,rf_clicks,0.6044679735553253
F,154,25,25,1,boneseg,0.8079844041362942
F,154,25,25,1,sam,0.8284580647467442
F,154,25,25,1,microsam,0.6280391249269148
F,154,25,25,1,rf_clicks,0.5069031735626421
F,154,50,50,0,boneseg,0.8237915269891662
F,154,50,50,0,sam,0.7326560936160943
F,154,50,50,0,microsam,0.7438644188005142
F,154,50,50,0,rf_clicks,0.547127331173304
F,154,50,50,1,boneseg,0.8031344849077541
F,154,50,50,1,sam,0.7827871381137698
F,154,50,50,1,microsam,0.7361365052713985
F,154,50,50,1,rf_clicks,0.5141540961018396
F,178,1,2,0,boneseg,0.5699570004252705
F,178,1,2,0,sam,0.33315153588034646
F,178,1,2,0,microsam,0.2979132293385331
F,178,1,2,0,rf_clicks,0.34206376955438006
F,178,1,2,1,boneseg,0.5177978720749349
F,178,1,2,1,sam,0.413037015611316
F,178,1,2,1,microsam,0.2782034679594766
F,178,1,2,1,rf_clicks,0.3473120775965276
F,178,3,6,0,boneseg,0.7577746001482893
F,178,3,6,0,sam,0.6863129859882849
F,178,3,6,0,microsam,0.30045696747225553
F,178,3,6,0,rf_clicks,0.3747912772999333
F,178,3,6,1,boneseg,0.7782442562653078
F,178,3,6,1,sam,0.28804457099664865
F,178,3,6,1,microsam,0.47016034940269075
F,178,3,6,1,rf_clicks,0.37984296966544895
F,178,5,10,0,boneseg,0.7310098435271728
F,178,5,10,0,sam,0.47226660150743377
F,178,5,10,0,microsam,0.5477185284486348
F,178,5,10,0,rf_clicks,0.3374021795188017
F,178,5,10,1,boneseg,0.7392950289777281
F,178,5,10,1,sam,0.2547519415030871
F,178,5,10,1,microsam,0.5174791962111684
F,178,5,10,1,rf_clicks,0.3830444568977281
F,178,10,10,0,boneseg,0.7632729094669767
F,178,10,10,0,sam,0.69698072190598
F,178,10,10,0,microsam,0.566974913893487
F,178,10,10,0,rf_clicks,0.42067251535313194
F,178,10,10,1,boneseg,0.8100023830850268
F,178,10,10,1,sam,0.760027131619905
F,178,10,10,1,microsam,0.5651403011887115
F,178,10,10,1,rf_clicks,0.37944797778991163
F,178,25,25,0,boneseg,0.781098385429094
F,178,25,25,0,sam,0.6581915399424773
F,178,25,25,0,microsam,0.6513037433495231
F,178,25,25,0,rf_clicks,0.5552909100947964
F,178,25,25,1,boneseg,0.8022568526584035
F,178,25,25,1,sam,0.6531985333380799
F,178,25,25,1,microsam,0.5478141383821278
F,178,25,25,1,rf_clicks,0.4617936960085921
F,178,50,50,0,boneseg,0.7967796997998491
F,178,50,50,0,sam,0.6298178101136432
F,178,50,50,0,microsam,0.6682046896441995
F,178,50,50,0,rf_clicks,0.5129425398725219
F,178,50,50,1,boneseg,0.8001751759156789
F,178,50,50,1,sam,0.6191066860923847
F,178,50,50,1,microsam,0.6804056178021635
F,178,50,50,1,rf_clicks,0.4655247461854288
F,202,1,2,0,boneseg,0.7312759588451802
F,202,1,2,0,sam,0.40512600638368823
F,202,1,2,0,microsam,0.30254288083684344
F,202,1,2,0,rf_clicks,0.2681509296453085
F,202,1,2,1,boneseg,0.3436231945444534
F,202,1,2,1,sam,0.3309847738524273
F,202,1,2,1,microsam,0.19355942707297558
F,202,1,2,1,rf_clicks,0.3671530623029911
F,202,3,6,0,boneseg,0.6681114481434683
F,202,3,6,0,sam,0.32025084273031296
F,202,3,6,0,microsam,0.5826316512291517
F,202,3,6,0,rf_clicks,0.3496925423547224
F,202,3,6,1,boneseg,0.579091292910266
F,202,3,6,1,sam,0.369366527504238
F,202,3,6,1,microsam,0.6209878632106763
F,202,3,6,1,rf_clicks,0.4090482010271771
F,202,5,10,0,boneseg,0.7462613236403479
F,202,5,10,0,sam,0.7190179957264782
F,202,5,10,0,microsam,0.6406606528498634
F,202,5,10,0,rf_clicks,0.3515325766288314
F,202,5,10,1,boneseg,0.7145165763026287
F,202,5,10,1,sam,0.6101819310948328
F,202,5,10,1,microsam,0.6608369864410235
F,202,5,10,1,rf_clicks,0.41226284148640685
F,202,10,10,0,boneseg,0.7772837609885211
F,202,10,10,0,sam,0.5565641385920264
F,202,10,10,0,microsam,0.6615316081480581
F,202,10,10,0,rf_clicks,0.3281281844056362
F,202,10,10,1,boneseg,0.7361307041693338
F,202,10,10,1,sam,0.6982113961635744
F,202,10,10,1,microsam,0.6400571511228011
F,202,10,10,1,rf_clicks,0.3831722298444343
F,202,25,25,0,boneseg,0.7933904164173528
F,202,25,25,0,sam,0.6791113487743293
F,202,25,25,0,microsam,0.6378338431925206
F,202,25,25,0,rf_clicks,0.4693703941423724
F,202,25,25,1,boneseg,0.7933761042989701
F,202,25,25,1,sam,0.6612132731119638
F,202,25,25,1,microsam,0.7070582815719268
F,202,25,25,1,rf_clicks,0.5757931350948049
F,202,50,50,0,boneseg,0.8068119234886432
F,202,50,50,0,sam,0.6297093667941358
F,202,50,50,0,microsam,0.6911643854721633
F,202,50,50,0,rf_clicks,0.47915584986141174
F,202,50,50,1,boneseg,0.7867939704549511
F,202,50,50,1,sam,0.6458035610484614
F,202,50,50,1,microsam,0.7395380268403412
F,202,50,50,1,rf_clicks,0.4580047122039786
F,225,1,2,0,boneseg,0.12999890349159604
F,225,1,2,0,sam,0.15534934398842182
F,225,1,2,0,microsam,0.11125313556549242
F,225,1,2,0,rf_clicks,0.20452629971321745
F,225,1,2,1,boneseg,0.44170646233725747
F,225,1,2,1,sam,0.1795262227086357
F,225,1,2,1,microsam,0.18336695087552937
F,225,1,2,1,rf_clicks,0.2041554469368187
F,225,3,6,0,boneseg,0.7187355955040244
F,225,3,6,0,sam,0.2949924345835354
F,225,3,6,0,microsam,0.5979693092908112
F,225,3,6,0,rf_clicks,0.29331374767252305
F,225,3,6,1,boneseg,0.7015992544268407
F,225,3,6,1,sam,0.40471154791353986
F,225,3,6,1,microsam,0.4453236179639675
F,225,3,6,1,rf_clicks,0.4166199981547163
F,225,5,10,0,boneseg,0.756100511579746
F,225,5,10,0,sam,0.43472199046222215
F,225,5,10,0,microsam,0.5654874926026998
F,225,5,10,0,rf_clicks,0.48380261989612855
F,225,5,10,1,boneseg,0.7804155546550785
F,225,5,10,1,sam,0.7273744573754708
F,225,5,10,1,microsam,0.5137438292722923
F,225,5,10,1,rf_clicks,0.4476029411934006
F,225,10,10,0,boneseg,0.6868999806077938
F,225,10,10,0,sam,0.617460945677703
F,225,10,10,0,microsam,0.6982696581519764
F,225,10,10,0,rf_clicks,0.43029258752416993
F,225,10,10,1,boneseg,0.7247197176376912
F,225,10,10,1,sam,0.6862781276584627
F,225,10,10,1,microsam,0.6420784988710989
F,225,10,10,1,rf_clicks,0.4427626688984165
F,225,25,25,0,boneseg,0.7061923676492606
F,225,25,25,0,sam,0.7048267392247997
F,225,25,25,0,microsam,0.6804381543624838
F,225,25,25,0,rf_clicks,0.5653963260609589
F,225,25,25,1,boneseg,0.7441806325313157
F,225,25,25,1,sam,0.7147974304009005
F,225,25,25,1,microsam,0.7546927112524003
F,225,25,25,1,rf_clicks,0.4740478558746154
F,225,50,50,0,boneseg,0.7638827127793266
F,225,50,50,0,sam,0.6609338070012227
F,225,50,50,0,microsam,0.7253989946683402
F,225,50,50,0,rf_clicks,0.609589772779816
F,225,50,50,1,boneseg,0.8098437352890764
F,225,50,50,1,sam,0.6771819511682602
F,225,50,50,1,microsam,0.7474897746096295
F,225,50,50,1,rf_clicks,0.46737632410684105
F,249,1,2,0,boneseg,0.5042034322239978
F,249,1,2,0,sam,0.32422552215859585
F,249,1,2,0,microsam,0.5720204671754486
F,249,1,2,0,rf_clicks,0.32985294508274265
F,249,1,2,1,boneseg,0.31638718945830135
F,249,1,2,1,sam,0.09055294342176033
F,249,1,2,1,microsam,0.13343097244163596
F,249,1,2,1,rf_clicks,0.25761071267365465
F,249,3,6,0,boneseg,0.700721415054835
F,249,3,6,0,sam,0.6693050200622066
F,249,3,6,0,microsam,0.5831444010705215
F,249,3,6,0,rf_clicks,0.5148003435983579
F,249,3,6,1,boneseg,0.6853788456093208
F,249,3,6,1,sam,0.47336440768879356
F,249,3,6,1,microsam,0.578996146988394
F,249,3,6,1,rf_clicks,0.16855723476783824
F,249,5,10,0,boneseg,0.6741684224835179
F,249,5,10,0,sam,0.6794264722736623
F,249,5,10,0,microsam,0.6744664315811177
F,249,5,10,0,rf_clicks,0.45660340148826933
F,249,5,10,1,boneseg,0.6983638710863728
F,249,5,10,1,sam,0.693565990886518
F,249,5,10,1,microsam,0.6136038544517706
F,249,5,10,1,rf_clicks,0.48361240735657424
F,249,10,10,0,boneseg,0.7495985920409161
F,249,10,10,0,sam,0.6541406034114603
F,249,10,10,0,microsam,0.7814726212658533
F,249,10,10,0,rf_clicks,0.4047454339744626
F,249,10,10,1,boneseg,0.7152355170546832
F,249,10,10,1,sam,0.6699248460020784
F,249,10,10,1,microsam,0.6831390225159275
F,249,10,10,1,rf_clicks,0.4564249946262668
F,249,25,25,0,boneseg,0.734778615639592
F,249,25,25,0,sam,0.6511794629761837
F,249,25,25,0,microsam,0.6884606667058418
F,249,25,25,0,rf_clicks,0.5101834264561121
F,249,25,25,1,boneseg,0.7730008877024058
F,249,25,25,1,sam,0.6461535780011068
F,249,25,25,1,microsam,0.7228090585147203
F,249,25,25,1,rf_clicks,0.4685572654868675
F,249,50,50,0,boneseg,0.7254657882591755
F,249,50,50,0,sam,0.6278683436034214
F,249,50,50,0,microsam,0.7485594434488922
F,249,50,50,0,rf_clicks,0.5403712545568928
F,249,50,50,1,boneseg,0.7399108393052304
F,249,50,50,1,sam,0.6571960925804263
F,249,50,50,1,microsam,0.7195644150023038
F,249,50,50,1,rf_clicks,0.45905171042838633
