method,condition,mean,lo,hi,A,C,D,E,F
otsu,no input,0.27421908000422285,0.16095130547747666,0.39869746233401154,0.17689307647516356,0.20753052339597516,0.12699195759710072,0.4637910523615245,0.3958887901913502
rf_clicks,"25+25 clicks, clean",0.4782127857553126,0.36269332283465633,0.6080424965511888,0.4449964272606626,0.3235855306372873,0.36672293494965513,0.7082110996080988,0.5475479363208593
sam,"25+25 clicks, clean",0.7566058895748367,0.6843134992588074,0.8169329339643068,0.632789988137088,0.8131340248092116,0.8191350130251509,0.8106335123192692,0.7073369095834632
microsam,"25+25 clicks, clean",0.6120968513432508,0.4943022281857432,0.6945902729777521,0.39006260778025675,0.6668795940020329,0.6415522512104784,0.7193964113449174,0.6425933923785679
dino_clicks,"25+25 clicks, clean",0.6952478572010433,0.6395222777985563,0.7520998455070057,0.62147994575136,0.6443177913966265,0.7562132468579358,0.779388775281785,0.6748395267175091
dino_clicks_v2,"25+25 clicks, clean",0.7554000065685004,0.698389149009782,0.7964940847134684,0.653132232741057,0.7895200335549072,0.7496619864916374,0.8056334868388755,0.7790522932160252
dino_clicks_v2_refined,"25+25 clicks, clean",0.7097678170207973,0.6507851216334694,0.7778155090193495,0.6707856175828796,0.7576644047664269,0.6304694044863868,0.8255848690697833,0.6643347891985101
rf_clicks,"25+25 clicks, noisy",0.41817414032452416,0.30587643947827325,0.5418570110376124,0.3913036665402209,0.26776494543549684,0.3119125377122334,0.6415680789328465,0.4783214730018228
sam,"25+25 clicks, noisy",0.7129639625971904,0.6370391891499927,0.784926817682992,0.614214251499795,0.7536993293263481,0.8048684102353642,0.7816060544533994,0.6104317674710455
microsam,"25+25 clicks, noisy",0.5784950224282713,0.44776150795479397,0.6746526033895902,0.3381677491528038,0.6284793341328778,0.5846291901154699,0.713408212879368,0.6277906258608378
dino_clicks,"25+25 clicks, noisy",0.6741088422179168,0.6322159649340108,0.7250542348960165,0.629080499806854,0.6382719116175446,0.6470355790623896,0.7663489172904925,0.6898073033123034
dino_clicks_v2,"25+25 clicks, noisy",0.6736930705588329,0.6156250679441242,0.7356759918762853,0.6087290381602788,0.6551815005571129,0.610815122069674,0.7793097912454223,0.7144299007616762
dino_clicks_v2_refined,"25+25 clicks, noisy",0.6475836130908081,0.5723079750430209,0.7434151378496415,0.6454931443512828,0.6271561103369276,0.5425923399226346,0.8247008168787524,0.597975653964443
rf_clicks,"3+6 clicks, clean",0.37856003088299517,0.2694305848201709,0.5116980717139751,0.32490103602575515,0.2640179794468589,0.24773547114749586,0.6051534520886468,0.4509922157062192
sam,"3+6 clicks, clean",0.6165402313006778,0.5402688936812567,0.692331598508996,0.5429480200426552,0.6505157313386667,0.6906582218468067,0.7018510213655793,0.49672816190968144
microsam,"3+6 clicks, clean",0.4838354329378366,0.38099653674341954,0.5736743474017713,0.3156395305335577,0.5309657936761965,0.4466047004689595,0.6259822095129477,0.4999849304975218
dino_clicks,"3+6 clicks, clean",0.6383637747523988,0.5906183829525972,0.6966440090674061,0.6018707766167076,0.583481886990529,0.6341612857731009,0.7449376849415067,0.6273672394401497
dino_clicks_v2,"3+6 clicks, clean",0.6583728355716462,0.6156919642792937,0.7007075774632184,0.609107859972718,0.6854308576707917,0.608909039972305,0.7171025721628389,0.6713138480795766
dino_clicks_v2_refined,"3+6 clicks, clean",0.6659696108717623,0.6191966109643902,0.7189484396233744,0.6586630261043214,0.6707697323264983,0.58957406667755,0.7604623488405672,0.6503788804098752
rf_clicks,"3+6 clicks, noisy",0.3251105681751254,0.24005014569571398,0.4283832889469701,0.26384156697220124,0.23432057752912772,0.23142016364543122,0.5095414897506212,0.3864290429782458
sam,"3+6 clicks, noisy",0.570573700708608,0.48654133069902017,0.6506641145610761,0.4544571240492747,0.6083193603567632,0.6537802566312939,0.6605346625485529,0.4757770999571552
microsam,"3+6 clicks, noisy",0.4508393574184554,0.35931244847248645,0.5329378814624066,0.29542850145336264,0.4701876571958471,0.4436992497100105,0.5825085193289348,0.462372859404122
dino_clicks,"3+6 clicks, noisy",0.5995583215309097,0.5647230347123484,0.630874420887868,0.542565466656967,0.6074414328508885,0.6059424535277353,0.6238592356879691,0.6179830189309886
dino_clicks_v2,"3+6 clicks, noisy",0.5877379788155667,0.5284804637745414,0.6404965482072155,0.4976164449058592,0.649498966514406,0.5551308158892866,0.591742489378798,0.6447011773894835
dino_clicks_v2_refined,"3+6 clicks, noisy",0.6208204631107195,0.5733127598840386,0.6633423385184554,0.5942791472313355,0.6607779661049377,0.5494081262449624,0.669663959049595,0.6299731169227674
rf_labels,labels from other samples,0.44269855687330334,0.3266728495769746,0.5563482233266213,0.2915759067118083,0.3749983077052298,0.3638193755669237,0.5835754451924964,0.5995237491900585
dino_labels,labels from other samples,0.7249070254883224,0.6788009019857515,0.7655709385266993,0.647668744924552,0.7235035223822308,0.7220032545240435,0.7761666244995814,0.7551929811112049
dino_labels_v2,labels from other samples,0.7359350009584318,0.6842825647852085,0.7816715486840142,0.6498861519232967,0.7680835646558548,0.7220032545240435,0.8011623871556752,0.7385396465332889
rf_labels,labels from same sample,0.584505440681434,0.4976107020817189,0.6664848137908497,0.5829060563069313,0.4634379938572459,0.5049842614511676,0.6987898864480611,0.6724090053437639
dino_labels,labels from same sample,0.7670929136748053,0.7289500997374762,0.8024263506778316,0.7127752286015032,0.7967984464514243,0.7337666117910053,0.8121325216467687,0.7799917598833248
dino_labels_v2,labels from same sample,0.7621815283280542,0.721061367919285,0.8009269132142897,0.6975893249965364,0.7874146298645968,0.7337666117910053,0.8072548903904077,0.7848821845977254
