sample,z,backbone,scoring,seed,dice,bar_bias
A,25,same,own,0,0.7187735157120677,1.1786455385776264
A,46,same,own,0,0.7446783021790767,2.814186002641012
A,66,same,own,0,0.7574334149701515,1.9090737596679865
A,87,same,own,0,0.750313957660567,0.4917311199144816
A,107,same,own,0,0.7596789667516015,-0.02163113877884726
A,133,same,own,0,0.6984813837584286,-0.08099100798591508
A,154,same,own,0,0.7012397066327807,4.4799094510469715
A,174,same,own,0,0.7293738197496616,2.335408413506885
A,195,same,own,0,0.6326636693035873,-2.558888260076717
A,216,same,own,0,0.5244457880688802,-6.5890712444192925
A,25,same,learned,0,0.7885842453304459,0.7895365654279054
A,25,same,clicks_3_6,0,0.7414399733338272,1.9379991196629565
A,25,same,clicks_3_6,1,0.7306284476980976,1.6063635791988933
A,25,same,clicks_3_6,2,0.7382766130464449,1.6827013770986596
A,46,same,learned,0,0.7986975035484679,2.495378230522544
A,46,same,clicks_3_6,0,0.7619885088570928,3.9773627617430662
A,46,same,clicks_3_6,1,0.7532618842582877,7.127711752499529
A,46,same,clicks_3_6,2,0.7586397778951134,1.9047978368861234
A,66,same,learned,0,0.7844486706334263,2.3336477394202344
A,66,same,clicks_3_6,0,0.7734092777002619,1.9367414953153492
A,66,same,clicks_3_6,1,0.7664441196223285,1.0850782871156373
A,66,same,clicks_3_6,2,0.7303733500092957,5.381626108281456
A,87,same,learned,0,0.7841325676506113,1.7991573916871033
A,87,same,clicks_3_6,0,0.7352542080589605,5.771615418474502
A,87,same,clicks_3_6,1,0.7505178509610746,0.22021002326605021
A,87,same,clicks_3_6,2,0.7402954958459191,-1.247689115261272
A,107,same,learned,0,0.7733917305812948,0.17569012136074846
A,107,same,clicks_3_6,0,0.5695140643140314,16.867886562283847
A,107,same,clicks_3_6,1,0.7628264303444314,0.11846821354461312
A,107,same,clicks_3_6,2,0.7653445236057698,-0.008551845563729898
A,133,same,learned,0,0.7447430926220793,2.24397912343583
A,133,same,clicks_3_6,0,0.6648787529633015,-2.5378859334716726
A,133,same,clicks_3_6,1,0.617346898065031,9.992580016349116
A,133,same,clicks_3_6,2,0.7015152354741191,-1.103816889894988
A,154,same,learned,0,0.7462273091783918,0.04275922781865127
A,154,same,clicks_3_6,0,0.7060368975176278,-1.1279632773690498
A,154,same,clicks_3_6,1,0.7030730258820264,4.710935043702445
A,154,same,clicks_3_6,2,0.6856613937044589,-2.5875620952021636
A,174,same,learned,0,0.7398089576045386,-0.012827768345594848
A,174,same,clicks_3_6,0,0.6987423922372407,4.323838269508899
A,174,same,clicks_3_6,1,0.6564291725842933,10.487329434697857
A,174,same,clicks_3_6,2,0.6121811737086487,-6.017355215996981
A,195,same,learned,0,0.7121581784832992,0.42872414009935156
A,195,same,clicks_3_6,0,0.7377733881877524,0.45739797522480075
A,195,same,clicks_3_6,1,0.690950617544346,6.032446708168269
A,195,same,clicks_3_6,2,0.7172313390105137,5.586367352071935
A,216,same,learned,0,0.5903613146234991,-3.54763252216563
A,216,same,clicks_3_6,0,0.6201636207767729,6.098471986417657
A,216,same,clicks_3_6,1,0.5333471241455181,28.669936489970446
A,216,same,clicks_3_6,2,0.5404732055797664,-6.605168836068668
A,25,other,own,0,0.6786909980630034,5.61290322580645
A,46,other,own,0,0.7397350691915513,5.5232346098220475
A,66,other,own,0,0.6733155523752216,6.549707602339179
A,87,other,own,0,0.6646283548471719,5.865559957240771
A,107,other,own,0,0.6833888556449669,3.758787650128907
A,133,other,own,0,0.5849173160996008,10.228761868829782
A,154,other,own,0,0.5553834448584639,11.574042633465385
A,174,other,own,0,0.6130535771021046,13.003961516694963
A,195,other,own,0,0.6115877581745941,14.74816072439162
A,216,other,own,0,0.5844448657556622,4.912154939319624
A,25,other,learned,0,0.8078045493506943,0.15556813179903095
A,25,other,clicks_3_6,0,0.6809170413640802,4.784380305602715
A,25,other,clicks_3_6,1,0.6746009377642266,4.223102559265547
A,25,other,clicks_3_6,2,0.6757801651362396,3.3011381500345838
A,46,other,learned,0,0.8306328249775602,2.2137961390932546
A,46,other,clicks_3_6,0,0.7282546354247342,2.4107401119285683
A,46,other,clicks_3_6,1,0.6850754812856582,11.474564547569642
A,46,other,clicks_3_6,2,0.7344443759250123,5.0000628812173815
A,66,other,learned,0,0.7938503732460334,1.663333962145506
A,66,other,clicks_3_6,0,0.6794206194962552,7.9080676601899
A,66,other,clicks_3_6,1,0.7020789607005863,3.4202351757530014
A,66,other,clicks_3_6,2,0.6350434941984238,11.298497138904608
A,87,other,learned,0,0.7751137823653667,1.1602842231025594
A,87,other,clicks_3_6,0,0.6385657490775787,9.724580267873987
A,87,other,clicks_3_6,1,0.6994287823937813,2.5861787084197942
A,87,other,clicks_3_6,2,0.7286618386618972,-0.4589071244419287
A,107,other,learned,0,0.7739094580593322,-0.6129661070238317
A,107,other,clicks_3_6,0,0.5737550729495846,14.2389486260454
A,107,other,clicks_3_6,1,0.7029375449201113,2.8932905741055137
A,107,other,clicks_3_6,2,0.7199390243902439,0.34634974533106977
A,133,other,learned,0,0.7342273375217782,2.290888511601585
A,133,other,clicks_3_6,0,0.6666354126988778,-0.06904357668364369
A,133,other,clicks_3_6,1,0.4664222194124837,23.229705087090487
A,133,other,clicks_3_6,2,0.6565151118569955,2.974658869395711
A,154,other,learned,0,0.7568741037813997,1.3553417594164614
A,154,other,clicks_3_6,0,0.6939461402120782,-0.1522983084952525
A,154,other,clicks_3_6,1,0.5994436014162873,9.17763943909954
A,154,other,clicks_3_6,2,0.6292570042013975,7.329560460290512
A,174,other,learned,0,0.7462652351660107,5.149217128843615
A,174,other,clicks_3_6,0,0.6975594616281359,5.460353392441677
A,174,other,clicks_3_6,1,0.6841136341704216,6.117084826762246
A,174,other,clicks_3_6,2,0.6038943007253218,-5.122052442935296
A,195,other,learned,0,0.6878122748716042,7.588002263723826
A,195,other,clicks_3_6,0,0.6655498101245216,6.7837514934289125
A,195,other,clicks_3_6,1,0.6070779566438445,5.40300572219078
A,195,other,clicks_3_6,2,0.6325408937627506,12.254543167955731
A,216,other,learned,0,0.6416415743628348,-0.781990819342262
A,216,other,clicks_3_6,0,0.6248896018026534,14.481795887568381
A,216,other,clicks_3_6,1,0.591196480309046,20.394139470540146
A,216,other,clicks_3_6,2,0.4923527661425073,-10.732691944916054
A,25,other_then_same,own,0,0.7473822913480317,-3.8480789788090295
A,46,other_then_same,own,0,0.8136521803509291,-0.45098409105200155
A,66,other_then_same,own,0,0.839336510017914,-0.021756901213608515
A,87,other_then_same,own,0,0.789787904264263,1.6947745708356905
A,107,other_then_same,own,0,0.8011138946976127,-0.10689806954662728
A,133,other_then_same,own,0,0.687948601053848,2.194302961705338
A,154,other_then_same,own,0,0.63638470940279,3.2134817330063505
A,174,other_then_same,own,0,0.6591821202853266,-1.1619191347544486
A,195,other_then_same,own,0,0.5955593828955813,-4.745016663522607
A,216,other_then_same,own,0,0.43541200133175834,-10.630321323020814
A,25,other_then_same,learned,0,0.8049837486457205,-1.314972017858267
A,25,other_then_same,clicks_3_6,0,0.718286164790892,-4.968244985222914
A,25,other_then_same,clicks_3_6,1,0.8032108172388733,-2.3842042381940516
A,25,other_then_same,clicks_3_6,2,0.8172585656788939,-1.1044457020687926
A,46,other_then_same,learned,0,0.8608507381082559,1.1226812551091
A,46,other_then_same,clicks_3_6,0,0.8135486064878897,-1.3719424008048797
A,46,other_then_same,clicks_3_6,1,0.8386995830478945,2.110293655285167
A,46,other_then_same,clicks_3_6,2,0.7621384842727464,-3.8002892535999493
A,66,other_then_same,learned,0,0.8576107450385834,1.4980821228698975
A,66,other_then_same,clicks_3_6,0,0.7967011574265253,-3.0638244356410738
A,66,other_then_same,clicks_3_6,1,0.8449181216678883,0.6693076777966418
A,66,other_then_same,clicks_3_6,2,0.8280896779144286,-0.12676853423882406
A,87,other_then_same,learned,0,0.8143899485018266,3.603848330503679
A,87,other_then_same,clicks_3_6,0,0.7986455522175263,2.7582217191724823
A,87,other_then_same,clicks_3_6,1,0.8199663751340015,-0.47173489278752534
A,87,other_then_same,clicks_3_6,2,0.7087667887667888,-3.9153618814060245
A,107,other_then_same,learned,0,0.849167010877048,1.171854367100547
A,107,other_then_same,clicks_3_6,0,0.7780960617630308,5.406401307929322
A,107,other_then_same,clicks_3_6,1,0.8021373615180908,-0.3263535182041135
A,107,other_then_same,clicks_3_6,2,0.7468033880967528,-4.240709300132051
A,133,other_then_same,learned,0,0.7239560880244624,3.558573853989813
A,133,other_then_same,clicks_3_6,0,0.6482452544840356,-3.734138212915802
A,133,other_then_same,clicks_3_6,1,0.6785394082647322,6.243853361001069
A,133,other_then_same,clicks_3_6,2,0.7114447694737115,2.7606112054329373
A,154,other_then_same,learned,0,0.6915822337735167,2.664780230145256
A,154,other_then_same,clicks_3_6,0,0.7195371583152879,-1.5510281079041697
A,154,other_then_same,clicks_3_6,1,0.7025454705113992,2.256429604477143
A,154,other_then_same,clicks_3_6,2,0.7220777519405234,-1.4587184807897877
A,174,other_then_same,learned,0,0.699803586678053,1.6869772998805264
A,174,other_then_same,clicks_3_6,0,0.6287645794916501,11.03955228573225
A,174,other_then_same,clicks_3_6,1,0.7013454815128721,-1.6510092435389545
A,174,other_then_same,clicks_3_6,2,0.5028367318163812,-9.03565365025467
A,195,other_then_same,learned,0,0.7042062659703676,-0.8105388920329517
A,195,other_then_same,clicks_3_6,0,0.659602067605174,8.988870024523674
A,195,other_then_same,clicks_3_6,1,0.67697389157386,2.5987549518958666
A,195,other_then_same,clicks_3_6,2,0.696714633045838,3.037288561906557
A,216,other_then_same,learned,0,0.518264587710568,-7.4985851726089425
A,216,other_then_same,clicks_3_6,0,0.6107026014874659,-2.339558573853992
A,216,other_then_same,clicks_3_6,1,0.6039410332281888,18.449977991573917
A,216,other_then_same,clicks_3_6,2,0.5949521878156782,-5.0888511601584625
A,25,frozen,own,0,0.6686170548813973,0.6510721247563342
A,46,frozen,own,0,0.6364434127837854,-0.9736527699176243
A,66,frozen,own,0,0.6848293583360434,3.074514242595736
A,87,frozen,own,0,0.6915275660059386,3.1337483493680445
A,107,frozen,own,0,0.7112160964280232,0.9918883229579318
A,133,frozen,own,0,0.6495889225443531,4.627554549456077
A,154,frozen,own,0,0.6104296818709682,9.014399798780104
A,174,frozen,own,0,0.7251898366230384,3.817015657423129
A,195,frozen,own,0,0.5697351844961848,2.828397157768972
A,216,frozen,own,0,0.5392586421084736,-4.392630321323022
A,25,frozen,learned,0,0.7984700530265713,0.8139344777714896
A,25,frozen,clicks_3_6,0,0.694011209303302,-1.2624033201282785
A,25,frozen,clicks_3_6,1,0.6561569338340023,-1.9168710306231542
A,25,frozen,clicks_3_6,2,0.5774280201278802,-5.283028359429039
A,46,frozen,learned,0,0.7985741097633173,2.3227064075960513
A,46,frozen,clicks_3_6,0,0.6688950805629027,0.8515374457649507
A,46,frozen,clicks_3_6,1,0.6636717101308401,11.702194554486574
A,46,frozen,clicks_3_6,2,0.6531497810192801,0.42520279192605237
A,66,frozen,learned,0,0.7723210827314361,3.215619694397283
A,66,frozen,clicks_3_6,0,0.6261920297735566,1.6373011381500344
A,66,frozen,clicks_3_6,1,0.6407196777360279,5.338866880462806
A,66,frozen,clicks_3_6,2,0.6070088917620554,8.105766207633778
A,87,frozen,learned,0,0.7527247886950582,2.729547884047035
A,87,frozen,clicks_3_6,0,0.5705816052561647,5.508394642520278
A,87,frozen,clicks_3_6,1,0.6052327841401788,-0.9108973149720185
A,87,frozen,clicks_3_6,2,0.578594927855348,-2.5210337672137335
A,107,frozen,learned,0,0.7881672256469803,0.8321700308117954
A,107,frozen,clicks_3_6,0,0.5580994542351689,-2.074702886247879
A,107,frozen,clicks_3_6,1,0.664023739973107,2.719486889266175
A,107,frozen,clicks_3_6,2,0.6991644916091291,1.952713324529963
A,133,frozen,learned,0,0.7531122876591917,3.0789159278123623
A,133,frozen,clicks_3_6,0,0.635434152296658,-0.10262214676476056
A,133,frozen,clicks_3_6,1,0.5302825017974759,13.278375149342892
A,133,frozen,clicks_3_6,2,0.5994953301654924,-2.3415707728101616
A,154,frozen,learned,0,0.7049077181208053,-1.4699113374834933
A,154,frozen,clicks_3_6,0,0.651591007895438,-2.7227567125699554
A,154,frozen,clicks_3_6,1,0.6198384072154585,9.989939005219142
A,154,frozen,clicks_3_6,2,0.5816367823534173,-3.5654907879016537
A,174,frozen,learned,0,0.7122137128820172,0.08426083128969353
A,174,frozen,clicks_3_6,0,0.7016333351301817,0.22964220587310535
A,174,frozen,clicks_3_6,1,0.6870480162759635,6.788027416210779
A,174,frozen,clicks_3_6,2,0.599390928389628,-5.136137835628498
A,195,frozen,learned,0,0.7241128968438293,0.8457523737659542
A,195,frozen,clicks_3_6,0,0.6081097192789481,-3.006099478085897
A,195,frozen,clicks_3_6,1,0.5832793489304008,-0.17895994466453047
A,195,frozen,clicks_3_6,2,0.5146715594973449,-8.494120606174937
A,216,frozen,learned,0,0.6353774131833729,-3.49644721121801
A,216,frozen,clicks_3_6,0,0.5414322241203101,-4.119097025718419
A,216,frozen,clicks_3_6,1,0.5030996574116685,23.283531409168077
A,216,frozen,clicks_3_6,2,0.4533624911042092,-11.520719361126833
C,63,same,own,0,0.7414710855819401,-1.98629981884058
C,115,same,own,0,0.690864364607783,-2.230921648550724
C,166,same,own,0,0.8285730067110387,0.04461050724637694
C,218,same,own,0,0.7981827654475356,-0.9563235960144927
C,270,same,own,0,0.7866431170801674,0.8030457427536233
C,334,same,own,0,0.8464901617389513,-0.6952841938405796
C,386,same,own,0,0.7611598052790186,-1.7039741847826089
C,438,same,own,0,0.7341731530173262,-1.880689538043478
C,489,same,own,0,0.6596696609105336,-3.7787024456521734
C,541,same,own,0,0.7413535957380208,-2.955078125000001
C,63,same,learned,0,0.8484576246296313,-0.7599920742753623
C,63,same,clicks_3_6,0,0.8640198205167011,-0.49071557971014546
C,63,same,clicks_3_6,1,0.8675907238447895,-0.40817481884058004
C,63,same,clicks_3_6,2,0.8709909810822701,-0.2960258152173916
C,115,same,learned,0,0.8101115491276286,-1.1579483695652169
C,115,same,clicks_3_6,0,0.8314543195418387,-0.3528362771739131
C,115,same,clicks_3_6,1,0.7736067628929548,2.2235337409420293
C,115,same,clicks_3_6,2,0.7475942557160832,2.7858922101449277
C,166,same,learned,0,0.8492852370728124,0.8957201086956523
C,166,same,clicks_3_6,0,0.7966093399306858,1.9403023097826084
C,166,same,clicks_3_6,1,0.8459039888165121,-0.5664628623188408
C,166,same,clicks_3_6,2,0.8514634589323385,-0.07441689311594235
C,218,same,learned,0,0.8692664849821921,0.10456295289855078
C,218,same,clicks_3_6,0,0.7935345755798487,-1.04395946557971
C,218,same,clicks_3_6,1,0.8468553084863086,1.0523947010869565
C,218,same,clicks_3_6,2,0.8600217986075583,-0.11231884057970998
C,270,same,learned,0,0.7419639874570317,1.280853713768116
C,270,same,clicks_3_6,0,0.810074303289683,0.5643399003623186
C,270,same,clicks_3_6,1,0.8126877161101436,0.5132472826086956
C,270,same,clicks_3_6,2,0.8230945704817741,0.024796195652173614
C,334,same,learned,0,0.8784132855142671,-0.0033967391304345895
C,334,same,clicks_3_6,0,0.880726976378015,-0.4094485960144927
C,334,same,clicks_3_6,1,0.8758852871457034,0.22118432971014546
C,334,same,clicks_3_6,2,0.8840486174180209,-0.24012115036231885
C,386,same,learned,0,0.8305645556348136,-0.8591768568840585
C,386,same,clicks_3_6,0,0.8123822853489537,-0.9110620471014492
C,386,same,clicks_3_6,1,0.7900067014196835,2.0583956068840576
C,386,same,clicks_3_6,2,0.6423716227794597,-2.811141304347826
C,438,same,learned,0,0.8307443774403014,-0.4719769021739131
C,438,same,clicks_3_6,0,0.8209967576613325,-0.40506114130434767
C,438,same,clicks_3_6,1,0.6861591208566274,-2.3800384963768115
C,438,same,clicks_3_6,2,0.8321038989224877,0.24685801630434767
C,489,same,learned,0,0.7727519788395649,-2.366819519927536
C,489,same,clicks_3_6,0,0.8148892977773171,1.1536741394927548
C,489,same,clicks_3_6,1,0.8233773996843552,0.3020267210144931
C,489,same,clicks_3_6,2,0.7949089166866297,-1.6415591032608692
C,541,same,learned,0,0.8232533397720542,-1.7849298007246386
C,541,same,clicks_3_6,0,0.8502136094219075,0.860054347826086
C,541,same,clicks_3_6,1,0.8499455114884036,0.5082087862318829
C,541,same,clicks_3_6,2,0.8129127307070718,-1.5354110054347831
C,63,other,own,0,0.8533931747837509,-0.6128566576086962
C,115,other,own,0,0.8222274039927535,-0.7941009963768115
C,166,other,own,0,0.8100103517607947,1.1704596920289854
C,218,other,own,0,0.8352856950165493,0.436679121376812
C,270,other,own,0,0.7488040478380865,0.9501811594202898
C,334,other,own,0,0.8128468292682927,-0.31102807971014457
C,386,other,own,0,0.6912385779006374,-0.049733922101449224
C,438,other,own,0,0.8341047566747731,-0.4059103260869561
C,489,other,own,0,0.8047474616511118,-1.9125056612318838
C,541,other,own,0,0.8422380990043324,-0.6855468750000009
C,63,other,learned,0,0.8574812232733651,-0.4561537590579716
C,63,other,clicks_3_6,0,0.8657296215661602,0.49991508152173925
C,63,other,clicks_3_6,1,0.8608806163649707,0.4791949728260869
C,63,other,clicks_3_6,2,0.8101829272057144,-1.4205163043478262
C,115,other,learned,0,0.8522284924565242,-0.43138586956521685
C,115,other,clicks_3_6,0,0.7691291430847621,-1.7353091032608692
C,115,other,clicks_3_6,1,0.7964141063399451,0.9054008152173916
C,115,other,clicks_3_6,2,0.757686218533988,2.0919100996376816
C,166,other,learned,0,0.8152559404184891,1.2884397644927539
C,166,other,clicks_3_6,0,0.8018622464245108,1.6208389945652177
C,166,other,clicks_3_6,1,0.8146623406468767,1.2502547554347823
C,166,other,clicks_3_6,2,0.7993124429571038,-0.9005321557971016
C,218,other,learned,0,0.8525942362296066,0.6462862318840581
C,218,other,clicks_3_6,0,0.868588513214233,-0.07897418478260887
C,218,other,clicks_3_6,1,0.8436101837341873,-0.26958786231884035
C,218,other,clicks_3_6,2,0.8544718660143634,0.5608582427536235
C,270,other,learned,0,0.7161900960144547,1.4163269927536233
C,270,other,clicks_3_6,0,0.7939299093059937,0.6213768115942029
C,270,other,clicks_3_6,1,0.7416805873043784,1.178442028985507
C,270,other,clicks_3_6,2,0.7118213127258438,-0.2989413496376814
C,334,other,learned,0,0.8515469770082317,0.3136039402173916
C,334,other,clicks_3_6,0,0.843037318283366,0.4051460597826084
C,334,other,clicks_3_6,1,0.8603640282115788,-0.5771342844202896
C,334,other,clicks_3_6,2,0.8494127619342586,-0.6185461956521738
C,386,other,learned,0,0.8040394009952975,-0.8201992753623193
C,386,other,clicks_3_6,0,0.7590267931354814,-1.476902173913044
C,386,other,clicks_3_6,1,0.7340251056582351,1.8246150362318838
C,386,other,clicks_3_6,2,0.7071328162134283,-2.3432121829710146
C,438,other,learned,0,0.8539417616372701,-0.21000339673913082
C,438,other,clicks_3_6,0,0.8398423774498822,0.772786458333333
C,438,other,clicks_3_6,1,0.717034658272354,-2.310235507246377
C,438,other,clicks_3_6,2,0.8401520392300015,-0.14178555253623149
C,489,other,learned,0,0.8165215303143287,-1.7924026268115938
C,489,other,clicks_3_6,0,0.8372825380419643,-1.2079370471014492
C,489,other,clicks_3_6,1,0.8567731336397751,-0.13674705615941996
C,489,other,clicks_3_6,2,0.7891924223835699,-2.263417119565217
C,541,other,learned,0,0.8435637475241704,-1.1418421648550732
C,541,other,clicks_3_6,0,0.8519794886763165,0.2774003623188399
C,541,other,clicks_3_6,1,0.828397741941936,1.6065160778985508
C,541,other,clicks_3_6,2,0.816687221912984,-1.229789402173914
C,63,other_then_same,own,0,0.7610610876277649,-1.8447690217391308
C,115,other_then_same,own,0,0.6437699394520969,-2.357252038043478
C,166,other_then_same,own,0,0.8095979969397691,-0.03011775362318847
C,218,other_then_same,own,0,0.8107752365769412,-0.8230015851449273
C,270,other_then_same,own,0,0.7966464566504147,0.7471976902173914
C,334,other_then_same,own,0,0.8261920089625363,-0.7931385869565215
C,386,other_then_same,own,0,0.7639625462270832,-1.7464617300724639
C,438,other_then_same,own,0,0.7037847844148132,-2.269955842391304
C,489,other_then_same,own,0,0.6194568527918781,-4.077445652173912
C,541,other_then_same,own,0,0.7492744439389997,-2.541242074275363
C,63,other_then_same,learned,0,0.8303118767870444,-1.1658174818840585
C,63,other_then_same,clicks_3_6,0,0.8209438898083391,0.013643568840579157
C,63,other_then_same,clicks_3_6,1,0.6601217859177277,4.466117527173912
C,63,other_then_same,clicks_3_6,2,0.7949774413091688,-1.336418704710145
C,115,other_then_same,learned,0,0.8133375325749997,-1.0952219202898545
C,115,other_then_same,clicks_3_6,0,0.7967470101572739,0.7952898550724639
C,115,other_then_same,clicks_3_6,1,0.7472212946620236,2.7917232789855078
C,115,other_then_same,clicks_3_6,2,0.6998592709274526,3.8975317028985508
C,166,other_then_same,learned,0,0.8306105195255804,1.3797554347826084
C,166,other_then_same,clicks_3_6,0,0.7457507005175895,2.8165477807971016
C,166,other_then_same,clicks_3_6,1,0.8220317558696166,0.20819180253623149
C,166,other_then_same,clicks_3_6,2,0.8208522251112018,0.33350317028985543
C,218,other_then_same,learned,0,0.8687768109666157,0.6192821557971011
C,218,other_then_same,clicks_3_6,0,0.7578583278692853,-1.3153023097826089
C,218,other_then_same,clicks_3_6,1,0.8731941883822679,0.4817142210144927
C,218,other_then_same,clicks_3_6,2,0.8761862770545839,0.21306046195652195
C,270,other_then_same,learned,0,0.7102387070807146,1.5127377717391302
C,270,other_then_same,clicks_3_6,0,0.7990333577870798,0.618744338768116
C,270,other_then_same,clicks_3_6,1,0.7956107619795758,0.6394927536231882
C,270,other_then_same,clicks_3_6,2,0.8077764993124351,0.06170742753623171
C,334,other_then_same,learned,0,0.8800024098926091,-0.04715806159420266
C,334,other_then_same,clicks_3_6,0,0.8815025795356836,-0.19038722826086918
C,334,other_then_same,clicks_3_6,1,0.8796276049677378,0.07311480978260887
C,334,other_then_same,clicks_3_6,2,0.8681206897932703,-0.4964900362318838
C,386,other_then_same,learned,0,0.8351099904356143,-0.9735620471014492
C,386,other_then_same,clicks_3_6,0,0.780230146378334,-1.227836277173913
C,386,other_then_same,clicks_3_6,1,0.8173022084996755,0.7746829710144922
C,386,other_then_same,clicks_3_6,2,0.64131924614506,-2.8097826086956523
C,438,other_then_same,learned,0,0.8429761302855319,-0.5932971014492754
C,438,other_then_same,clicks_3_6,0,0.8181892605961374,0.17960258152173925
C,438,other_then_same,clicks_3_6,1,0.7509523981204408,-1.8089334239130435
C,438,other_then_same,clicks_3_6,2,0.799972038545383,-0.2973278985507246
C,489,other_then_same,learned,0,0.7512869472929886,-2.748018568840579
C,489,other_then_same,clicks_3_6,0,0.765290399176513,2.699162137681159
C,489,other_then_same,clicks_3_6,1,0.7845436833861787,-0.4106657608695645
C,489,other_then_same,clicks_3_6,2,0.7730947477890532,-1.5119451992753623
C,541,other_then_same,learned,0,0.8332557445095861,-1.5290138134057978
C,541,other_then_same,clicks_3_6,0,0.8292902558105723,1.3153589221014492
C,541,other_then_same,clicks_3_6,1,0.804405993578309,2.251358695652174
C,541,other_then_same,clicks_3_6,2,0.7463919769459617,-2.223930027173914
C,63,frozen,own,0,0.7897946623398422,-0.9780061141304346
C,115,frozen,own,0,0.6813439326530393,-2.3542515851449273
C,166,frozen,own,0,0.7905337996674503,-0.33101222826087007
C,218,frozen,own,0,0.8332264628591126,-0.11076200181159424
C,270,frozen,own,0,0.7146553726045272,1.1466825181159421
C,334,frozen,own,0,0.8206339648277672,-0.23126132246376807
C,386,frozen,own,0,0.7957913828235539,-0.37698143115942084
C,438,frozen,own,0,0.842964136615468,-0.3684329710144931
C,489,frozen,own,0,0.771336745111667,-2.115913722826087
C,541,frozen,own,0,0.8073061759882074,-1.275050951086957
C,63,frozen,learned,0,0.8155104961690979,-1.0180876358695654
C,63,frozen,clicks_3_6,0,0.7609456849090109,-0.42074275362318847
C,63,frozen,clicks_3_6,1,0.6900974910079657,3.5988168025362324
C,63,frozen,clicks_3_6,2,0.7376384680046547,-1.1281419836956523
C,115,frozen,learned,0,0.8384148785506239,-0.7289685235507246
C,115,frozen,clicks_3_6,0,0.6717690159236824,3.7840240036231894
C,115,frozen,clicks_3_6,1,0.5226157135134695,0.15763700181159468
C,115,frozen,clicks_3_6,2,0.582992286562526,6.060235507246377
C,166,frozen,learned,0,0.8227737240765045,1.2043421648550723
C,166,frozen,clicks_3_6,0,0.6746547724319545,2.887426403985507
C,166,frozen,clicks_3_6,1,0.5473729334060998,5.510841259057972
C,166,frozen,clicks_3_6,2,0.5357534851201288,-2.9579087409420293
C,218,frozen,learned,0,0.835738557136475,0.6158854166666665
C,218,frozen,clicks_3_6,0,0.6850329463445246,-0.5307404891304346
C,218,frozen,clicks_3_6,1,0.6397427457335292,-1.0401381340579712
C,218,frozen,clicks_3_6,2,0.7442934407509192,1.2750792572463765
C,270,frozen,learned,0,0.696806274670631,1.5488564311594202
C,270,frozen,clicks_3_6,0,0.6931831020634546,1.5390058876811594
C,270,frozen,clicks_3_6,1,0.7241214646957956,1.2435461956521736
C,270,frozen,clicks_3_6,2,0.6971860680853457,0.054913949275362084
C,334,frozen,learned,0,0.8451479318433526,0.6653079710144931
C,334,frozen,clicks_3_6,0,0.7447035206474384,2.2918081974637685
C,334,frozen,clicks_3_6,1,0.7399007254677358,-0.15109827898550687
C,334,frozen,clicks_3_6,2,0.6206406923084303,-1.6637228260869565
C,386,frozen,learned,0,0.8084108284078931,-0.13216145833333393
C,386,frozen,clicks_3_6,0,0.7884964739506483,0.21379642210144922
C,386,frozen,clicks_3_6,1,0.6626439818239459,-0.02558876811594235
C,386,frozen,clicks_3_6,2,0.7504890274006046,-1.34859035326087
C,438,frozen,learned,0,0.8300199639622117,-0.7524626358695654
C,438,frozen,clicks_3_6,0,0.4679200096431377,10.139011548913043
C,438,frozen,clicks_3_6,1,0.6629538516849145,-2.7272701539855073
C,438,frozen,clicks_3_6,2,0.6047584587437788,-1.647276947463768
C,489,frozen,learned,0,0.8056771317725088,-1.564453125
C,489,frozen,clicks_3_6,0,0.8357927335027294,0.9118263134057978
C,489,frozen,clicks_3_6,1,0.7784989827499972,-0.17612092391304301
C,489,frozen,clicks_3_6,2,0.7991494760681659,-1.5316745923913038
C,541,frozen,learned,0,0.8052031692303084,-1.6714221014492763
C,541,frozen,clicks_3_6,0,0.7775243609275903,-1.1654495018115947
C,541,frozen,clicks_3_6,1,0.7247417262130121,0.928413722826086
C,541,frozen,clicks_3_6,2,0.6973120904385578,-2.2380831068840585
D,48,same,own,0,0.8593206612357677,0.33504552491993334
D,72,same,own,0,0.8301011182049673,-0.7119885083811681
D,104,same,own,0,0.784959016227877,-0.20281365803491092
D,168,same,own,0,0.8429212933693777,-0.3341624141342443
D,200,same,own,0,0.8459264184660322,-0.4158445725017206
D,232,same,own,0,0.8346568934265794,-0.0828559132092117
D,264,same,own,0,0.7742930441912573,-0.4178343664239055
D,328,same,own,0,0.6033338481177462,-4.810796308820488
D,360,same,own,0,0.7513907518150794,-2.8204546343753663
D,392,same,own,0,0.6834535132345352,-3.025895267532264
D,48,same,learned,0,0.8640590047693412,0.6046290655234667
D,48,same,clicks_3_6,0,0.8679714706987406,0.6321396432903148
D,48,same,clicks_3_6,1,0.8747787357962656,-0.20101390061091173
D,48,same,clicks_3_6,2,0.8691949380835818,0.5505692710982437
D,72,same,learned,0,0.8413965167047835,-0.24689094699658387
D,72,same,clicks_3_6,0,0.8254813393758746,-0.8946247617557139
D,72,same,clicks_3_6,1,0.8324316390229582,0.11869456104363607
D,72,same,clicks_3_6,2,0.7773956026173573,2.8529732328003004
D,104,same,learned,0,0.7888277429724347,0.4001945079452014
D,104,same,clicks_3_6,0,0.7313099761643732,3.468892702039539
D,104,same,clicks_3_6,1,0.6053757212610885,8.638131382291952
D,104,same,clicks_3_6,2,0.7861854675433698,0.6759374668134779
D,168,same,learned,0,0.8449999876491062,-0.10863380525730548
D,168,same,clicks_3_6,0,0.8327813119531207,-1.3620698328237753
D,168,same,clicks_3_6,1,0.8440917957501598,-0.2560238775270669
D,168,same,clicks_3_6,2,0.8293629473223848,0.8064701838323654
D,200,same,learned,0,0.8646263405633292,0.23848462660622616
D,200,same,clicks_3_6,0,0.814526414714372,-2.2591538904383706
D,200,same,clicks_3_6,1,0.8555024201109497,-0.7526227831404082
D,200,same,clicks_3_6,2,0.8631273641142521,-0.13611084717153155
D,232,same,learned,0,0.8520304108740496,0.5076433797432269
D,232,same,clicks_3_6,0,0.8270065049537225,2.0568991632804767
D,232,same,clicks_3_6,1,0.8428125063316942,-0.4148049610704643
D,232,same,clicks_3_6,2,0.8251622608097126,2.134165767719505
D,264,same,learned,0,0.7854862040296103,0.7872764975155508
D,264,same,clicks_3_6,0,0.7631902097073437,1.8939931698646824
D,264,same,clicks_3_6,1,0.7838126177143507,0.33656581690542176
D,264,same,clicks_3_6,2,0.76438852642688,1.5566560283489732
D,328,same,learned,0,0.6933279628130273,-2.7606602091519328
D,328,same,clicks_3_6,0,0.5704329442006072,15.659912918569358
D,328,same,clicks_3_6,1,0.6700634010982481,1.738140884116861
D,328,same,clicks_3_6,2,0.6989149323839013,-1.0017494536450666
D,360,same,learned,0,0.7771862870767935,-1.5190176230905497
D,360,same,clicks_3_6,0,0.7337051710431922,6.201919368631684
D,360,same,clicks_3_6,1,0.7851137952930884,1.0436021977162095
D,360,same,clicks_3_6,2,0.6453515269176074,-5.113736844164481
D,392,same,learned,0,0.7484226350205732,-1.441125016069262
D,392,same,clicks_3_6,0,0.6320648681148345,10.147468322592543
D,392,same,clicks_3_6,1,0.7319900765149912,-2.5609094923230833
D,392,same,clicks_3_6,2,0.6774543367052194,6.387327919156238
D,48,other,own,0,0.7256483569480917,-1.5524640467713358
D,72,other,own,0,0.7273181324181631,-2.3984618222264453
D,104,other,own,0,0.6375993010829152,-3.034413374098025
D,168,other,own,0,0.7573714708969957,-2.1524428073980095
D,200,other,own,0,0.7832528371210998,-1.8907066563078159
D,232,other,own,0,0.7565677065687343,-1.7613812299832885
D,264,other,own,0,0.5806199717738758,-4.867348934957214
D,328,other,own,0,0.5297009370830469,-6.859859261205165
D,360,other,own,0,0.4902309003323035,-7.108035749218892
D,392,other,own,0,0.4634337405576798,-6.2006226489969976
D,48,other,learned,0,0.7882033269783147,1.537887129498694
D,48,other,clicks_3_6,0,0.8009892739052125,0.4062644972696221
D,48,other,clicks_3_6,1,0.7962002789568553,0.7579885195597855
D,48,other,clicks_3_6,2,0.7981908129449633,1.2904596088601723
D,72,other,learned,0,0.8197887552152955,0.41812501047995365
D,72,other,clicks_3_6,0,0.7765722987115081,-1.5376635571478872
D,72,other,clicks_3_6,1,0.797658297878473,1.1338918915897667
D,72,other,clicks_3_6,2,0.6049610223820845,7.960125871233503
D,104,other,learned,0,0.7283933755290585,0.12082967699384639
D,104,other,clicks_3_6,0,0.7185979553913692,0.020356262541012526
D,104,other,clicks_3_6,1,0.6135617934522819,5.909475555158093
D,104,other,clicks_3_6,2,0.7293723008049371,0.10467657464801317
D,168,other,learned,0,0.8291106414199114,0.7132405135456885
D,168,other,clicks_3_6,0,0.70163646816859,6.307948556002078
D,168,other,clicks_3_6,1,0.809850824088289,1.0856226210504527
D,168,other,clicks_3_6,2,0.7979164044568604,-0.5356905311520137
D,200,other,learned,0,0.832106065395591,1.4070973042763786
D,200,other,clicks_3_6,0,0.8217551130059843,-0.9778272121086804
D,200,other,clicks_3_6,1,0.8154876269992959,-1.4647342563145234
D,200,other,clicks_3_6,2,0.7381651332680979,5.2934554783609915
D,232,other,learned,0,0.8261055272066917,1.5568572434647017
D,232,other,clicks_3_6,0,0.8072430964237212,1.2567784342110428
D,232,other,clicks_3_6,1,0.7607774422448397,-2.429963166455204
D,232,other,clicks_3_6,2,0.7873294840834533,-1.3692353266671509
D,264,other,learned,0,0.7957800682581115,0.6150810729237097
D,264,other,clicks_3_6,0,0.7553673946655526,3.413949796828623
D,264,other,clicks_3_6,1,0.7372573790720977,-1.3522773638584118
D,264,other,clicks_3_6,2,0.7240126939867583,-2.083984953580792
D,328,other,learned,0,0.7862561009093479,-0.14322044792720412
D,328,other,clicks_3_6,0,0.7539261601263177,1.8148820935314927
D,328,other,clicks_3_6,1,0.7653367910743833,1.1388775550127725
D,328,other,clicks_3_6,2,0.7305674197719052,-1.9672913650768802
D,360,other,learned,0,0.7886773760914249,-1.2515133053495262
D,360,other,clicks_3_6,0,0.7860504391151824,-1.2439789171273166
D,360,other,clicks_3_6,1,0.7584146906966457,3.6470463297803963
D,360,other,clicks_3_6,2,0.6092199791777059,-5.29132036241078
D,392,other,learned,0,0.743332824666616,-1.5587128939764021
D,392,other,clicks_3_6,0,0.6811335153213044,3.6389082962110066
D,392,other,clicks_3_6,1,0.6644329295597626,-3.3342574323833363
D,392,other,clicks_3_6,2,0.7236059028280086,-0.4147714252178414
D,48,other_then_same,own,0,0.8473044823252667,0.41761079407309687
D,72,other_then_same,own,0,0.8395224636121261,-0.8325946130242068
D,104,other_then_same,own,0,0.7909868288135222,-0.26118839883071754
D,168,other_then_same,own,0,0.8439544674917787,-0.1635096387629762
D,200,other_then_same,own,0,0.8584206516584976,-0.12606127000274014
D,232,other_then_same,own,0,0.8465835658720247,-0.08575117515217023
D,264,other_then_same,own,0,0.7925202923641717,-0.5238970896469244
D,328,other_then_same,own,0,0.6630438528969107,-3.478796957180305
D,360,other_then_same,own,0,0.7673422961049954,-2.0329322072739267
D,392,other_then_same,own,0,0.6828944075724269,-2.86540385550519
D,48,other_then_same,learned,0,0.8570876411116604,0.4801104447412978
D,48,other_then_same,clicks_3_6,0,0.8600069706838888,-0.30345475175085124
D,48,other_then_same,clicks_3_6,1,0.8338440285857069,-0.9749431287832637
D,48,other_then_same,clicks_3_6,2,0.850553323162215,0.41481613968800524
D,72,other_then_same,learned,0,0.8450262273057305,-0.4806581970007766
D,72,other_then_same,clicks_3_6,0,0.8282825025513398,-1.0421154415833387
D,72,other_then_same,clicks_3_6,1,0.8339980908919935,-0.22741779524126127
D,72,other_then_same,clicks_3_6,2,0.8390412578533983,-0.5371102155796397
D,104,other_then_same,learned,0,0.7895780077585353,0.29192959706673083
D,104,other_then_same,clicks_3_6,0,0.7548462726591233,1.5146914981024304
D,104,other_then_same,clicks_3_6,1,0.694046514079249,5.050801227412205
D,104,other_then_same,clicks_3_6,2,0.8006720588294975,-0.26597284713799496
D,168,other_then_same,learned,0,0.8521003537456895,0.3613935264625816
D,168,other_then_same,clicks_3_6,0,0.8246225475684259,-1.5957923683578068
D,168,other_then_same,clicks_3_6,1,0.8520272339324807,-0.5783481356860598
D,168,other_then_same,clicks_3_6,2,0.8266533271457243,0.337549535248975
D,200,other_then_same,learned,0,0.8744286724748672,0.43110338544432203
D,200,other_then_same,clicks_3_6,0,0.8217721923021075,-2.1541643144992264
D,200,other_then_same,clicks_3_6,1,0.8183732925717888,-2.2930474588207677
D,200,other_then_same,clicks_3_6,2,0.8583490680430054,1.636113641825915
D,232,other_then_same,learned,0,0.8604076023928222,0.5119918619664308
D,232,other_then_same,clicks_3_6,0,0.8418700345297204,1.3078311805179048
D,232,other_then_same,clicks_3_6,1,0.8311376006318366,-1.5520504379223423
D,232,other_then_same,clicks_3_6,2,0.8456898594557962,0.9082403179198835
D,264,other_then_same,learned,0,0.7982842580307817,0.9497800606998936
D,264,other_then_same,clicks_3_6,0,0.8080775673711829,0.279979654916076
D,264,other_then_same,clicks_3_6,1,0.8031117794059898,-0.5267476371197191
D,264,other_then_same,clicks_3_6,2,0.7925450396317747,-0.048783486946168964
D,328,other_then_same,learned,0,0.7418129567515346,-0.9760945263899217
D,328,other_then_same,clicks_3_6,0,0.692604037484265,8.0055110584474
D,328,other_then_same,clicks_3_6,1,0.7291921318356152,1.9401832175414864
D,328,other_then_same,clicks_3_6,2,0.7414982405365429,-1.0312274680990186
D,360,other_then_same,learned,0,0.8029363990818442,-0.9499142041103763
D,360,other_then_same,clicks_3_6,0,0.7923821930759283,3.275144902829867
D,360,other_then_same,clicks_3_6,1,0.7822476929477808,4.48222320345643
D,360,other_then_same,clicks_3_6,2,0.5850760332632882,-6.002492831711502
D,392,other_then_same,learned,0,0.7461486815844899,-1.1712955458798406
D,392,other_then_same,clicks_3_6,0,0.7433681266543475,4.195491663545971
D,392,other_then_same,clicks_3_6,1,0.6885579749333056,-3.366585994310083
D,392,other_then_same,clicks_3_6,2,0.7676470902213456,0.6612822992180565
D,48,frozen,own,0,0.7812131953316647,-0.13738520957113298
D,72,frozen,own,0,0.7684030204503327,-1.0562004996842047
D,104,frozen,own,0,0.7190789592902699,-1.0839346498018587
D,168,frozen,own,0,0.7910408197540657,-1.6370302884642278
D,200,frozen,own,0,0.7954838091926393,-1.4995668285703125
D,232,frozen,own,0,0.8148806999260813,-0.17168120818498345
D,264,frozen,own,0,0.705661164483281,-1.4336912354049174
D,328,frozen,own,0,0.591154952506975,-4.909391715526539
D,360,frozen,own,0,0.6934974353670479,-4.178846702028359
D,392,frozen,own,0,0.6499518405416144,-2.9373829738476243
D,48,frozen,learned,0,0.7756779543316112,1.4396047240837726
D,48,frozen,clicks_3_6,0,0.7387272302165919,0.5288380385997664
D,48,frozen,clicks_3_6,1,0.750621867550224,-0.9207380123300153
D,48,frozen,clicks_3_6,2,0.5561624124758073,6.558193088260774
D,72,frozen,learned,0,0.8129017700528858,0.7460832918792928
D,72,frozen,clicks_3_6,0,0.7513698362018173,-1.6911571545946913
D,72,frozen,clicks_3_6,1,0.7006316072388461,2.1448189902354784
D,72,frozen,clicks_3_6,2,0.5692047908262656,-1.7131790311492177
D,104,frozen,learned,0,0.7361685250318042,0.8995657107085568
D,104,frozen,clicks_3_6,0,0.5772840133151605,-0.7434563167573067
D,104,frozen,clicks_3_6,1,0.589047794679091,6.2380598391396935
D,104,frozen,clicks_3_6,2,0.7185254730925028,-0.9769999944106909
D,168,frozen,learned,0,0.8361028937489979,0.05634023240345698
D,168,frozen,clicks_3_6,0,0.7030756384254059,5.5117515216893125
D,168,frozen,clicks_3_6,1,0.7763007759014149,1.3835327785012819
D,168,frozen,clicks_3_6,2,0.44283596041456175,19.65053405845299
D,200,frozen,learned,0,0.8364881575192619,1.2036241078065881
D,200,frozen,clicks_3_6,0,0.7063432622878387,-0.24459933040080983
D,200,frozen,clicks_3_6,1,0.6046903701835892,-3.9946566208157055
D,200,frozen,clicks_3_6,2,0.7364798482585511,2.4077512534024894
D,232,frozen,learned,0,0.8219593077309345,1.614225908681874
D,232,frozen,clicks_3_6,0,0.6367540471333709,1.9837798259489237
D,232,frozen,clicks_3_6,1,0.629135718618752,-3.216110623599178
D,232,frozen,clicks_3_6,2,0.7176842895710787,-2.990760872602885
D,264,frozen,learned,0,0.7602784153138497,2.6237892159876566
D,264,frozen,clicks_3_6,0,0.6713186559852458,-1.8336509923817728
D,264,frozen,clicks_3_6,1,0.6266751168897132,2.3692409159759205
D,264,frozen,clicks_3_6,2,0.6030958962565338,-3.152135395415649
D,328,frozen,learned,0,0.664578567891092,-1.7188577688597242
D,328,frozen,clicks_3_6,0,0.474471511905771,21.02476622716069
D,328,frozen,clicks_3_6,1,0.459660202687644,6.273138340981369
D,328,frozen,clicks_3_6,2,0.6601990825231263,-1.3112965519554187
D,360,frozen,learned,0,0.7465987118779971,0.05325493396231806
D,360,frozen,clicks_3_6,0,0.6171066500257156,8.022234270287795
D,360,frozen,clicks_3_6,1,0.6041376743286176,-0.2095655430292922
D,360,frozen,clicks_3_6,2,0.350564537018696,-6.799394118929311
D,392,frozen,learned,0,0.6998753164114774,-1.5473218827027644
D,392,frozen,clicks_3_6,0,0.5698026338731093,3.290616109505738
D,392,frozen,clicks_3_6,1,0.6239543274607531,-3.693996523449944
D,392,frozen,clicks_3_6,2,0.5639771990832501,-2.8184536618356404
E,48,same,own,0,0.9074342858038528,1.5517499971157065
E,88,same,own,0,0.927817273800278,-0.2248787635225291
E,128,same,own,0,0.899172950620287,0.01557518584465356
E,168,same,own,0,0.9235211603891841,-0.32727118898276686
E,208,same,own,0,0.910705369474382,0.04528341069649855
E,257,same,own,0,0.8492533107917724,-0.4829269043068276
E,297,same,own,0,0.7896275842537525,-3.3811613320052754
E,337,same,own,0,0.7466055960401485,1.1631394959792942
E,377,same,own,0,0.713066236044213,-2.5973064542800985
E,417,same,own,0,0.6807972792057143,-2.271285125889804
E,48,same,learned,0,0.9011717082028823,2.5825004134154312
E,48,same,clicks_3_6,0,0.9070815388959623,-2.9265005057128235
E,48,same,clicks_3_6,1,0.9108997559671759,-0.2567982801918234
E,48,same,clicks_3_6,2,0.9036198599426354,-3.6070976698752837
E,88,same,learned,0,0.9279840747749006,0.7954881955474207
E,88,same,clicks_3_6,0,0.925698052300095,2.298974345169192
E,88,same,clicks_3_6,1,0.9190250899830891,-1.3246599417757245
E,88,same,clicks_3_6,2,0.8737247644384337,-5.741186559960621
E,128,same,learned,0,0.9033797875303985,0.5028285306638871
E,128,same,clicks_3_6,0,0.9011681095499937,-0.6567536697829865
E,128,same,clicks_3_6,1,0.9016166092083823,0.9330690038418794
E,128,same,clicks_3_6,2,0.8760364111791009,-3.659591814759125
E,168,same,learned,0,0.9154654782980282,0.3892835029938979
E,168,same,clicks_3_6,0,0.9117110571597418,-1.402632014121501
E,168,same,clicks_3_6,1,0.8843108658555981,-3.319341304239142
E,168,same,clicks_3_6,2,0.8813887566538279,-3.4384626330140122
E,208,same,learned,0,0.9123208181321996,0.587242192217019
E,208,same,clicks_3_6,0,0.9146492659053833,-0.4664864303596925
E,208,same,clicks_3_6,1,0.8957448014051788,-2.338200739148327
E,208,same,clicks_3_6,2,0.9104474966770049,-0.33188605886266487
E,257,same,learned,0,0.8623366631350587,1.68692722734772
E,257,same,clicks_3_6,0,0.8596100865228808,-0.5015786700714138
E,257,same,clicks_3_6,1,0.8387890952147168,-2.1703348472670356
E,257,same,clicks_3_6,2,0.8580240737738004,-0.9355687250268225
E,297,same,learned,0,0.8107344074330335,-1.3592714658749596
E,297,same,clicks_3_6,0,0.8157677606210113,-1.991412496298489
E,297,same,clicks_3_6,1,0.8053655101043493,-3.7834241565363858
E,297,same,clicks_3_6,2,0.7828551040142305,6.6459894857881245
E,337,same,learned,0,0.7230567975476893,3.4079852631821836
E,337,same,clicks_3_6,0,0.7089557022886083,-0.21651431186521464
E,337,same,clicks_3_6,1,0.6879094313558316,-3.395775086624953
E,337,same,clicks_3_6,2,0.7298873919232122,6.953551334658826
E,377,same,learned,0,0.7556891935745579,-0.9022070615200608
E,377,same,clicks_3_6,0,0.7823497099776751,-0.7852008814401454
E,377,same,clicks_3_6,1,0.736137788378327,-1.643278249733683
E,377,same,clicks_3_6,2,0.5218480572201817,17.437958843052122
E,417,same,learned,0,0.655672585013542,-3.031584938603002
E,417,same,clicks_3_6,0,0.6849648408926333,0.7602036695907
E,417,same,clicks_3_6,1,0.6715456795367593,7.1973702933134405
E,417,same,clicks_3_6,2,0.7352786890379963,-0.8360605932415233
E,48,other,own,0,0.5153429142494099,-18.32257171315507
E,88,other,own,0,0.7127105844313443,-11.836852812570903
E,128,other,own,0,0.6565778588006179,-11.180002999665422
E,168,other,own,0,0.7822375441188542,-5.015690557591654
E,208,other,own,0,0.8124583674323888,-2.5712516680831765
E,257,other,own,0,0.7861476758535582,-2.626437820396955
E,297,other,own,0,0.7317991254564306,-4.946755938760676
E,337,other,own,0,0.7989498410943762,-0.3391929361725037
E,377,other,own,0,0.6709721873485428,-3.398370950932395
E,417,other,own,0,0.682004798469015,-4.9985770817870305
E,48,other,learned,0,0.9091786848787773,-0.04153382891908208
E,48,other,clicks_3_6,0,0.8761369246622774,-1.754419699341227
E,48,other,clicks_3_6,1,0.8700769062889865,-0.7553003703433063
E,48,other,clicks_3_6,2,0.8648785138234005,-3.815439816328176
E,88,other,learned,0,0.9249312095492772,-0.23055120774990456
E,88,other,clicks_3_6,0,0.8912111731031005,1.043056735979448
E,88,other,clicks_3_6,1,0.8859322921856067,0.0569167285187433
E,88,other,clicks_3_6,2,0.785991287717807,-9.094947102054
E,128,other,learned,0,0.9005924174978553,1.6490468370835565
E,128,other,clicks_3_6,0,0.8486941046959755,-0.00817216541232213
E,128,other,clicks_3_6,1,0.8603964099404247,2.6315334058893427
E,128,other,clicks_3_6,2,0.8740469848785919,4.0020536170965535
E,168,other,learned,0,0.9045895868248336,2.0913052005737818
E,168,other,clicks_3_6,0,0.8414672670518126,-3.0706190463371392
E,168,other,clicks_3_6,1,0.8034046544213613,-4.950409377415596
E,168,other,clicks_3_6,2,0.8701684836471755,-0.37438131900672644
E,208,other,learned,0,0.8932960368836826,1.9020955354979634
E,208,other,clicks_3_6,0,0.8628981186758,1.8848859165708411
E,208,other,clicks_3_6,1,0.8591556767423849,3.365970718650612
E,208,other,clicks_3_6,2,0.8657976616363063,2.1904287598690892
E,257,other,learned,0,0.8604014418815372,0.48186932995935194
E,257,other,clicks_3_6,0,0.8244232372834245,3.3643362855681502
E,257,other,clicks_3_6,1,0.7803900483894618,-3.2326202077460593
E,257,other,clicks_3_6,2,0.8165115403238823,-0.21132258325032893
E,297,other,learned,0,0.8358465081985397,-1.0700729534013504
E,297,other,clicks_3_6,0,0.8017938917593913,-1.0840137061635424
E,297,other,clicks_3_6,1,0.8142204205185306,-1.7002911213749226
E,297,other,clicks_3_6,2,0.8006946505314296,4.449119136711676
E,337,other,learned,0,0.8273247957292456,1.7673990208784414
E,337,other,clicks_3_6,0,0.7867970266654596,-2.0963046429436716
E,337,other,clicks_3_6,1,0.78626941080318,-1.8029719762026541
E,337,other,clicks_3_6,2,0.8017372421281216,2.695084009860439
E,377,other,learned,0,0.8378955311311669,-0.4962907983340319
E,377,other,clicks_3_6,0,0.7369397464205231,-2.9685150502443953
E,377,other,clicks_3_6,1,0.7771245372454276,1.0689192359313768
E,377,other,clicks_3_6,2,0.7080645042902546,6.333716623915027
E,417,other,learned,0,0.7803717304953909,0.2613170069492252
E,417,other,clicks_3_6,0,0.7808038096802004,-1.9759334535763315
E,417,other,clicks_3_6,1,0.5765734734958622,17.59015340596626
E,417,other,clicks_3_6,2,0.7838415893411416,-1.8856550615508265
E,48,other_then_same,own,0,0.9179575332882078,-0.556764822385194
E,88,other_then_same,own,0,0.93686034981565,-0.9151863830572751
E,128,other_then_same,own,0,0.930950505386039,0.07489549242584204
E,168,other_then_same,own,0,0.9156470656888872,0.5572455379976837
E,208,other_then_same,own,0,0.9079226555101356,-0.8004876379173105
E,257,other_then_same,own,0,0.8513017039336163,1.552711428340686
E,297,other_then_same,own,0,0.8054777400987144,-3.152148414215336
E,337,other_then_same,own,0,0.7948246565807522,2.268689261582363
E,377,other_then_same,own,0,0.7710142180094787,0.42302973899065144
E,417,other_then_same,own,0,0.7563361711132454,-1.7699948851858824
E,48,other_then_same,learned,0,0.9265662386681495,0.12335162616477646
E,48,other_then_same,clicks_3_6,0,0.911182515958409,-3.9836902806994594
E,48,other_then_same,clicks_3_6,1,0.920711601235405,-1.7927808052178769
E,48,other_then_same,clicks_3_6,2,0.9014183020593445,-4.804175688096326
E,88,other_then_same,learned,0,0.9405522039015067,0.29448638421099105
E,88,other_then_same,clicks_3_6,0,0.9202735468760557,4.268273923293172
E,88,other_then_same,clicks_3_6,1,0.9379376055667037,0.16834660749378116
E,88,other_then_same,clicks_3_6,2,0.8577712609970675,-7.051328890239166
E,128,other_then_same,learned,0,0.9278313528293229,0.33967365178499165
E,128,other_then_same,clicks_3_6,0,0.9148838890142296,-2.421749112598981
E,128,other_then_same,clicks_3_6,1,0.9321847299306525,0.2495875460044843
E,128,other_then_same,clicks_3_6,2,0.8911982450188465,-4.382684239065643
E,168,other_then_same,learned,0,0.9127306895388618,0.9214356860196347
E,168,other_then_same,clicks_3_6,0,0.9001832375310626,-0.6812701660199458
E,168,other_then_same,clicks_3_6,1,0.8881181971119402,-2.751039307154201
E,168,other_then_same,clicks_3_6,2,0.8871075698917822,-3.0736956262570736
E,208,other_then_same,learned,0,0.913373165751832,0.36342100304196734
E,208,other_then_same,clicks_3_6,0,0.8945833679744056,-1.6577958612308645
E,208,other_then_same,clicks_3_6,1,0.8560970074886782,-3.647958496936882
E,208,other_then_same,clicks_3_6,2,0.91120103574601,0.2388195162847211
E,257,other_then_same,learned,0,0.850666182878193,2.463282941518063
E,257,other_then_same,clicks_3_6,0,0.8569191950962096,-1.2925481388614344
E,257,other_then_same,clicks_3_6,1,0.8542662921863051,-1.520888054793888
E,257,other_then_same,clicks_3_6,2,0.8589093386564279,1.395325136811664
E,297,other_then_same,learned,0,0.8064864864864865,-1.191982432728656
E,297,other_then_same,clicks_3_6,0,0.8230777660579992,-2.4654942333355123
E,297,other_then_same,clicks_3_6,1,0.8349409415507496,-2.132262170757876
E,297,other_then_same,clicks_3_6,2,0.8292121121940332,1.7668221621434554
E,337,other_then_same,learned,0,0.7545488303007798,3.1250360536709376
E,337,other_then_same,clicks_3_6,0,0.7340862217416552,-2.006891539020648
E,337,other_then_same,clicks_3_6,1,0.8078999426870528,-0.4116848505359023
E,337,other_then_same,clicks_3_6,2,0.7381037457504263,7.039118713681937
E,377,other_then_same,learned,0,0.803604229303554,1.1781378230889636
E,377,other_then_same,clicks_3_6,0,0.7971250983560675,-1.657219002495875
E,377,other_then_same,clicks_3_6,1,0.7932349374062121,-1.154871187444476
E,377,other_then_same,clicks_3_6,2,0.7947036676678371,2.864103619211704
E,417,other_then_same,learned,0,0.7585437255633928,-0.9284541339619814
E,417,other_then_same,clicks_3_6,0,0.7847631652123717,1.918920581935092
E,417,other_then_same,clicks_3_6,1,0.7871747143519302,0.7399174707436487
E,417,other_then_same,clicks_3_6,2,0.7886666947978963,-0.3325590607201505
E,48,frozen,own,0,0.8814566393520422,0.9893127305031371
E,88,frozen,own,0,0.890007337800664,-0.2841990701037176
E,128,frozen,own,0,0.8652178161481116,-0.395628949078759
E,168,frozen,own,0,0.8667325138176368,3.1643585907725686
E,208,frozen,own,0,0.8476379184482219,1.2297666798703197
E,257,frozen,own,0,0.7744769382832102,-0.9841210018882496
E,297,frozen,own,0,0.7644055669079681,-0.7101131027693057
E,337,frozen,own,0,0.6682512048823422,3.583350318618308
E,377,frozen,own,0,0.7127589678626968,0.4769660307119601
E,417,frozen,own,0,0.6230061875799834,3.7540043610520364
E,48,frozen,learned,0,0.905612404068135,1.8488322456341422
E,48,frozen,clicks_3_6,0,0.8233461958328201,-2.8045910263855163
E,48,frozen,clicks_3_6,1,0.7432291776554072,-5.103853800922202
E,48,frozen,clicks_3_6,2,0.8502371705052593,-5.648696876117661
E,88,frozen,learned,0,0.9239659826340824,2.6692215099085104
E,88,frozen,clicks_3_6,0,0.7866811297034331,-4.01887866353368
E,88,frozen,clicks_3_6,1,0.8539617733940024,0.7033830841944564
E,88,frozen,clicks_3_6,2,0.7986973136800889,-8.697106861157792
E,128,frozen,learned,0,0.8816681126683271,-0.8198124055393841
E,128,frozen,clicks_3_6,0,0.8070782827421726,-2.6446088705490567
E,128,frozen,clicks_3_6,1,0.826466331442933,2.3681012502451644
E,128,frozen,clicks_3_6,2,0.8424801666059476,2.468474670132945
E,168,frozen,learned,0,0.884447891465151,2.5438508781712805
E,168,frozen,clicks_3_6,0,0.846210815838493,-0.4281253244830374
E,168,frozen,clicks_3_6,1,0.6063025224213362,-10.393359971387808
E,168,frozen,clicks_3_6,2,0.8629931705994427,0.7298224428813711
E,208,frozen,learned,0,0.906195639188445,0.11450645889496869
E,208,frozen,clicks_3_6,0,0.7684570160073533,-5.162597248768408
E,208,frozen,clicks_3_6,1,0.7355515245246476,-6.274300174211339
E,208,frozen,clicks_3_6,2,0.7696317172804712,-2.5201035269143066
E,257,frozen,learned,0,0.8159029713021759,-0.20295813159301446
E,257,frozen,clicks_3_6,0,0.6930619926653592,3.9929200204592554
E,257,frozen,clicks_3_6,1,0.7031111336494333,-2.2609978117825307
E,257,frozen,clicks_3_6,2,0.7778922923512445,-0.07153048313841914
E,297,frozen,learned,0,0.7616351332688855,-2.6927765749204884
E,297,frozen,clicks_3_6,0,0.7637202123371775,0.231608782097382
E,297,frozen,clicks_3_6,1,0.4355490990885447,-10.023208949770986
E,297,frozen,clicks_3_6,2,0.7087170544747788,11.804068007799131
E,337,frozen,learned,0,0.65836828077024,-0.3275596183502607
E,337,frozen,clicks_3_6,0,0.5450343670509282,-3.448461517753789
E,337,frozen,clicks_3_6,1,0.6125035806359209,-2.417230385841579
E,337,frozen,clicks_3_6,2,0.7290285706319832,6.37428902160913
E,377,frozen,learned,0,0.6708162399207809,-3.5519115175615017
E,377,frozen,clicks_3_6,0,0.6802492865047469,-3.356356406400824
E,377,frozen,clicks_3_6,1,0.6749271416519672,0.19459367993569998
E,377,frozen,clicks_3_6,2,0.6814611942272334,2.6738363797884084
E,417,frozen,learned,0,0.6324742086132057,-0.876344561568132
E,417,frozen,clicks_3_6,0,0.6614691643172421,-2.0016998104057624
E,417,frozen,clicks_3_6,1,0.41809713685359984,-2.1516830815024477
E,417,frozen,clicks_3_6,2,0.5069306302111991,-7.222848220775375
F,29,same,own,0,0.8520075844563355,-0.020581520279343124
F,53,same,own,0,0.8725015261262098,-0.4688423314531285
F,77,same,own,0,0.8821317407171969,-0.8915189363416598
F,100,same,own,0,0.8555779664124772,-1.0693325275315608
F,124,same,own,0,0.8788323784017881,-0.3103008326618317
F,154,same,own,0,0.8410978168973622,-0.169990598979318
F,178,same,own,0,0.7741455082577061,-0.5566747246843944
F,202,same,own,0,0.7512669786393451,-0.7184730056406119
F,225,same,own,0,0.8252706493431956,-0.3625100725221593
F,249,same,own,0,0.7388890084068966,-1.3770145044319095
F,29,same,learned,0,0.8739945860082879,0.7483883964544731
F,29,same,clicks_3_6,0,0.8710939420256608,-0.14961052914316397
F,29,same,clicks_3_6,1,0.8680130819768137,-0.25953532097770626
F,29,same,clicks_3_6,2,0.8667396832057469,0.9013228579102872
F,53,same,learned,0,0.8967065996381556,0.3365229653505253
F,53,same,clicks_3_6,0,0.8954245015353013,-0.2860260542573183
F,53,same,clicks_3_6,1,0.7494148348847349,-3.801537738383024
F,53,same,clicks_3_6,2,0.8691284563151304,2.546199301638465
F,77,same,learned,0,0.9085571768861009,0.10616438356164437
F,77,same,clicks_3_6,0,0.9015988850390043,0.5388127853881279
F,77,same,clicks_3_6,1,0.7612228904199005,-3.86694198227236
F,77,same,clicks_3_6,2,0.8457793038366864,3.3489121676067697
F,100,same,learned,0,0.8690238287837734,-0.487677947891485
F,100,same,clicks_3_6,0,0.8557297763142663,-0.9721998388396456
F,100,same,clicks_3_6,1,0.8172128832909756,-2.24687751813054
F,100,same,clicks_3_6,2,0.8474926639710596,-1.4960045662100452
F,124,same,learned,0,0.8982195433112737,-0.03575745366639804
F,124,same,clicks_3_6,0,0.8799833270375532,-0.9119325812516781
F,124,same,clicks_3_6,1,0.8899001519321597,0.03391082460381423
F,124,same,clicks_3_6,2,0.8763018227243552,0.7944869728713408
F,154,same,learned,0,0.8517737907582225,0.8284649476228845
F,154,same,clicks_3_6,0,0.856184268107465,-0.7027598710717164
F,154,same,clicks_3_6,1,0.856051740770974,-0.6778807413376313
F,154,same,clicks_3_6,2,0.822150448010002,-1.4846897663174863
F,178,same,learned,0,0.8472669476884804,0.5428753693258122
F,178,same,clicks_3_6,0,0.8319108407615159,1.1576013967230727
F,178,same,clicks_3_6,1,0.8374920625564328,0.9275114155251138
F,178,same,clicks_3_6,2,0.8401901289831329,0.03713403169486984
F,202,same,learned,0,0.806838331058074,0.18808756379264047
F,202,same,clicks_3_6,0,0.7599304936303997,2.749496373892022
F,202,same,clicks_3_6,1,0.7802693388994918,2.373556271823798
F,202,same,clicks_3_6,2,0.7987196680245945,0.6190572119258668
F,225,same,learned,0,0.8360799001248439,0.12026591458501201
F,225,same,clicks_3_6,0,0.8215802526308092,2.128021756647864
F,225,same,clicks_3_6,1,0.8292418042094918,1.8592532903572385
F,225,same,clicks_3_6,2,0.8080755043908586,-1.613383024442654
F,249,same,learned,0,0.8005946344611413,-0.8554928820843406
F,249,same,clicks_3_6,0,0.7924843597749381,-0.9166330915928009
F,249,same,clicks_3_6,1,0.7621956386766952,3.9906997045393506
F,249,same,clicks_3_6,2,0.80641023119404,-0.05973005640612339
F,29,other,own,0,0.7534677771111752,4.780721192586624
F,53,other,own,0,0.7663104208241973,4.578028471662639
F,77,other,own,0,0.8107128605547317,2.273704002148806
F,100,other,own,0,0.772576487454697,2.6171098576416867
F,124,other,own,0,0.6554056348166206,5.977571850658071
F,154,other,own,0,0.7474670790571255,1.8878592532903564
F,178,other,own,0,0.6565457514884963,2.7251880204136443
F,202,other,own,0,0.6761840463020653,4.109085414987913
F,225,other,own,0,0.7107481447288996,4.509199570239054
F,249,other,own,0,0.6688851187509545,4.584709911361806
F,29,other,learned,0,0.8399564467300102,1.713336019339243
F,29,other,clicks_3_6,0,0.8333246621373123,2.173280956218104
F,29,other,clicks_3_6,1,0.8408583989267993,0.07708836959441356
F,29,other,clicks_3_6,2,0.8433014354066986,1.4786462530217577
F,53,other,learned,0,0.8407947826030047,1.2416062315337104
F,53,other,clicks_3_6,0,0.7975346773045475,2.4186811710985765
F,53,other,clicks_3_6,1,0.7401914639681285,-3.3002283105022823
F,53,other,clicks_3_6,2,0.7645733356414935,4.382890142358313
F,77,other,learned,0,0.8791794521534024,-0.21914450711791567
F,77,other,clicks_3_6,0,0.8407310303704637,1.571783507923719
F,77,other,clicks_3_6,1,0.7645417217208914,-3.275752081654579
F,77,other,clicks_3_6,2,0.7219231878537553,7.313826215417675
F,100,other,learned,0,0.8332207387506296,0.5623153370937413
F,100,other,clicks_3_6,0,0.7693178729957424,-0.32561106634434545
F,100,other,clicks_3_6,1,0.7584057292832292,-0.13107708836959375
F,100,other,clicks_3_6,2,0.7455655130564736,3.4513497179693804
F,124,other,learned,0,0.7972620973251238,1.4357373086220786
F,124,other,clicks_3_6,0,0.6919902860458619,4.947488584474886
F,124,other,clicks_3_6,1,0.7325327804851781,1.1642492613483757
F,124,other,clicks_3_6,2,0.7184933199034569,3.866975557346226
F,154,other,learned,0,0.8173678651933354,0.3385038947085679
F,154,other,clicks_3_6,0,0.7887380970233185,0.992412033306473
F,154,other,clicks_3_6,1,0.7961156782930269,0.1785522428149342
F,154,other,clicks_3_6,2,0.8124633992522186,-0.5159817351598175
F,178,other,learned,0,0.7877399687836323,0.31345688960515705
F,178,other,clicks_3_6,0,0.7151153852331683,3.0283037872683325
F,178,other,clicks_3_6,1,0.7405204282490758,2.3829572925060427
F,178,other,clicks_3_6,2,0.7485600427366657,1.6576349717969379
F,202,other,learned,0,0.8129447403732769,0.5612409347300567
F,202,other,clicks_3_6,0,0.7080329712557767,4.037973408541498
F,202,other,clicks_3_6,1,0.7374365080044883,3.0290088638195005
F,202,other,clicks_3_6,2,0.7502870049849967,2.645547945205479
F,225,other,learned,0,0.7991518731271433,1.1159347300564066
F,225,other,clicks_3_6,0,0.7535804912854093,3.1026390008058025
F,225,other,clicks_3_6,1,0.7531117483754843,3.20662100456621
F,225,other,clicks_3_6,2,0.7505234403535216,-1.34918076819769
F,249,other,learned,0,0.7534966607692868,0.2522831050228316
F,249,other,clicks_3_6,0,0.7249455834073371,0.4184461455815214
F,249,other,clicks_3_6,1,0.6295352505763864,7.542405318291701
F,249,other,clicks_3_6,2,0.6415551458856658,6.7780351866774105
F,29,other_then_same,own,0,0.8558755351982762,1.5493889336556546
F,53,other_then_same,own,0,0.8852767023457071,0.7712194466827835
F,77,other_then_same,own,0,0.899801273952411,0.1338973945742694
F,100,other_then_same,own,0,0.8676085598874607,-0.6663644910018798
F,124,other_then_same,own,0,0.8902017965648743,-0.030217566478645708
F,154,other_then_same,own,0,0.8423139438833969,0.15907869997313995
F,178,other_then_same,own,0,0.7934680757861023,-0.03018399140478145
F,202,other_then_same,own,0,0.7759028612388102,-0.19050496911093173
F,225,other_then_same,own,0,0.8290249946254201,0.4343607305936068
F,249,other_then_same,own,0,0.7689557294525381,-0.4361737845823255
F,29,other_then_same,learned,0,0.8762201311140112,1.0560032232070924
F,29,other_then_same,clicks_3_6,0,0.8861174172789648,0.7176672038678493
F,29,other_then_same,clicks_3_6,1,0.8750962406543974,0.6401423583131898
F,29,other_then_same,clicks_3_6,2,0.862600516522862,1.7630942788074133
F,53,other_then_same,learned,0,0.9040638690534859,0.4783776524308365
F,53,other_then_same,clicks_3_6,0,0.8886810207070116,-1.188658340048347
F,53,other_then_same,clicks_3_6,1,0.7694087062857827,-3.574133763094278
F,53,other_then_same,clicks_3_6,2,0.8583232342159106,2.940102068224551
F,77,other_then_same,learned,0,0.9155043300142625,0.016854687080313013
F,77,other_then_same,clicks_3_6,0,0.904583835946924,0.8781896320171914
F,77,other_then_same,clicks_3_6,1,0.7966185167386202,-3.3681842600053713
F,77,other_then_same,clicks_3_6,2,0.8714718972900086,2.4082393231265122
F,100,other_then_same,learned,0,0.886788962220028,-0.48143298415256464
F,100,other_then_same,clicks_3_6,0,0.8492356363945966,-1.6483682514101528
F,100,other_then_same,clicks_3_6,1,0.8463857266312372,-1.8310838033843675
F,100,other_then_same,clicks_3_6,2,0.8709877676643146,-1.2737711522965354
F,124,other_then_same,learned,0,0.9068777444415744,-0.2814934192855221
F,124,other_then_same,clicks_3_6,0,0.8914618765623065,-0.5159481600859515
F,124,other_then_same,clicks_3_6,1,0.8922830177040282,-0.19275449905989728
F,124,other_then_same,clicks_3_6,2,0.8830748377820211,0.8642895514370137
F,154,other_then_same,learned,0,0.862931357078744,0.38896723072790795
F,154,other_then_same,clicks_3_6,0,0.8457008517808647,-0.844681708299758
F,154,other_then_same,clicks_3_6,1,0.8455435733022443,-0.9217029277464412
F,154,other_then_same,clicks_3_6,2,0.8263651954694479,-1.3606634434595755
F,178,other_then_same,learned,0,0.8474133136069615,0.28783910824603787
F,178,other_then_same,clicks_3_6,0,0.7973687848821556,2.238618049959709
F,178,other_then_same,clicks_3_6,1,0.8341290522682628,1.0616774106903035
F,178,other_then_same,clicks_3_6,2,0.8369484814202419,0.7422105828632821
F,202,other_then_same,learned,0,0.8152705735694203,-0.0992143432715551
F,202,other_then_same,clicks_3_6,0,0.7728540252182348,1.7500671501477303
F,202,other_then_same,clicks_3_6,1,0.7523651929171097,3.3588168143969916
F,202,other_then_same,clicks_3_6,2,0.7747347145022738,2.299993284985227
F,225,other_then_same,learned,0,0.8416426909568249,-0.13010341122750457
F,225,other_then_same,clicks_3_6,0,0.8180397256843754,2.223945742680633
F,225,other_then_same,clicks_3_6,1,0.8244120147926948,2.103008326618318
F,225,other_then_same,clicks_3_6,2,0.7555591987178581,-2.5240061778135914
F,249,other_then_same,learned,0,0.7929339830820155,-0.8165457964007521
F,249,other_then_same,clicks_3_6,0,0.8007098307675369,0.12923045930701083
F,249,other_then_same,clicks_3_6,1,0.7263781610411597,4.8853075476766055
F,249,other_then_same,clicks_3_6,2,0.7827607671102943,-0.697656459844211
F,29,frozen,own,0,0.7747168350960906,0.28961858716089317
F,53,frozen,own,0,0.7810677570302504,-0.516082460381412
F,77,frozen,own,0,0.8143959958589094,0.3183252753156065
F,100,frozen,own,0,0.8156220428668072,-0.20584877786731148
F,124,frozen,own,0,0.7524085081873529,1.123086220789686
F,154,frozen,own,0,0.778380359495177,0.20064464141821148
F,178,frozen,own,0,0.7260063635844385,-1.610764168681171
F,202,frozen,own,0,0.7554897940414298,-0.237912973408541
F,225,frozen,own,0,0.7583871406788145,0.15219580983078185
F,249,frozen,own,0,0.6846240609504352,0.35354552780016135
F,29,frozen,learned,0,0.8070295443792717,1.12882755842063
F,29,frozen,clicks_3_6,0,0.7401320418076107,1.3544520547945211
F,29,frozen,clicks_3_6,1,0.6196171679942932,-2.4215014773032495
F,29,frozen,clicks_3_6,2,0.5682461532712376,-2.1661294654848238
F,53,frozen,learned,0,0.834786196441165,1.7160556003223224
F,53,frozen,clicks_3_6,0,0.6171168844584474,8.673012355627183
F,53,frozen,clicks_3_6,1,0.6777927424273227,-3.4240531829170013
F,53,frozen,clicks_3_6,2,0.6244421997910627,0.1328901423583133
F,77,frozen,learned,0,0.8583120042974057,0.9755573462261626
F,77,frozen,clicks_3_6,0,0.6085671480330375,11.009535320977706
F,77,frozen,clicks_3_6,1,0.5353606991222892,-6.167741069030351
F,77,frozen,clicks_3_6,2,0.7146960151697217,-0.9401020682245491
F,100,frozen,learned,0,0.8578985728728281,0.5030217566478647
F,100,frozen,clicks_3_6,0,0.7199862657868809,-3.139202256244964
F,100,frozen,clicks_3_6,1,0.7365464880935088,-2.7653102336825137
F,100,frozen,clicks_3_6,2,0.7680750260693462,3.393499865699704
F,124,frozen,learned,0,0.8277180000848225,-0.34176067687348866
F,124,frozen,clicks_3_6,0,0.7075077943731527,1.524409078699973
F,124,frozen,clicks_3_6,1,0.7317535599647317,-2.147528874563524
F,124,frozen,clicks_3_6,2,0.7179285414624285,1.646085146387323
F,154,frozen,learned,0,0.8370418039538715,0.6019339242546335
F,154,frozen,clicks_3_6,0,0.7589174950551757,2.0382420091324196
F,154,frozen,clicks_3_6,1,0.7644188796589632,-0.9423515981735164
F,154,frozen,clicks_3_6,2,0.6910933699625512,4.082292506043514
F,178,frozen,learned,0,0.8078966436859022,-0.43677813591189896
F,178,frozen,clicks_3_6,0,0.7577746001482893,1.0755439161966152
F,178,frozen,clicks_3_6,1,0.7782442562653078,0.1442720923986034
F,178,frozen,clicks_3_6,2,0.7320246502050458,1.913342734354016
F,202,frozen,learned,0,0.7970547759779814,-0.7441579371474614
F,202,frozen,clicks_3_6,0,0.6681114481434683,5.259266720386785
F,202,frozen,clicks_3_6,1,0.579091292910266,-2.31204673650282
F,202,frozen,clicks_3_6,2,0.6067801625470244,7.546904378189632
F,225,frozen,learned,0,0.7999782813783181,0.43845688960515705
F,225,frozen,clicks_3_6,0,0.7187355955040244,0.7483883964544722
F,225,frozen,clicks_3_6,1,0.7015992544268407,-0.892526188557615
F,225,frozen,clicks_3_6,2,0.5795238217740276,-3.9612543647596024
F,249,frozen,learned,0,0.7650189577784968,0.7643029814665603
F,249,frozen,clicks_3_6,0,0.700721415054835,-2.754700510341123
F,249,frozen,clicks_3_6,1,0.6853788456093208,2.2447287134031697
F,249,frozen,clicks_3_6,2,0.7008988938935531,-1.6179156594144501
