sample,z,seed,strategy,step,dice,fallback
A,25,0,missed,0,0.694011209303302,False
A,25,0,missed,1,0.6388657857485142,False
A,25,0,missed,2,0.5803713973615663,False
A,25,0,missed,3,0.5713038108130025,False
A,25,0,uncertainty,0,0.694011209303302,False
A,25,0,uncertainty,1,0.6418405392867166,False
A,25,0,uncertainty,2,0.6573059075058346,False
A,25,0,uncertainty,3,0.7000928207918574,False
A,25,0,random,0,0.694011209303302,False
A,25,0,random,1,0.7390414307247322,False
A,25,0,random,2,0.7409093388474832,False
A,25,0,random,3,0.7223871909489011,False
A,25,1,missed,0,0.6561569338340023,False
A,25,1,missed,1,0.5711412225233363,False
A,25,1,missed,2,0.5318780779981366,False
A,25,1,missed,3,0.4753923970708339,False
A,25,1,uncertainty,0,0.6561569338340023,False
A,25,1,uncertainty,1,0.5973586786273672,False
A,25,1,uncertainty,2,0.5521141866570223,False
A,25,1,uncertainty,3,0.5766961745782235,False
A,25,1,random,0,0.6561569338340023,False
A,25,1,random,1,0.6816417028939903,False
A,25,1,random,2,0.6747264058418543,False
A,25,1,random,3,0.6761377386154963,False
A,25,2,missed,0,0.5774280201278802,False
A,25,2,missed,1,0.6833748672491929,False
A,25,2,missed,2,0.6343817033388198,False
A,25,2,missed,3,0.6990951678110762,False
A,25,2,uncertainty,0,0.5774280201278802,False
A,25,2,uncertainty,1,0.5047263594823677,False
A,25,2,uncertainty,2,0.5713502905494954,False
A,25,2,uncertainty,3,0.6162962045693765,False
A,25,2,random,0,0.5774280201278802,False
A,25,2,random,1,0.6325711597544473,False
A,25,2,random,2,0.6275228061083268,False
A,25,2,random,3,0.6826969982763668,False
A,46,0,missed,0,0.6688950805629027,False
A,46,0,missed,1,0.6221622019790312,False
A,46,0,missed,2,0.6010555361543267,False
A,46,0,missed,3,0.6013792819074912,False
A,46,0,uncertainty,0,0.6688950805629027,False
A,46,0,uncertainty,1,0.647622995609655,False
A,46,0,uncertainty,2,0.6497782003997471,False
A,46,0,uncertainty,3,0.688102144169519,False
A,46,0,random,0,0.6688950805629027,False
A,46,0,random,1,0.6862446072940425,False
A,46,0,random,2,0.6870458959787066,False
A,46,0,random,3,0.6631406115417743,False
A,46,1,missed,0,0.6636717101308401,False
A,46,1,missed,1,0.6775989927778854,False
A,46,1,missed,2,0.6778626183789556,False
A,46,1,missed,3,0.6963216833379827,False
A,46,1,uncertainty,0,0.6636717101308401,False
A,46,1,uncertainty,1,0.6623930224791938,False
A,46,1,uncertainty,2,0.6819933151437175,False
A,46,1,uncertainty,3,0.6910237014624306,False
A,46,1,random,0,0.6636717101308401,False
A,46,1,random,1,0.6643255041645465,False
A,46,1,random,2,0.6610636358270428,False
A,46,1,random,3,0.6394289692227746,False
A,46,2,missed,0,0.6531497810192801,False
A,46,2,missed,1,0.6214544764264519,False
A,46,2,missed,2,0.46559202595046045,False
A,46,2,missed,3,0.42662817825932225,False
A,46,2,uncertainty,0,0.6531497810192801,False
A,46,2,uncertainty,1,0.6402430415244624,False
A,46,2,uncertainty,2,0.6191903828001585,False
A,46,2,uncertainty,3,0.6618169918454708,False
A,46,2,random,0,0.6531497810192801,False
A,46,2,random,1,0.6774942970092382,False
A,46,2,random,2,0.6837790539622128,False
A,46,2,random,3,0.6963231052100757,False
A,66,0,missed,0,0.6261920297735566,False
A,66,0,missed,1,0.5471132005704928,False
A,66,0,missed,2,0.540702248243309,False
A,66,0,missed,3,0.511127422994318,False
A,66,0,uncertainty,0,0.6261920297735566,False
A,66,0,uncertainty,1,0.6230737664322404,False
A,66,0,uncertainty,2,0.5924635170035212,False
A,66,0,uncertainty,3,0.6095150384468229,False
A,66,0,random,0,0.6261920297735566,False
A,66,0,random,1,0.6058488250036757,False
A,66,0,random,2,0.5846488173540716,False
A,66,0,random,3,0.5812886952533822,False
A,66,1,missed,0,0.6407196777360279,False
A,66,1,missed,1,0.6300827457738463,False
A,66,1,missed,2,0.6275360572094332,False
A,66,1,missed,3,0.6327653862040479,False
A,66,1,uncertainty,0,0.6407196777360279,False
A,66,1,uncertainty,1,0.6794959564328273,False
A,66,1,uncertainty,2,0.6865801927273619,False
A,66,1,uncertainty,3,0.6818465996487015,False
A,66,1,random,0,0.6407196777360279,False
A,66,1,random,1,0.6391242056876731,False
A,66,1,random,2,0.6163786348288194,False
A,66,1,random,3,0.6001366828330984,False
A,66,2,missed,0,0.6070088917620554,False
A,66,2,missed,1,0.6283508362010947,False
A,66,2,missed,2,0.6280957640193041,False
A,66,2,missed,3,0.6381150393929476,False
A,66,2,uncertainty,0,0.6070088917620554,False
A,66,2,uncertainty,1,0.6312113470785058,False
A,66,2,uncertainty,2,0.6215260974766679,False
A,66,2,uncertainty,3,0.6290593787729118,False
A,66,2,random,0,0.6070088917620554,False
A,66,2,random,1,0.6320454741734645,False
A,66,2,random,2,0.6489983761999714,False
A,66,2,random,3,0.6631297032770673,False
A,87,0,missed,0,0.5705816052561647,False
A,87,0,missed,1,0.5631266035383459,False
A,87,0,missed,2,0.5196345894791655,False
A,87,0,missed,3,0.6041897285233032,False
A,87,0,uncertainty,0,0.5705816052561647,False
A,87,0,uncertainty,1,0.660394242834789,False
A,87,0,uncertainty,2,0.6850289518985901,False
A,87,0,uncertainty,3,0.6814583017179577,False
A,87,0,random,0,0.5705816052561647,False
A,87,0,random,1,0.6493740641520581,False
A,87,0,random,2,0.6603434374796556,False
A,87,0,random,3,0.5413910093299407,False
A,87,1,missed,0,0.6052327841401788,False
A,87,1,missed,1,0.5828522232350856,False
A,87,1,missed,2,0.4718618283635166,False
A,87,1,missed,3,0.6100347030778711,False
A,87,1,uncertainty,0,0.6052327841401788,False
A,87,1,uncertainty,1,0.6285287445360482,False
A,87,1,uncertainty,2,0.622391819882735,False
A,87,1,uncertainty,3,0.610986702373257,False
A,87,1,random,0,0.6052327841401788,False
A,87,1,random,1,0.6051482086288177,False
A,87,1,random,2,0.6035286536195115,False
A,87,1,random,3,0.5859355507360421,False
A,87,2,missed,0,0.578594927855348,False
A,87,2,missed,1,0.492948732095959,False
A,87,2,missed,2,0.5290090037925943,False
A,87,2,missed,3,0.48336123661215974,False
A,87,2,uncertainty,0,0.578594927855348,False
A,87,2,uncertainty,1,0.5970133154355981,False
A,87,2,uncertainty,2,0.5885950626252211,False
A,87,2,uncertainty,3,0.5833426941750602,False
A,87,2,random,0,0.578594927855348,False
A,87,2,random,1,0.5837680605249501,False
A,87,2,random,2,0.5971851346196317,False
A,87,2,random,3,0.6553522213647889,False
A,107,0,missed,0,0.5580994542351689,False
A,107,0,missed,1,0.41057316144616274,False
A,107,0,missed,2,0.40449676108806265,False
A,107,0,missed,3,0.4100703257191201,False
A,107,0,uncertainty,0,0.5580994542351689,False
A,107,0,uncertainty,1,0.46693150166663405,False
A,107,0,uncertainty,2,0.667555232086565,False
A,107,0,uncertainty,3,0.6385359608465951,False
A,107,0,random,0,0.5580994542351689,False
A,107,0,random,1,0.6601347709987074,False
A,107,0,random,2,0.6437849326930646,False
A,107,0,random,3,0.6998402301458202,False
A,107,1,missed,0,0.664023739973107,False
A,107,1,missed,1,0.6909219688250274,False
A,107,1,missed,2,0.6763611138433185,False
A,107,1,missed,3,0.6726614910763259,False
A,107,1,uncertainty,0,0.664023739973107,False
A,107,1,uncertainty,1,0.6946968711800047,False
A,107,1,uncertainty,2,0.6551606574968841,False
A,107,1,uncertainty,3,0.6924554013875124,False
A,107,1,random,0,0.664023739973107,False
A,107,1,random,1,0.609959492853928,False
A,107,1,random,2,0.6145315665483828,False
A,107,1,random,3,0.5785714553518871,False
A,107,2,missed,0,0.6991644916091291,False
A,107,2,missed,1,0.71784677304843,False
A,107,2,missed,2,0.7127327613430176,False
A,107,2,missed,3,0.6742699571954357,False
A,107,2,uncertainty,0,0.6991644916091291,False
A,107,2,uncertainty,1,0.6853575517370613,False
A,107,2,uncertainty,2,0.687957192263468,False
A,107,2,uncertainty,3,0.7244386372435153,False
A,107,2,random,0,0.6991644916091291,False
A,107,2,random,1,0.6439169261864005,False
A,107,2,random,2,0.6224190198839902,False
A,107,2,random,3,0.576432772534537,False
A,133,0,missed,0,0.635434152296658,False
A,133,0,missed,1,0.5794104285174971,False
A,133,0,missed,2,0.5491853236357727,False
A,133,0,missed,3,0.49733478903089073,False
A,133,0,uncertainty,0,0.635434152296658,False
A,133,0,uncertainty,1,0.6422168361726062,False
A,133,0,uncertainty,2,0.6614131523023957,False
A,133,0,uncertainty,3,0.6384661668368071,False
A,133,0,random,0,0.635434152296658,False
A,133,0,random,1,0.6320854723251188,False
A,133,0,random,2,0.639266688491414,False
A,133,0,random,3,0.47874540576952623,False
A,133,1,missed,0,0.5302825017974759,False
A,133,1,missed,1,0.5191475373911137,False
A,133,1,missed,2,0.5276917311586554,False
A,133,1,missed,3,0.5288767699243399,False
A,133,1,uncertainty,0,0.5302825017974759,False
A,133,1,uncertainty,1,0.5465809242415465,False
A,133,1,uncertainty,2,0.5972280039086635,False
A,133,1,uncertainty,3,0.5821829496811016,False
A,133,1,random,0,0.5302825017974759,False
A,133,1,random,1,0.5243401559786125,False
A,133,1,random,2,0.5248092250296761,False
A,133,1,random,3,0.5093056005500717,False
A,133,2,missed,0,0.5994953301654924,False
A,133,2,missed,1,0.5403182412176186,False
A,133,2,missed,2,0.4943058995022321,False
A,133,2,missed,3,0.6416034228713402,False
A,133,2,uncertainty,0,0.5994953301654924,False
A,133,2,uncertainty,1,0.5414445280931676,False
A,133,2,uncertainty,2,0.4809811618933936,False
A,133,2,uncertainty,3,0.4972617562756581,False
A,133,2,random,0,0.5994953301654924,False
A,133,2,random,1,0.6443390799783314,False
A,133,2,random,2,0.6453683922213093,False
A,133,2,random,3,0.606839422259983,False
A,154,0,missed,0,0.651591007895438,False
A,154,0,missed,1,0.6236118051567383,False
A,154,0,missed,2,0.6896977334883752,False
A,154,0,missed,3,0.6825215033657442,False
A,154,0,uncertainty,0,0.651591007895438,False
A,154,0,uncertainty,1,0.6915753270547395,False
A,154,0,uncertainty,2,0.6832408639843967,False
A,154,0,uncertainty,3,0.603948590895014,False
A,154,0,random,0,0.651591007895438,False
A,154,0,random,1,0.6766252125365628,False
A,154,0,random,2,0.6828776828776829,False
A,154,0,random,3,0.690440219770733,False
A,154,1,missed,0,0.6198384072154585,False
A,154,1,missed,1,0.6582901812839511,False
A,154,1,missed,2,0.6937772459184546,False
A,154,1,missed,3,0.6936477332832841,False
A,154,1,uncertainty,0,0.6198384072154585,False
A,154,1,uncertainty,1,0.6599593450532758,False
A,154,1,uncertainty,2,0.7029888427396368,False
A,154,1,uncertainty,3,0.6324798576650491,False
A,154,1,random,0,0.6198384072154585,False
A,154,1,random,1,0.5821134760910507,False
A,154,1,random,2,0.5803639220782164,False
A,154,1,random,3,0.5509730430512821,False
A,154,2,missed,0,0.5816367823534173,False
A,154,2,missed,1,0.563432475107144,False
A,154,2,missed,2,0.509138079626125,False
A,154,2,missed,3,0.6067731461933812,False
A,154,2,uncertainty,0,0.5816367823534173,False
A,154,2,uncertainty,1,0.5649249623016348,False
A,154,2,uncertainty,2,0.5048386952115304,False
A,154,2,uncertainty,3,0.4883653180874695,False
A,154,2,random,0,0.5816367823534173,False
A,154,2,random,1,0.5883902133820288,False
A,154,2,random,2,0.5906562285796746,False
A,154,2,random,3,0.6505553251301903,False
A,174,0,missed,0,0.7016333351301817,False
A,174,0,missed,1,0.6508753044591169,False
A,174,0,missed,2,0.5668282650213016,False
A,174,0,missed,3,0.5649709457773341,False
A,174,0,uncertainty,0,0.7016333351301817,False
A,174,0,uncertainty,1,0.6710906112259625,False
A,174,0,uncertainty,2,0.4819990240625614,False
A,174,0,uncertainty,3,0.6103881343410809,False
A,174,0,random,0,0.7016333351301817,False
A,174,0,random,1,0.7101315750368317,False
A,174,0,random,2,0.7123141395865201,False
A,174,0,random,3,0.703235038056736,False
A,174,1,missed,0,0.6870480162759635,False
A,174,1,missed,1,0.7094766477721294,False
A,174,1,missed,2,0.7033384040477529,False
A,174,1,missed,3,0.7160671032564816,False
A,174,1,uncertainty,0,0.6870480162759635,False
A,174,1,uncertainty,1,0.67652914891406,False
A,174,1,uncertainty,2,0.6288151909247061,False
A,174,1,uncertainty,3,0.578131219318031,False
A,174,1,random,0,0.6870480162759635,False
A,174,1,random,1,0.6575278779099147,False
A,174,1,random,2,0.6435169857375633,False
A,174,1,random,3,0.6221320160764652,False
A,174,2,missed,0,0.599390928389628,False
A,174,2,missed,1,0.5758235725835804,False
A,174,2,missed,2,0.5502882444211774,False
A,174,2,missed,3,0.5021779214879346,False
A,174,2,uncertainty,0,0.599390928389628,False
A,174,2,uncertainty,1,0.5627784787365675,False
A,174,2,uncertainty,2,0.5744645606974361,False
A,174,2,uncertainty,3,0.577377937978492,False
A,174,2,random,0,0.599390928389628,False
A,174,2,random,1,0.6063783359155083,False
A,174,2,random,2,0.5758942501347403,False
A,174,2,random,3,0.6733904454836547,False
A,195,0,missed,0,0.6081097192789481,False
A,195,0,missed,1,0.5031340026971689,False
A,195,0,missed,2,0.5057232143257457,False
A,195,0,missed,3,0.49412719941687194,False
A,195,0,uncertainty,0,0.6081097192789481,False
A,195,0,uncertainty,1,0.623129096422865,False
A,195,0,uncertainty,2,0.6637856148525612,False
A,195,0,uncertainty,3,0.5912684742158426,False
A,195,0,random,0,0.6081097192789481,False
A,195,0,random,1,0.6698030295197229,False
A,195,0,random,2,0.6699644840815928,False
A,195,0,random,3,0.6754167893126035,False
A,195,1,missed,0,0.5832793489304008,False
A,195,1,missed,1,0.5045015591992758,False
A,195,1,missed,2,0.602036992880744,False
A,195,1,missed,3,0.42234784109270984,False
A,195,1,uncertainty,0,0.5832793489304008,False
A,195,1,uncertainty,1,0.437201001850862,False
A,195,1,uncertainty,2,0.3326845888399769,False
A,195,1,uncertainty,3,0.5250093814497467,False
A,195,1,random,0,0.5832793489304008,False
A,195,1,random,1,0.6555283408897459,False
A,195,1,random,2,0.6748856312819315,False
A,195,1,random,3,0.6820396251594832,False
A,195,2,missed,0,0.5146715594973449,False
A,195,2,missed,1,0.41450200844577195,False
A,195,2,missed,2,0.4872003739066569,False
A,195,2,missed,3,0.4575486118187629,False
A,195,2,uncertainty,0,0.5146715594973449,False
A,195,2,uncertainty,1,0.6160372384988536,False
A,195,2,uncertainty,2,0.5657854176866307,False
A,195,2,uncertainty,3,0.5789767851248763,False
A,195,2,random,0,0.5146715594973449,False
A,195,2,random,1,0.6033022843866728,False
A,195,2,random,2,0.5344693373837099,False
A,195,2,random,3,0.698771777466636,False
A,216,0,missed,0,0.5414322241203101,False
A,216,0,missed,1,0.5457230264877735,False
A,216,0,missed,2,0.5313804629745211,False
A,216,0,missed,3,0.521213799174378,False
A,216,0,uncertainty,0,0.5414322241203101,False
A,216,0,uncertainty,1,0.5634783026777209,False
A,216,0,uncertainty,2,0.5126317597529384,False
A,216,0,uncertainty,3,0.5625977067688407,False
A,216,0,random,0,0.5414322241203101,False
A,216,0,random,1,0.6071903660467026,False
A,216,0,random,2,0.6216163879991492,False
A,216,0,random,3,0.6163841264006675,False
A,216,1,missed,0,0.5030996574116685,False
A,216,1,missed,1,0.5343744643069065,False
A,216,1,missed,2,0.5619155956027773,False
A,216,1,missed,3,0.59078192410318,False
A,216,1,uncertainty,0,0.5030996574116685,False
A,216,1,uncertainty,1,0.5490069670144987,False
A,216,1,uncertainty,2,0.5733377523467886,False
A,216,1,uncertainty,3,0.5883798761777413,False
A,216,1,random,0,0.5030996574116685,False
A,216,1,random,1,0.4889491380309827,False
A,216,1,random,2,0.5048549374695765,False
A,216,1,random,3,0.5128678033257071,False
A,216,2,missed,0,0.4533624911042092,False
A,216,2,missed,1,0.36750650254131256,False
A,216,2,missed,2,0.4370354283683603,False
A,216,2,missed,3,0.5048409665029534,False
A,216,2,uncertainty,0,0.4533624911042092,False
A,216,2,uncertainty,1,0.5020579156254593,False
A,216,2,uncertainty,2,0.5100728741216408,False
A,216,2,uncertainty,3,0.43622017818771713,False
A,216,2,random,0,0.4533624911042092,False
A,216,2,random,1,0.5349822812892955,False
A,216,2,random,2,0.4932771586481834,False
A,216,2,random,3,0.5670409606558323,False
C,63,0,missed,0,0.7609456849090109,False
C,63,0,missed,1,0.7241629238848887,False
C,63,0,missed,2,0.7040457972563913,False
C,63,0,missed,3,0.5906028184619646,False
C,63,0,uncertainty,0,0.7609456849090109,False
C,63,0,uncertainty,1,0.7449719117280519,False
C,63,0,uncertainty,2,0.8044117387128894,False
C,63,0,uncertainty,3,0.8219233439958109,False
C,63,0,random,0,0.7609456849090109,False
C,63,0,random,1,0.7755155187740231,False
C,63,0,random,2,0.8122010316005697,False
C,63,0,random,3,0.8087630024262662,False
C,63,1,missed,0,0.6900974910079657,False
C,63,1,missed,1,0.7426063169374774,False
C,63,1,missed,2,0.7409473649373798,False
C,63,1,missed,3,0.7304578584989111,False
C,63,1,uncertainty,0,0.6900974910079657,False
C,63,1,uncertainty,1,0.784351164895997,False
C,63,1,uncertainty,2,0.7787050230564687,False
C,63,1,uncertainty,3,0.7482973285397644,False
C,63,1,random,0,0.6900974910079657,False
C,63,1,random,1,0.6632676080032729,False
C,63,1,random,2,0.750510048542551,False
C,63,1,random,3,0.7295638514296505,False
C,63,2,missed,0,0.7376384680046547,False
C,63,2,missed,1,0.7270011077702168,False
C,63,2,missed,2,0.6303563852354688,False
C,63,2,missed,3,0.6770812425369199,False
C,63,2,uncertainty,0,0.7376384680046547,False
C,63,2,uncertainty,1,0.7786021373993743,False
C,63,2,uncertainty,2,0.8052467522219043,False
C,63,2,uncertainty,3,0.7979023633725807,False
C,63,2,random,0,0.7376384680046547,False
C,63,2,random,1,0.7892074755559223,False
C,63,2,random,2,0.812917175646349,False
C,63,2,random,3,0.8297216464090933,False
C,115,0,missed,0,0.6717690159236824,False
C,115,0,missed,1,0.7928187785955838,False
C,115,0,missed,2,0.7829703547652193,False
C,115,0,missed,3,0.6951835343384142,False
C,115,0,uncertainty,0,0.6717690159236824,False
C,115,0,uncertainty,1,0.7765390795236943,False
C,115,0,uncertainty,2,0.698762173629788,False
C,115,0,uncertainty,3,0.727195214903045,False
C,115,0,random,0,0.6717690159236824,False
C,115,0,random,1,0.4325566122696335,False
C,115,0,random,2,0.6651970853086121,False
C,115,0,random,3,0.6561202028902288,False
C,115,1,missed,0,0.5226157135134695,False
C,115,1,missed,1,0.4829792019475021,False
C,115,1,missed,2,0.6104255417669939,False
C,115,1,missed,3,0.6964166791166662,False
C,115,1,uncertainty,0,0.5226157135134695,False
C,115,1,uncertainty,1,0.5078261117425524,False
C,115,1,uncertainty,2,0.631999802909201,False
C,115,1,uncertainty,3,0.5210272821308508,False
C,115,1,random,0,0.5226157135134695,False
C,115,1,random,1,0.46663873922024646,False
C,115,1,random,2,0.5046854411178868,False
C,115,1,random,3,0.5611315696214234,False
C,115,2,missed,0,0.582992286562526,False
C,115,2,missed,1,0.6049737809017555,False
C,115,2,missed,2,0.6411001292427496,False
C,115,2,missed,3,0.713037443100639,False
C,115,2,uncertainty,0,0.582992286562526,False
C,115,2,uncertainty,1,0.6978166276165709,False
C,115,2,uncertainty,2,0.7727239537697668,False
C,115,2,uncertainty,3,0.7748516362725109,False
C,115,2,random,0,0.582992286562526,False
C,115,2,random,1,0.5208992674223606,False
C,115,2,random,2,0.5563118676843588,False
C,115,2,random,3,0.5605383928296424,False
C,166,0,missed,0,0.6746547724319545,False
C,166,0,missed,1,0.7491066464460321,False
C,166,0,missed,2,0.6972760928727291,False
C,166,0,missed,3,0.6950176469712238,False
C,166,0,uncertainty,0,0.6746547724319545,False
C,166,0,uncertainty,1,0.7647098614415044,False
C,166,0,uncertainty,2,0.751843624501902,False
C,166,0,uncertainty,3,0.7710738080133512,False
C,166,0,random,0,0.6746547724319545,False
C,166,0,random,1,0.6912082875405974,False
C,166,0,random,2,0.6889705784773001,False
C,166,0,random,3,0.7257490362654379,False
C,166,1,missed,0,0.5473729334060998,False
C,166,1,missed,1,0.6504910649322146,False
C,166,1,missed,2,0.7029145728643216,False
C,166,1,missed,3,0.7028475441445413,False
C,166,1,uncertainty,0,0.5473729334060998,False
C,166,1,uncertainty,1,0.5803563326174416,False
C,166,1,uncertainty,2,0.7026849255760028,False
C,166,1,uncertainty,3,0.7786461886292319,False
C,166,1,random,0,0.5473729334060998,False
C,166,1,random,1,0.5214785403370559,False
C,166,1,random,2,0.5059818556402935,False
C,166,1,random,3,0.47729738840221586,False
C,166,2,missed,0,0.5357534851201288,False
C,166,2,missed,1,0.43259052093503125,False
C,166,2,missed,2,0.5566902669704984,False
C,166,2,missed,3,0.6211073271776147,False
C,166,2,uncertainty,0,0.5357534851201288,False
C,166,2,uncertainty,1,0.5291255670377711,False
C,166,2,uncertainty,2,0.6154394500031233,False
C,166,2,uncertainty,3,0.5089906516514344,False
C,166,2,random,0,0.5357534851201288,False
C,166,2,random,1,0.5806110981211485,False
C,166,2,random,2,0.5575057383320582,False
C,166,2,random,3,0.5459287942346993,False
C,218,0,missed,0,0.6850329463445246,False
C,218,0,missed,1,0.6777200236742615,True
C,218,0,missed,2,0.6403563620369213,False
C,218,0,missed,3,0.6526758744245151,True
C,218,0,uncertainty,0,0.6850329463445246,False
C,218,0,uncertainty,1,0.6819165490865042,False
C,218,0,uncertainty,2,0.8345691834225538,False
C,218,0,uncertainty,3,0.8154174734026627,False
C,218,0,random,0,0.6850329463445246,False
C,218,0,random,1,0.6777200236742615,False
C,218,0,random,2,0.6477454465182703,False
C,218,0,random,3,0.6786871153138861,False
C,218,1,missed,0,0.6397427457335292,False
C,218,1,missed,1,0.5762444257526702,False
C,218,1,missed,2,0.426648590021692,False
C,218,1,missed,3,0.6097679224677888,False
C,218,1,uncertainty,0,0.6397427457335292,False
C,218,1,uncertainty,1,0.5814790239525994,False
C,218,1,uncertainty,2,0.7630909367434098,False
C,218,1,uncertainty,3,0.6676967193259266,False
C,218,1,random,0,0.6397427457335292,False
C,218,1,random,1,0.6333257259225449,False
C,218,1,random,2,0.6267196710558175,False
C,218,1,random,3,0.7540342414674008,False
C,218,2,missed,0,0.7442934407509192,False
C,218,2,missed,1,0.7781827367205543,False
C,218,2,missed,2,0.7183791820948882,False
C,218,2,missed,3,0.6866093614181732,False
C,218,2,uncertainty,0,0.7442934407509192,False
C,218,2,uncertainty,1,0.6625975512711332,False
C,218,2,uncertainty,2,0.7389280330448988,False
C,218,2,uncertainty,3,0.7693667606492418,False
C,218,2,random,0,0.7442934407509192,False
C,218,2,random,1,0.7502320780561272,False
C,218,2,random,2,0.778646744723538,False
C,218,2,random,3,0.7963856936933451,False
C,270,0,missed,0,0.6931831020634546,False
C,270,0,missed,1,0.6411027759795895,True
C,270,0,missed,2,0.6208895616606009,True
C,270,0,missed,3,0.6613022082642993,False
C,270,0,uncertainty,0,0.6931831020634546,False
C,270,0,uncertainty,1,0.7222368305723551,False
C,270,0,uncertainty,2,0.7435103253010046,False
C,270,0,uncertainty,3,0.7791492773845677,False
C,270,0,random,0,0.6931831020634546,False
C,270,0,random,1,0.6411027759795895,False
C,270,0,random,2,0.6208895616606009,False
C,270,0,random,3,0.7249908153782983,False
C,270,1,missed,0,0.7241214646957956,False
C,270,1,missed,1,0.782071612357852,False
C,270,1,missed,2,0.7986295105291048,False
C,270,1,missed,3,0.7901662679063569,False
C,270,1,uncertainty,0,0.7241214646957956,False
C,270,1,uncertainty,1,0.7873342053547168,False
C,270,1,uncertainty,2,0.7823347745521927,False
C,270,1,uncertainty,3,0.8089301032330583,False
C,270,1,random,0,0.7241214646957956,False
C,270,1,random,1,0.6901664083530468,False
C,270,1,random,2,0.704875926707408,False
C,270,1,random,3,0.6822639225181598,False
C,270,2,missed,0,0.6971860680853457,False
C,270,2,missed,1,0.6823435834080793,False
C,270,2,missed,2,0.762709072668194,False
C,270,2,missed,3,0.6943163543637996,False
C,270,2,uncertainty,0,0.6971860680853457,False
C,270,2,uncertainty,1,0.6828498624681483,False
C,270,2,uncertainty,2,0.6979491571989592,False
C,270,2,uncertainty,3,0.6630483529960919,False
C,270,2,random,0,0.6971860680853457,False
C,270,2,random,1,0.7006157523571224,False
C,270,2,random,2,0.706262476590315,False
C,270,2,random,3,0.7441112144598909,False
C,334,0,missed,0,0.7447035206474384,False
C,334,0,missed,1,0.7880730269558748,False
C,334,0,missed,2,0.8305395433732966,False
C,334,0,missed,3,0.798670231624962,False
C,334,0,uncertainty,0,0.7447035206474384,False
C,334,0,uncertainty,1,0.8213485622551261,False
C,334,0,uncertainty,2,0.7879630500761369,False
C,334,0,uncertainty,3,0.8196821120484633,False
C,334,0,random,0,0.7447035206474384,False
C,334,0,random,1,0.6984465598960631,False
C,334,0,random,2,0.6873676112592343,False
C,334,0,random,3,0.7571228521353144,False
C,334,1,missed,0,0.7399007254677358,False
C,334,1,missed,1,0.7068916169049869,False
C,334,1,missed,2,0.6859417614810326,False
C,334,1,missed,3,0.8401698507279317,False
C,334,1,uncertainty,0,0.7399007254677358,False
C,334,1,uncertainty,1,0.7593291896329307,False
C,334,1,uncertainty,2,0.7627772017576842,False
C,334,1,uncertainty,3,0.7560605286401495,False
C,334,1,random,0,0.7399007254677358,False
C,334,1,random,1,0.6944240658152001,False
C,334,1,random,2,0.6770863799462131,False
C,334,1,random,3,0.6838772494842272,False
C,334,2,missed,0,0.6206406923084303,False
C,334,2,missed,1,0.5744812524613976,False
C,334,2,missed,2,0.7120324765556226,False
C,334,2,missed,3,0.696602463187775,False
C,334,2,uncertainty,0,0.6206406923084303,False
C,334,2,uncertainty,1,0.6546401169163317,False
C,334,2,uncertainty,2,0.688806810574977,False
C,334,2,uncertainty,3,0.681706378977958,False
C,334,2,random,0,0.6206406923084303,False
C,334,2,random,1,0.6590625524597676,False
C,334,2,random,2,0.6479371316306484,False
C,334,2,random,3,0.6565542965857865,False
C,386,0,missed,0,0.7884964739506483,False
C,386,0,missed,1,0.7658781145290101,False
C,386,0,missed,2,0.6778379805355148,False
C,386,0,missed,3,0.6563280121985777,False
C,386,0,uncertainty,0,0.7884964739506483,False
C,386,0,uncertainty,1,0.7624065503737985,False
C,386,0,uncertainty,2,0.7441300551433376,False
C,386,0,uncertainty,3,0.7991843025419775,False
C,386,0,random,0,0.7884964739506483,False
C,386,0,random,1,0.7736651955197585,False
C,386,0,random,2,0.7784004862107444,False
C,386,0,random,3,0.7850731646046599,False
C,386,1,missed,0,0.6626439818239459,False
C,386,1,missed,1,0.6965966690803765,False
C,386,1,missed,2,0.6950433008641542,False
C,386,1,missed,3,0.6258508687957668,False
C,386,1,uncertainty,0,0.6626439818239459,False
C,386,1,uncertainty,1,0.6758863583000705,False
C,386,1,uncertainty,2,0.7038162005875861,False
C,386,1,uncertainty,3,0.7343942143258096,False
C,386,1,random,0,0.6626439818239459,False
C,386,1,random,1,0.5452211006136765,False
C,386,1,random,2,0.5434581746164382,False
C,386,1,random,3,0.47272318037306926,False
C,386,2,missed,0,0.7504890274006046,False
C,386,2,missed,1,0.6561347249809406,False
C,386,2,missed,2,0.7520948380631544,False
C,386,2,missed,3,0.7975596478807692,False
C,386,2,uncertainty,0,0.7504890274006046,False
C,386,2,uncertainty,1,0.8046943662342446,False
C,386,2,uncertainty,2,0.7708685893317513,False
C,386,2,uncertainty,3,0.6855906716614784,False
C,386,2,random,0,0.7504890274006046,False
C,386,2,random,1,0.7914225351363146,False
C,386,2,random,2,0.7841146308343974,False
C,386,2,random,3,0.7786468593887568,False
C,438,0,missed,0,0.4679200096431377,False
C,438,0,missed,1,0.6962560127016084,False
C,438,0,missed,2,0.6701210416147323,False
C,438,0,missed,3,0.7132374806111214,True
C,438,0,uncertainty,0,0.4679200096431377,False
C,438,0,uncertainty,1,0.6593533729798872,False
C,438,0,uncertainty,2,0.7402785093939517,False
C,438,0,uncertainty,3,0.7093455190797462,False
C,438,0,random,0,0.4679200096431377,False
C,438,0,random,1,0.4692535688051245,False
C,438,0,random,2,0.7109730523542174,False
C,438,0,random,3,0.6778472391467398,False
C,438,1,missed,0,0.6629538516849145,False
C,438,1,missed,1,0.37428352528095643,False
C,438,1,missed,2,0.1955474701534963,False
C,438,1,missed,3,0.33140180313530243,False
C,438,1,uncertainty,0,0.6629538516849145,False
C,438,1,uncertainty,1,0.7570459629975971,False
C,438,1,uncertainty,2,0.8394485498445895,False
C,438,1,uncertainty,3,0.7878097408145828,False
C,438,1,random,0,0.6629538516849145,False
C,438,1,random,1,0.7455045187738749,False
C,438,1,random,2,0.7437943391447875,False
C,438,1,random,3,0.7229530529447361,False
C,438,2,missed,0,0.6047584587437788,False
C,438,2,missed,1,0.4792580250573279,False
C,438,2,missed,2,0.37346161151402624,False
C,438,2,missed,3,0.5301008255294156,False
C,438,2,uncertainty,0,0.6047584587437788,False
C,438,2,uncertainty,1,0.7232687089543435,False
C,438,2,uncertainty,2,0.7768379202101494,False
C,438,2,uncertainty,3,0.7809099996420144,False
C,438,2,random,0,0.6047584587437788,False
C,438,2,random,1,0.6176830598443901,False
C,438,2,random,2,0.633738290750596,False
C,438,2,random,3,0.7412269888788047,False
C,489,0,missed,0,0.8357927335027294,False
C,489,0,missed,1,0.8348811004710496,True
C,489,0,missed,2,0.8291276810383379,False
C,489,0,missed,3,0.82379742186512,False
C,489,0,uncertainty,0,0.8357927335027294,False
C,489,0,uncertainty,1,0.8307562988901698,False
C,489,0,uncertainty,2,0.8074914556877478,False
C,489,0,uncertainty,3,0.7879939305017368,False
C,489,0,random,0,0.8357927335027294,False
C,489,0,random,1,0.8348811004710496,False
C,489,0,random,2,0.8431396115366265,False
C,489,0,random,3,0.8466872912704945,False
C,489,1,missed,0,0.7784989827499972,False
C,489,1,missed,1,0.7662292437960485,False
C,489,1,missed,2,0.7481492203978659,False
C,489,1,missed,3,0.6953256103816524,False
C,489,1,uncertainty,0,0.7784989827499972,False
C,489,1,uncertainty,1,0.7817406341907708,False
C,489,1,uncertainty,2,0.795168342366666,False
C,489,1,uncertainty,3,0.7829022838154546,False
C,489,1,random,0,0.7784989827499972,False
C,489,1,random,1,0.6521025559794255,False
C,489,1,random,2,0.6728426558790549,False
C,489,1,random,3,0.6926956562259725,False
C,489,2,missed,0,0.7991494760681659,False
C,489,2,missed,1,0.7794284704516194,False
C,489,2,missed,2,0.7392594036161915,False
C,489,2,missed,3,0.7931066463920973,False
C,489,2,uncertainty,0,0.7991494760681659,False
C,489,2,uncertainty,1,0.7757472585873599,False
C,489,2,uncertainty,2,0.7478308500822761,False
C,489,2,uncertainty,3,0.7185727645359251,False
C,489,2,random,0,0.7991494760681659,False
C,489,2,random,1,0.7994484244458934,False
C,489,2,random,2,0.8143107159381223,False
C,489,2,random,3,0.8185446556035922,False
C,541,0,missed,0,0.7775243609275903,False
C,541,0,missed,1,0.7421199255003472,False
C,541,0,missed,2,0.6754951096004439,False
C,541,0,missed,3,0.6206795594643123,False
C,541,0,uncertainty,0,0.7775243609275903,False
C,541,0,uncertainty,1,0.7247034570702802,False
C,541,0,uncertainty,2,0.7702381963916504,False
C,541,0,uncertainty,3,0.7685105517575833,False
C,541,0,random,0,0.7775243609275903,False
C,541,0,random,1,0.6985733644656734,False
C,541,0,random,2,0.7546600517584764,False
C,541,0,random,3,0.7720084796298435,False
C,541,1,missed,0,0.7247417262130121,False
C,541,1,missed,1,0.7491666666666666,False
C,541,1,missed,2,0.8071460782632445,False
C,541,1,missed,3,0.8041575510910687,False
C,541,1,uncertainty,0,0.7247417262130121,False
C,541,1,uncertainty,1,0.7574458934304102,False
C,541,1,uncertainty,2,0.7977113746958637,False
C,541,1,uncertainty,3,0.7974701065834726,False
C,541,1,random,0,0.7247417262130121,False
C,541,1,random,1,0.76346097701937,False
C,541,1,random,2,0.7920500843468146,False
C,541,1,random,3,0.7899467144181683,False
C,541,2,missed,0,0.6973120904385578,False
C,541,2,missed,1,0.5940976531366624,False
C,541,2,missed,2,0.6783650707456512,False
C,541,2,missed,3,0.7779641336601729,False
C,541,2,uncertainty,0,0.6973120904385578,False
C,541,2,uncertainty,1,0.7440830328085144,False
C,541,2,uncertainty,2,0.8024770377440319,False
C,541,2,uncertainty,3,0.8236167070530376,False
C,541,2,random,0,0.6973120904385578,False
C,541,2,random,1,0.7729598317619827,False
C,541,2,random,2,0.7812674576711862,False
C,541,2,random,3,0.8252588671879361,False
D,48,0,missed,0,0.7387272302165919,False
D,48,0,missed,1,0.7157120031339491,True
D,48,0,missed,2,0.7846963587675829,True
D,48,0,missed,3,0.7730187713634037,True
D,48,0,uncertainty,0,0.7387272302165919,False
D,48,0,uncertainty,1,0.701941038248129,False
D,48,0,uncertainty,2,0.7414996157431674,False
D,48,0,uncertainty,3,0.7641792710267101,False
D,48,0,random,0,0.7387272302165919,False
D,48,0,random,1,0.7157120031339491,False
D,48,0,random,2,0.7846963587675829,False
D,48,0,random,3,0.7730187713634037,False
D,48,1,missed,0,0.750621867550224,False
D,48,1,missed,1,0.6608620076413828,False
D,48,1,missed,2,0.5838961152104345,False
D,48,1,missed,3,0.6825755785825992,False
D,48,1,uncertainty,0,0.750621867550224,False
D,48,1,uncertainty,1,0.7837055818027236,False
D,48,1,uncertainty,2,0.7495963806398773,False
D,48,1,uncertainty,3,0.7278699414529629,False
D,48,1,random,0,0.750621867550224,False
D,48,1,random,1,0.7626217250501837,False
D,48,1,random,2,0.77021683051282,False
D,48,1,random,3,0.7729108898655277,False
D,48,2,missed,0,0.5561624124758073,False
D,48,2,missed,1,0.5903414406156103,False
D,48,2,missed,2,0.6440626868769738,False
D,48,2,missed,3,0.6348252002413869,False
D,48,2,uncertainty,0,0.5561624124758073,False
D,48,2,uncertainty,1,0.6360643228577888,False
D,48,2,uncertainty,2,0.668617650982442,False
D,48,2,uncertainty,3,0.6800943176083966,False
D,48,2,random,0,0.5561624124758073,False
D,48,2,random,1,0.5235258761331159,False
D,48,2,random,2,0.5513015319789198,False
D,48,2,random,3,0.5590147683932862,False
D,72,0,missed,0,0.7513698362018173,False
D,72,0,missed,1,0.719386457743627,False
D,72,0,missed,2,0.6368030263021672,False
D,72,0,missed,3,0.5448287683143131,False
D,72,0,uncertainty,0,0.7513698362018173,False
D,72,0,uncertainty,1,0.7014117008410358,False
D,72,0,uncertainty,2,0.6941463028029482,False
D,72,0,uncertainty,3,0.6947289603744259,False
D,72,0,random,0,0.7513698362018173,False
D,72,0,random,1,0.7352629922784596,False
D,72,0,random,2,0.7498017522420193,False
D,72,0,random,3,0.7972196349836776,False
D,72,1,missed,0,0.7006316072388461,False
D,72,1,missed,1,0.7492273525525641,False
D,72,1,missed,2,0.7024477397170111,False
D,72,1,missed,3,0.6861133409936356,False
D,72,1,uncertainty,0,0.7006316072388461,False
D,72,1,uncertainty,1,0.7320314599494777,False
D,72,1,uncertainty,2,0.666395818759985,False
D,72,1,uncertainty,3,0.6572117964750279,False
D,72,1,random,0,0.7006316072388461,False
D,72,1,random,1,0.6929729062688532,False
D,72,1,random,2,0.7084858176642538,False
D,72,1,random,3,0.7007602583219945,False
D,72,2,missed,0,0.5692047908262656,False
D,72,2,missed,1,0.7304950574298635,False
D,72,2,missed,2,0.7234978423022052,False
D,72,2,missed,3,0.6899000622323096,False
D,72,2,uncertainty,0,0.5692047908262656,False
D,72,2,uncertainty,1,0.6311570373759718,False
D,72,2,uncertainty,2,0.5892092069057644,False
D,72,2,uncertainty,3,0.6021516317971297,False
D,72,2,random,0,0.5692047908262656,False
D,72,2,random,1,0.5818467975514213,False
D,72,2,random,2,0.6142199969625859,False
D,72,2,random,3,0.6968044114499709,False
D,104,0,missed,0,0.5772840133151605,False
D,104,0,missed,1,0.5898031228541359,False
D,104,0,missed,2,0.4448354154576092,False
D,104,0,missed,3,0.4206945765409231,False
D,104,0,uncertainty,0,0.5772840133151605,False
D,104,0,uncertainty,1,0.6706937541339885,False
D,104,0,uncertainty,2,0.6962526254914639,False
D,104,0,uncertainty,3,0.7084704156278718,False
D,104,0,random,0,0.5772840133151605,False
D,104,0,random,1,0.6049960104707645,False
D,104,0,random,2,0.5837229577778182,False
D,104,0,random,3,0.5884046006316958,False
D,104,1,missed,0,0.589047794679091,False
D,104,1,missed,1,0.5924762496984879,False
D,104,1,missed,2,0.5895744337185078,False
D,104,1,missed,3,0.5556719080066743,False
D,104,1,uncertainty,0,0.589047794679091,False
D,104,1,uncertainty,1,0.6052790484431745,False
D,104,1,uncertainty,2,0.5555262655440654,False
D,104,1,uncertainty,3,0.6058832648151249,False
D,104,1,random,0,0.589047794679091,False
D,104,1,random,1,0.4954143180946767,False
D,104,1,random,2,0.48962841343438457,False
D,104,1,random,3,0.5346917974820007,False
D,104,2,missed,0,0.7185254730925028,False
D,104,2,missed,1,0.6246695893883543,False
D,104,2,missed,2,0.5399174633818322,False
D,104,2,missed,3,0.46311641826959227,False
D,104,2,uncertainty,0,0.7185254730925028,False
D,104,2,uncertainty,1,0.7094931944082408,False
D,104,2,uncertainty,2,0.6820386677724846,False
D,104,2,uncertainty,3,0.6543331303135398,False
D,104,2,random,0,0.7185254730925028,False
D,104,2,random,1,0.6370753737738731,False
D,104,2,random,2,0.6228771579122719,False
D,104,2,random,3,0.6344048504197521,False
D,168,0,missed,0,0.7030756384254059,False
D,168,0,missed,1,0.7442315150532398,False
D,168,0,missed,2,0.7887689784082533,False
D,168,0,missed,3,0.7617647424134759,False
D,168,0,uncertainty,0,0.7030756384254059,False
D,168,0,uncertainty,1,0.7559930217610872,False
D,168,0,uncertainty,2,0.7672741848377344,False
D,168,0,uncertainty,3,0.7887974642322138,False
D,168,0,random,0,0.7030756384254059,False
D,168,0,random,1,0.7121906403936236,False
D,168,0,random,2,0.7011905387450551,False
D,168,0,random,3,0.6122909765219108,False
D,168,1,missed,0,0.7763007759014149,False
D,168,1,missed,1,0.7899974765500307,False
D,168,1,missed,2,0.7853160975216477,False
D,168,1,missed,3,0.7735000189660458,False
D,168,1,uncertainty,0,0.7763007759014149,False
D,168,1,uncertainty,1,0.7874219347247097,False
D,168,1,uncertainty,2,0.7518906110826435,False
D,168,1,uncertainty,3,0.7438735424557502,False
D,168,1,random,0,0.7763007759014149,False
D,168,1,random,1,0.7462678350128591,False
D,168,1,random,2,0.7448381909513243,False
D,168,1,random,3,0.7537546395164222,False
D,168,2,missed,0,0.44283596041456175,False
D,168,2,missed,1,0.5325541462414494,False
D,168,2,missed,2,0.5108673815436522,True
D,168,2,missed,3,0.5073237956054663,True
D,168,2,uncertainty,0,0.44283596041456175,False
D,168,2,uncertainty,1,0.4805830221188963,False
D,168,2,uncertainty,2,0.5475240100706599,False
D,168,2,uncertainty,3,0.6250172021788251,False
D,168,2,random,0,0.44283596041456175,False
D,168,2,random,1,0.37920910649086925,False
D,168,2,random,2,0.5757125349034076,False
D,168,2,random,3,0.6235760601189149,False
D,200,0,missed,0,0.7063432622878387,False
D,200,0,missed,1,0.7109224659142089,False
D,200,0,missed,2,0.6109120121641465,False
D,200,0,missed,3,0.4887839790463377,False
D,200,0,uncertainty,0,0.7063432622878387,False
D,200,0,uncertainty,1,0.6697805141348036,False
D,200,0,uncertainty,2,0.7092015429302599,False
D,200,0,uncertainty,3,0.7409074759825744,False
D,200,0,random,0,0.7063432622878387,False
D,200,0,random,1,0.7194118492204856,False
D,200,0,random,2,0.6800736518735979,False
D,200,0,random,3,0.7291316135301296,False
D,200,1,missed,0,0.6046903701835892,False
D,200,1,missed,1,0.46502887740153903,False
D,200,1,missed,2,0.4063007211183377,False
D,200,1,missed,3,0.6004837845320792,False
D,200,1,uncertainty,0,0.6046903701835892,False
D,200,1,uncertainty,1,0.7719799597598171,False
D,200,1,uncertainty,2,0.711444337468109,False
D,200,1,uncertainty,3,0.7320902056302148,False
D,200,1,random,0,0.6046903701835892,False
D,200,1,random,1,0.7087417231510278,False
D,200,1,random,2,0.7130197308461808,False
D,200,1,random,3,0.7558510358903554,False
D,200,2,missed,0,0.7364798482585511,False
D,200,2,missed,1,0.7694807510918416,False
D,200,2,missed,2,0.7506555956337837,False
D,200,2,missed,3,0.7789202183228605,False
D,200,2,uncertainty,0,0.7364798482585511,False
D,200,2,uncertainty,1,0.7487828386698258,False
D,200,2,uncertainty,2,0.7161256187463992,False
D,200,2,uncertainty,3,0.7422535655997332,False
D,200,2,random,0,0.7364798482585511,False
D,200,2,random,1,0.7457419527297393,False
D,200,2,random,2,0.761698294980768,False
D,200,2,random,3,0.7398604596493676,False
D,232,0,missed,0,0.6367540471333709,False
D,232,0,missed,1,0.6591983537080385,False
D,232,0,missed,2,0.6869175793927115,True
D,232,0,missed,3,0.7446508526134817,True
D,232,0,uncertainty,0,0.6367540471333709,False
D,232,0,uncertainty,1,0.6405184596123777,False
D,232,0,uncertainty,2,0.7346926660574572,False
D,232,0,uncertainty,3,0.791321295230939,False
D,232,0,random,0,0.6367540471333709,False
D,232,0,random,1,0.6669276110559957,False
D,232,0,random,2,0.680085351952403,False
D,232,0,random,3,0.7286686121228239,False
D,232,1,missed,0,0.629135718618752,False
D,232,1,missed,1,0.49035234210073414,False
D,232,1,missed,2,0.6669313313870225,False
D,232,1,missed,3,0.7284677992297242,True
D,232,1,uncertainty,0,0.629135718618752,False
D,232,1,uncertainty,1,0.7566756134425845,False
D,232,1,uncertainty,2,0.7198590230990823,False
D,232,1,uncertainty,3,0.7353568924199482,False
D,232,1,random,0,0.629135718618752,False
D,232,1,random,1,0.6745096877646447,False
D,232,1,random,2,0.6496363568058394,False
D,232,1,random,3,0.7022578349854528,False
D,232,2,missed,0,0.7176842895710787,False
D,232,2,missed,1,0.6382710335359875,False
D,232,2,missed,2,0.5628655446683377,False
D,232,2,missed,3,0.45599416181807345,False
D,232,2,uncertainty,0,0.7176842895710787,False
D,232,2,uncertainty,1,0.7502622028998882,False
D,232,2,uncertainty,2,0.712704252616814,False
D,232,2,uncertainty,3,0.7366723237678348,False
D,232,2,random,0,0.7176842895710787,False
D,232,2,random,1,0.7536371107637819,False
D,232,2,random,2,0.7679592703472391,False
D,232,2,random,3,0.7761814084011264,False
D,264,0,missed,0,0.6713186559852458,False
D,264,0,missed,1,0.6255388245360437,False
D,264,0,missed,2,0.5050506190004804,False
D,264,0,missed,3,0.35432388028166795,False
D,264,0,uncertainty,0,0.6713186559852458,False
D,264,0,uncertainty,1,0.6491973362501609,False
D,264,0,uncertainty,2,0.7400409275529788,False
D,264,0,uncertainty,3,0.7342513943554373,False
D,264,0,random,0,0.6713186559852458,False
D,264,0,random,1,0.7214161167611719,False
D,264,0,random,2,0.7347688134154162,False
D,264,0,random,3,0.7196820336985348,False
D,264,1,missed,0,0.6266751168897132,False
D,264,1,missed,1,0.6484941997421535,False
D,264,1,missed,2,0.5898122017529412,False
D,264,1,missed,3,0.5808464918729327,False
D,264,1,uncertainty,0,0.6266751168897132,False
D,264,1,uncertainty,1,0.6563990074792446,False
D,264,1,uncertainty,2,0.6213801232219904,False
D,264,1,uncertainty,3,0.6500454162045334,False
D,264,1,random,0,0.6266751168897132,False
D,264,1,random,1,0.5730102259128618,False
D,264,1,random,2,0.6029631984196862,False
D,264,1,random,3,0.5676607114187074,False
D,264,2,missed,0,0.6030958962565338,False
D,264,2,missed,1,0.5470130539929813,False
D,264,2,missed,2,0.4298445219370841,False
D,264,2,missed,3,0.5270491753390331,False
D,264,2,uncertainty,0,0.6030958962565338,False
D,264,2,uncertainty,1,0.6699293899262148,False
D,264,2,uncertainty,2,0.7166755338944037,False
D,264,2,uncertainty,3,0.628615136246015,False
D,264,2,random,0,0.6030958962565338,False
D,264,2,random,1,0.670996325765144,False
D,264,2,random,2,0.6700845113443216,False
D,264,2,random,3,0.7058486315300063,False
D,328,0,missed,0,0.474471511905771,False
D,328,0,missed,1,0.49619507505896293,False
D,328,0,missed,2,0.5405127719206326,False
D,328,0,missed,3,0.5679619860883787,False
D,328,0,uncertainty,0,0.474471511905771,False
D,328,0,uncertainty,1,0.5549609923569746,False
D,328,0,uncertainty,2,0.5926607252976828,False
D,328,0,uncertainty,3,0.6242789989889831,False
D,328,0,random,0,0.474471511905771,False
D,328,0,random,1,0.4194070791432305,False
D,328,0,random,2,0.4343785805097046,False
D,328,0,random,3,0.36874868957059087,False
D,328,1,missed,0,0.459660202687644,False
D,328,1,missed,1,0.5115827920083785,False
D,328,1,missed,2,0.5157498912033693,False
D,328,1,missed,3,0.5656219874034052,False
D,328,1,uncertainty,0,0.459660202687644,False
D,328,1,uncertainty,1,0.45348823529650395,False
D,328,1,uncertainty,2,0.5147180867776449,False
D,328,1,uncertainty,3,0.5444528361325447,False
D,328,1,random,0,0.459660202687644,False
D,328,1,random,1,0.4260639883971847,False
D,328,1,random,2,0.44743220752901103,False
D,328,1,random,3,0.4750509808449324,False
D,328,2,missed,0,0.6601990825231263,False
D,328,2,missed,1,0.6369752226917222,False
D,328,2,missed,2,0.6195157648084976,False
D,328,2,missed,3,0.591479260608025,False
D,328,2,uncertainty,0,0.6601990825231263,False
D,328,2,uncertainty,1,0.6653512229117806,False
D,328,2,uncertainty,2,0.647119992603204,False
D,328,2,uncertainty,3,0.5996236510964043,False
D,328,2,random,0,0.6601990825231263,False
D,328,2,random,1,0.6703047217912463,False
D,328,2,random,2,0.6562647342280771,False
D,328,2,random,3,0.6317779179301032,False
D,360,0,missed,0,0.6171066500257156,False
D,360,0,missed,1,0.6025924906342386,False
D,360,0,missed,2,0.5804592787262958,False
D,360,0,missed,3,0.5924237761647027,False
D,360,0,uncertainty,0,0.6171066500257156,False
D,360,0,uncertainty,1,0.6242906009215082,False
D,360,0,uncertainty,2,0.5811666905881296,False
D,360,0,uncertainty,3,0.734855912198578,False
D,360,0,random,0,0.6171066500257156,False
D,360,0,random,1,0.6551122555947587,False
D,360,0,random,2,0.6870642305202608,False
D,360,0,random,3,0.6241098471400046,False
D,360,1,missed,0,0.6041376743286176,False
D,360,1,missed,1,0.6068233659149201,False
D,360,1,missed,2,0.6607571640658825,False
D,360,1,missed,3,0.679792607926746,False
D,360,1,uncertainty,0,0.6041376743286176,False
D,360,1,uncertainty,1,0.6446223082689013,False
D,360,1,uncertainty,2,0.5904267938396671,False
D,360,1,uncertainty,3,0.6163981761416405,False
D,360,1,random,0,0.6041376743286176,False
D,360,1,random,1,0.539262669750866,False
D,360,1,random,2,0.5497865424414378,False
D,360,1,random,3,0.5660953760326145,False
D,360,2,missed,0,0.350564537018696,False
D,360,2,missed,1,0.3344224434558276,False
D,360,2,missed,2,0.5134208328700142,False
D,360,2,missed,3,0.4951052398012914,False
D,360,2,uncertainty,0,0.350564537018696,False
D,360,2,uncertainty,1,0.47016685504306854,False
D,360,2,uncertainty,2,0.5421815823716134,False
D,360,2,uncertainty,3,0.4812157480170458,False
D,360,2,random,0,0.350564537018696,False
D,360,2,random,1,0.4650295814855752,False
D,360,2,random,2,0.44009628886053903,False
D,360,2,random,3,0.5505504456595542,False
D,392,0,missed,0,0.5698026338731093,False
D,392,0,missed,1,0.6509097736759247,False
D,392,0,missed,2,0.6802295706415451,False
D,392,0,missed,3,0.6914350889184437,False
D,392,0,uncertainty,0,0.5698026338731093,False
D,392,0,uncertainty,1,0.6563492728334572,False
D,392,0,uncertainty,2,0.6587756257416904,False
D,392,0,uncertainty,3,0.6390473058423103,False
D,392,0,random,0,0.5698026338731093,False
D,392,0,random,1,0.5574432900344718,False
D,392,0,random,2,0.5806019086220183,False
D,392,0,random,3,0.5825082829015857,False
D,392,1,missed,0,0.6239543274607531,False
D,392,1,missed,1,0.6149486680153523,False
D,392,1,missed,2,0.46775075082211137,False
D,392,1,missed,3,0.4011477667801132,False
D,392,1,uncertainty,0,0.6239543274607531,False
D,392,1,uncertainty,1,0.6866553004371856,False
D,392,1,uncertainty,2,0.660844578962594,False
D,392,1,uncertainty,3,0.5984959551797262,False
D,392,1,random,0,0.6239543274607531,False
D,392,1,random,1,0.6352402494337805,False
D,392,1,random,2,0.6433124232191288,False
D,392,1,random,3,0.6390719705376563,False
D,392,2,missed,0,0.5639771990832501,False
D,392,2,missed,1,0.5060872529588125,False
D,392,2,missed,2,0.6337051781342207,False
D,392,2,missed,3,0.707241997283023,False
D,392,2,uncertainty,0,0.5639771990832501,False
D,392,2,uncertainty,1,0.5088460264900663,False
D,392,2,uncertainty,2,0.544094164116211,False
D,392,2,uncertainty,3,0.5166054400847243,False
D,392,2,random,0,0.5639771990832501,False
D,392,2,random,1,0.6259153459795384,False
D,392,2,random,2,0.6751248839573847,False
D,392,2,random,3,0.7197064300311823,False
E,48,0,missed,0,0.8233461958328201,False
E,48,0,missed,1,0.7308067465962202,False
E,48,0,missed,2,0.7639807308561928,False
E,48,0,missed,3,0.8201952090418821,False
E,48,0,uncertainty,0,0.8233461958328201,False
E,48,0,uncertainty,1,0.8393783621521358,False
E,48,0,uncertainty,2,0.8697886238858084,False
E,48,0,uncertainty,3,0.8611625964587694,False
E,48,0,random,0,0.8233461958328201,False
E,48,0,random,1,0.8522026651556177,False
E,48,0,random,2,0.8394487958166075,False
E,48,0,random,3,0.8057046074727838,False
E,48,1,missed,0,0.7432291776554072,False
E,48,1,missed,1,0.8150613200616483,False
E,48,1,missed,2,0.8408524932943707,False
E,48,1,missed,3,0.830914767943678,False
E,48,1,uncertainty,0,0.7432291776554072,False
E,48,1,uncertainty,1,0.7139134568209976,False
E,48,1,uncertainty,2,0.6062602422056171,False
E,48,1,uncertainty,3,0.63445720842146,False
E,48,1,random,0,0.7432291776554072,False
E,48,1,random,1,0.727179393656937,False
E,48,1,random,2,0.7033800078004405,False
E,48,1,random,3,0.7451716526389462,False
E,48,2,missed,0,0.8502371705052593,False
E,48,2,missed,1,0.8438660349775488,True
E,48,2,missed,2,0.8521617946059488,True
E,48,2,missed,3,0.8551196478691943,True
E,48,2,uncertainty,0,0.8502371705052593,False
E,48,2,uncertainty,1,0.8438985772908433,False
E,48,2,uncertainty,2,0.8191152602720749,False
E,48,2,uncertainty,3,0.8369789730816243,False
E,48,2,random,0,0.8502371705052593,False
E,48,2,random,1,0.8438660349775488,False
E,48,2,random,2,0.8521617946059488,False
E,48,2,random,3,0.8551196478691943,False
E,88,0,missed,0,0.7866811297034331,False
E,88,0,missed,1,0.8579081051157641,False
E,88,0,missed,2,0.8853796070130169,False
E,88,0,missed,3,0.8758918150910844,False
E,88,0,uncertainty,0,0.7866811297034331,False
E,88,0,uncertainty,1,0.7761689036984344,False
E,88,0,uncertainty,2,0.7755438550469373,False
E,88,0,uncertainty,3,0.7750951824073016,False
E,88,0,random,0,0.7866811297034331,False
E,88,0,random,1,0.8822046267469321,False
E,88,0,random,2,0.8588827009423237,False
E,88,0,random,3,0.8709569032192623,False
E,88,1,missed,0,0.8539617733940024,False
E,88,1,missed,1,0.7830168327177157,False
E,88,1,missed,2,0.8522596706242819,False
E,88,1,missed,3,0.8795145594434859,False
E,88,1,uncertainty,0,0.8539617733940024,False
E,88,1,uncertainty,1,0.8138315915533256,False
E,88,1,uncertainty,2,0.74984557230443,False
E,88,1,uncertainty,3,0.8468674345549738,False
E,88,1,random,0,0.8539617733940024,False
E,88,1,random,1,0.8256347321613566,False
E,88,1,random,2,0.7575634570696538,False
E,88,1,random,3,0.7511169642722374,False
E,88,2,missed,0,0.7986973136800889,False
E,88,2,missed,1,0.8632098734603931,False
E,88,2,missed,2,0.8396567765946449,False
E,88,2,missed,3,0.849725032393323,True
E,88,2,uncertainty,0,0.7986973136800889,False
E,88,2,uncertainty,1,0.8562288770578966,False
E,88,2,uncertainty,2,0.8511732996058303,False
E,88,2,uncertainty,3,0.7512824932343707,False
E,88,2,random,0,0.7986973136800889,False
E,88,2,random,1,0.8476824733594065,False
E,88,2,random,2,0.8614367559731244,False
E,88,2,random,3,0.8726253019250303,False
E,128,0,missed,0,0.8070782827421726,False
E,128,0,missed,1,0.6922368091477105,False
E,128,0,missed,2,0.7057178905716214,False
E,128,0,missed,3,0.724522835899597,False
E,128,0,uncertainty,0,0.8070782827421726,False
E,128,0,uncertainty,1,0.8424217275596395,False
E,128,0,uncertainty,2,0.8489694831937109,False
E,128,0,uncertainty,3,0.8085694370412891,False
E,128,0,random,0,0.8070782827421726,False
E,128,0,random,1,0.8275656384700176,False
E,128,0,random,2,0.8201775723668208,False
E,128,0,random,3,0.8182008219675158,False
E,128,1,missed,0,0.826466331442933,False
E,128,1,missed,1,0.8389457898366434,False
E,128,1,missed,2,0.8136221732107356,False
E,128,1,missed,3,0.6925674737188823,False
E,128,1,uncertainty,0,0.826466331442933,False
E,128,1,uncertainty,1,0.8398251250145365,False
E,128,1,uncertainty,2,0.801275625044923,False
E,128,1,uncertainty,3,0.7730973820393907,False
E,128,1,random,0,0.826466331442933,False
E,128,1,random,1,0.7890991656327941,False
E,128,1,random,2,0.7784498987180226,False
E,128,1,random,3,0.777978445652814,False
E,128,2,missed,0,0.8424801666059476,False
E,128,2,missed,1,0.8378156128347531,False
E,128,2,missed,2,0.8657505488632475,False
E,128,2,missed,3,0.8599029507984061,False
E,128,2,uncertainty,0,0.8424801666059476,False
E,128,2,uncertainty,1,0.8346582886045649,False
E,128,2,uncertainty,2,0.7923859802973249,False
E,128,2,uncertainty,3,0.7988867925335523,False
E,128,2,random,0,0.8424801666059476,False
E,128,2,random,1,0.847881650054795,False
E,128,2,random,2,0.8379283799208941,False
E,128,2,random,3,0.8318205759918443,False
E,168,0,missed,0,0.846210815838493,False
E,168,0,missed,1,0.8429771104831041,False
E,168,0,missed,2,0.8284338431870973,False
E,168,0,missed,3,0.8195140224538175,False
E,168,0,uncertainty,0,0.846210815838493,False
E,168,0,uncertainty,1,0.8038721929822105,False
E,168,0,uncertainty,2,0.8270785227088111,False
E,168,0,uncertainty,3,0.7998703152817515,False
E,168,0,random,0,0.846210815838493,False
E,168,0,random,1,0.8439084642662664,False
E,168,0,random,2,0.8558263848757534,False
E,168,0,random,3,0.8534019334720881,False
E,168,1,missed,0,0.6063025224213362,False
E,168,1,missed,1,0.59985870884219,False
E,168,1,missed,2,0.7254788741522852,False
E,168,1,missed,3,0.7413253272936894,False
E,168,1,uncertainty,0,0.6063025224213362,False
E,168,1,uncertainty,1,0.7577020082971903,False
E,168,1,uncertainty,2,0.7707145602694748,False
E,168,1,uncertainty,3,0.6697447629759333,False
E,168,1,random,0,0.6063025224213362,False
E,168,1,random,1,0.6135869529946979,False
E,168,1,random,2,0.6101485590970103,False
E,168,1,random,3,0.7302418256619028,False
E,168,2,missed,0,0.8629931705994427,False
E,168,2,missed,1,0.8565737573875326,False
E,168,2,missed,2,0.8424266743909795,False
E,168,2,missed,3,0.8139044786798739,False
E,168,2,uncertainty,0,0.8629931705994427,False
E,168,2,uncertainty,1,0.8410271571567344,False
E,168,2,uncertainty,2,0.8499805256404436,False
E,168,2,uncertainty,3,0.8233288952885144,False
E,168,2,random,0,0.8629931705994427,False
E,168,2,random,1,0.842327155842589,False
E,168,2,random,2,0.8480815203847112,False
E,168,2,random,3,0.8308743546138407,False
E,208,0,missed,0,0.7684570160073533,False
E,208,0,missed,1,0.6601310954185723,False
E,208,0,missed,2,0.48643746248450087,False
E,208,0,missed,3,0.49579668824754897,False
E,208,0,uncertainty,0,0.7684570160073533,False
E,208,0,uncertainty,1,0.8414478292392199,False
E,208,0,uncertainty,2,0.8212439539017581,False
E,208,0,uncertainty,3,0.8279968417630393,False
E,208,0,random,0,0.7684570160073533,False
E,208,0,random,1,0.878780935622134,False
E,208,0,random,2,0.8652321203332946,False
E,208,0,random,3,0.8598057586557422,False
E,208,1,missed,0,0.7355515245246476,False
E,208,1,missed,1,0.7195300727528109,False
E,208,1,missed,2,0.6723705835545739,False
E,208,1,missed,3,0.7145812693047381,False
E,208,1,uncertainty,0,0.7355515245246476,False
E,208,1,uncertainty,1,0.746520850092671,False
E,208,1,uncertainty,2,0.689549904222883,False
E,208,1,uncertainty,3,0.6848131916209672,False
E,208,1,random,0,0.7355515245246476,False
E,208,1,random,1,0.7645437823204804,False
E,208,1,random,2,0.7403078483834209,False
E,208,1,random,3,0.7804379173868133,False
E,208,2,missed,0,0.7696317172804712,False
E,208,2,missed,1,0.8560793029629529,False
E,208,2,missed,2,0.873152933309087,False
E,208,2,missed,3,0.8751771282190971,False
E,208,2,uncertainty,0,0.7696317172804712,False
E,208,2,uncertainty,1,0.8166685309810022,False
E,208,2,uncertainty,2,0.7774845302831427,False
E,208,2,uncertainty,3,0.8158978373816762,False
E,208,2,random,0,0.7696317172804712,False
E,208,2,random,1,0.7193437349509059,False
E,208,2,random,2,0.7583458913001803,False
E,208,2,random,3,0.7775779127874427,False
E,257,0,missed,0,0.6930619926653592,False
E,257,0,missed,1,0.7184783258396371,False
E,257,0,missed,2,0.7333680715806399,False
E,257,0,missed,3,0.7112327207724256,False
E,257,0,uncertainty,0,0.6930619926653592,False
E,257,0,uncertainty,1,0.6731697071531445,False
E,257,0,uncertainty,2,0.6904579346823572,False
E,257,0,uncertainty,3,0.7309760878087025,False
E,257,0,random,0,0.6930619926653592,False
E,257,0,random,1,0.7395626711309304,False
E,257,0,random,2,0.7520726154573946,False
E,257,0,random,3,0.7411136916611369,False
E,257,1,missed,0,0.7031111336494333,False
E,257,1,missed,1,0.6965226102446763,False
E,257,1,missed,2,0.6585465224845943,False
E,257,1,missed,3,0.7003617997717505,False
E,257,1,uncertainty,0,0.7031111336494333,False
E,257,1,uncertainty,1,0.7228027741771679,False
E,257,1,uncertainty,2,0.7468684743912498,False
E,257,1,uncertainty,3,0.7588087000365109,False
E,257,1,random,0,0.7031111336494333,False
E,257,1,random,1,0.7169456447731211,False
E,257,1,random,2,0.7234579858308672,False
E,257,1,random,3,0.7185100356480002,False
E,257,2,missed,0,0.7778922923512445,False
E,257,2,missed,1,0.760786694527588,False
E,257,2,missed,2,0.7215817598322605,False
E,257,2,missed,3,0.7876537721497885,False
E,257,2,uncertainty,0,0.7778922923512445,False
E,257,2,uncertainty,1,0.7399187497712549,False
E,257,2,uncertainty,2,0.7369454099366183,False
E,257,2,uncertainty,3,0.7216414147116159,False
E,257,2,random,0,0.7778922923512445,False
E,257,2,random,1,0.76588527901992,False
E,257,2,random,2,0.765939224562601,False
E,257,2,random,3,0.77371981149697,False
E,297,0,missed,0,0.7637202123371775,False
E,297,0,missed,1,0.7581350445794764,False
E,297,0,missed,2,0.7494924444901315,False
E,297,0,missed,3,0.7162370944404934,False
E,297,0,uncertainty,0,0.7637202123371775,False
E,297,0,uncertainty,1,0.793466075908824,False
E,297,0,uncertainty,2,0.8100549389215559,False
E,297,0,uncertainty,3,0.7725500552501546,False
E,297,0,random,0,0.7637202123371775,False
E,297,0,random,1,0.8042530580996075,False
E,297,0,random,2,0.8159346166031929,False
E,297,0,random,3,0.8070201666277349,False
E,297,1,missed,0,0.4355490990885447,False
E,297,1,missed,1,0.37273973755463485,False
E,297,1,missed,2,0.7234519138514838,False
E,297,1,missed,3,0.7837470091994727,False
E,297,1,uncertainty,0,0.4355490990885447,False
E,297,1,uncertainty,1,0.5329186019629684,False
E,297,1,uncertainty,2,0.583082231726283,False
E,297,1,uncertainty,3,0.567589012881333,False
E,297,1,random,0,0.4355490990885447,False
E,297,1,random,1,0.6610988644713618,False
E,297,1,random,2,0.6536262182187106,False
E,297,1,random,3,0.6958487809332481,False
E,297,2,missed,0,0.7087170544747788,False
E,297,2,missed,1,0.7422370920476131,False
E,297,2,missed,2,0.7375089972277848,False
E,297,2,missed,3,0.7690497073849981,False
E,297,2,uncertainty,0,0.7087170544747788,False
E,297,2,uncertainty,1,0.7075191135132199,False
E,297,2,uncertainty,2,0.7441859354213092,False
E,297,2,uncertainty,3,0.7282708313850182,False
E,297,2,random,0,0.7087170544747788,False
E,297,2,random,1,0.6660257190897689,False
E,297,2,random,2,0.6631070929886947,False
E,297,2,random,3,0.6473578982223918,False
E,337,0,missed,0,0.5450343670509282,False
E,337,0,missed,1,0.4654538369742578,False
E,337,0,missed,2,0.47830093466145945,False
E,337,0,missed,3,0.4444949467942891,False
E,337,0,uncertainty,0,0.5450343670509282,False
E,337,0,uncertainty,1,0.5235261140148705,False
E,337,0,uncertainty,2,0.6033254635059829,False
E,337,0,uncertainty,3,0.5169846193691174,False
E,337,0,random,0,0.5450343670509282,False
E,337,0,random,1,0.7128539812427442,False
E,337,0,random,2,0.7001013461832645,False
E,337,0,random,3,0.7027907714602993,False
E,337,1,missed,0,0.6125035806359209,False
E,337,1,missed,1,0.6110180217572879,False
E,337,1,missed,2,0.5740118233453112,False
E,337,1,missed,3,0.5535928214042424,False
E,337,1,uncertainty,0,0.6125035806359209,False
E,337,1,uncertainty,1,0.5919518825079353,False
E,337,1,uncertainty,2,0.5513068467736557,False
E,337,1,uncertainty,3,0.5210024079193792,False
E,337,1,random,0,0.6125035806359209,False
E,337,1,random,1,0.5330265811331166,False
E,337,1,random,2,0.5008737683584309,False
E,337,1,random,3,0.5470403942690855,False
E,337,2,missed,0,0.7290285706319832,False
E,337,2,missed,1,0.7562734287201225,False
E,337,2,missed,2,0.7439828955406231,False
E,337,2,missed,3,0.7258689549548881,False
E,337,2,uncertainty,0,0.7290285706319832,False
E,337,2,uncertainty,1,0.7075654546047364,False
E,337,2,uncertainty,2,0.6916506724647125,False
E,337,2,uncertainty,3,0.6563452983801024,False
E,337,2,random,0,0.7290285706319832,False
E,337,2,random,1,0.6706708178569374,False
E,337,2,random,2,0.6809453713326536,False
E,337,2,random,3,0.6505743895114814,False
E,377,0,missed,0,0.6802492865047469,False
E,377,0,missed,1,0.5772944758590691,False
E,377,0,missed,2,0.516009398975172,False
E,377,0,missed,3,0.4518999932690654,False
E,377,0,uncertainty,0,0.6802492865047469,False
E,377,0,uncertainty,1,0.6688214514199883,False
E,377,0,uncertainty,2,0.7097447297091838,False
E,377,0,uncertainty,3,0.6046112321550519,False
E,377,0,random,0,0.6802492865047469,False
E,377,0,random,1,0.7101414977517763,False
E,377,0,random,2,0.7086955562420016,False
E,377,0,random,3,0.642980538820193,False
E,377,1,missed,0,0.6749271416519672,False
E,377,1,missed,1,0.6498826203196779,False
E,377,1,missed,2,0.6889988909107495,False
E,377,1,missed,3,0.6688522772167428,False
E,377,1,uncertainty,0,0.6749271416519672,False
E,377,1,uncertainty,1,0.7002507014138303,False
E,377,1,uncertainty,2,0.7290928803758583,False
E,377,1,uncertainty,3,0.7313226015684887,False
E,377,1,random,0,0.6749271416519672,False
E,377,1,random,1,0.6451674593408055,False
E,377,1,random,2,0.6641831527911983,False
E,377,1,random,3,0.6400586885369248,False
E,377,2,missed,0,0.6814611942272334,False
E,377,2,missed,1,0.6690935494632729,False
E,377,2,missed,2,0.7092529143134815,False
E,377,2,missed,3,0.6507164944773078,False
E,377,2,uncertainty,0,0.6814611942272334,False
E,377,2,uncertainty,1,0.7194468102006505,False
E,377,2,uncertainty,2,0.704800351031154,False
E,377,2,uncertainty,3,0.7325050709939148,False
E,377,2,random,0,0.6814611942272334,False
E,377,2,random,1,0.5215618545209387,False
E,377,2,random,2,0.5746850269547851,False
E,377,2,random,3,0.46976516007934643,False
E,417,0,missed,0,0.6614691643172421,False
E,417,0,missed,1,0.6366419761652818,False
E,417,0,missed,2,0.6231197571514439,False
E,417,0,missed,3,0.538963518781973,False
E,417,0,uncertainty,0,0.6614691643172421,False
E,417,0,uncertainty,1,0.636588308887119,False
E,417,0,uncertainty,2,0.6394899972210681,False
E,417,0,uncertainty,3,0.6504011130852695,False
E,417,0,random,0,0.6614691643172421,False
E,417,0,random,1,0.7249851608948223,False
E,417,0,random,2,0.7625378200739907,False
E,417,0,random,3,0.5693241270151344,False
E,417,1,missed,0,0.41809713685359984,False
E,417,1,missed,1,0.6203527629355762,False
E,417,1,missed,2,0.5791143919051336,False
E,417,1,missed,3,0.6564865816544682,False
E,417,1,uncertainty,0,0.41809713685359984,False
E,417,1,uncertainty,1,0.4498528635700933,False
E,417,1,uncertainty,2,0.42944412505667184,False
E,417,1,uncertainty,3,0.45685441119899417,False
E,417,1,random,0,0.41809713685359984,False
E,417,1,random,1,0.41597322081044763,False
E,417,1,random,2,0.4325289802592117,False
E,417,1,random,3,0.5446411233670552,False
E,417,2,missed,0,0.5069306302111991,False
E,417,2,missed,1,0.42096308243092356,False
E,417,2,missed,2,0.4269218545852608,False
E,417,2,missed,3,0.38032850640788024,False
E,417,2,uncertainty,0,0.5069306302111991,False
E,417,2,uncertainty,1,0.420496809938564,False
E,417,2,uncertainty,2,0.4638983506633202,False
E,417,2,uncertainty,3,0.49420380247763246,False
E,417,2,random,0,0.5069306302111991,False
E,417,2,random,1,0.6398783703690978,False
E,417,2,random,2,0.6379950361030376,False
E,417,2,random,3,0.6465176322652411,False
F,29,0,missed,0,0.7401320418076107,False
F,29,0,missed,1,0.7460135506317525,False
F,29,0,missed,2,0.7169161814587706,True
F,29,0,missed,3,0.7030335757756674,False
F,29,0,uncertainty,0,0.7401320418076107,False
F,29,0,uncertainty,1,0.7548769304976669,False
F,29,0,uncertainty,2,0.7790758652203714,False
F,29,0,uncertainty,3,0.7628546193116109,False
F,29,0,random,0,0.7401320418076107,False
F,29,0,random,1,0.6702118359213671,False
F,29,0,random,2,0.6830514427711356,False
F,29,0,random,3,0.7438241013399627,False
F,29,1,missed,0,0.6196171679942932,False
F,29,1,missed,1,0.5656233172292967,False
F,29,1,missed,2,0.5628697396421989,False
F,29,1,missed,3,0.5455519696787213,True
F,29,1,uncertainty,0,0.6196171679942932,False
F,29,1,uncertainty,1,0.709482202162904,False
F,29,1,uncertainty,2,0.7130132531912202,False
F,29,1,uncertainty,3,0.65588149208891,False
F,29,1,random,0,0.6196171679942932,False
F,29,1,random,1,0.5862443005897423,False
F,29,1,random,2,0.585876993166287,False
F,29,1,random,3,0.5982312708482644,False
F,29,2,missed,0,0.5682461532712376,False
F,29,2,missed,1,0.5602864297973666,False
F,29,2,missed,2,0.6873792255376816,False
F,29,2,missed,3,0.7248102229254711,False
F,29,2,uncertainty,0,0.5682461532712376,False
F,29,2,uncertainty,1,0.6701333742419867,False
F,29,2,uncertainty,2,0.7215144758402768,False
F,29,2,uncertainty,3,0.7265320913751913,False
F,29,2,random,0,0.5682461532712376,False
F,29,2,random,1,0.5988110450580588,False
F,29,2,random,2,0.6181377346739034,False
F,29,2,random,3,0.6353984765144691,False
F,53,0,missed,0,0.6171168844584474,False
F,53,0,missed,1,0.7533820082278637,False
F,53,0,missed,2,0.6876047132957944,True
F,53,0,missed,3,0.7031357175817187,False
F,53,0,uncertainty,0,0.6171168844584474,False
F,53,0,uncertainty,1,0.7524700327948362,False
F,53,0,uncertainty,2,0.5007725059276444,False
F,53,0,uncertainty,3,0.636766571573957,False
F,53,0,random,0,0.6171168844584474,False
F,53,0,random,1,0.5274799737672697,False
F,53,0,random,2,0.7308873717136091,False
F,53,0,random,3,0.7489759565880753,False
F,53,1,missed,0,0.6777927424273227,False
F,53,1,missed,1,0.5881735981280939,False
F,53,1,missed,2,0.7124056094929881,False
F,53,1,missed,3,0.7279587877724808,False
F,53,1,uncertainty,0,0.6777927424273227,False
F,53,1,uncertainty,1,0.5750132272307754,False
F,53,1,uncertainty,2,0.6823857555216813,False
F,53,1,uncertainty,3,0.6695218779666868,False
F,53,1,random,0,0.6777927424273227,False
F,53,1,random,1,0.6673457625219138,False
F,53,1,random,2,0.6690442887620016,False
F,53,1,random,3,0.6579141781054928,False
F,53,2,missed,0,0.6244421997910627,False
F,53,2,missed,1,0.6184150640228341,False
F,53,2,missed,2,0.6082918430637645,False
F,53,2,missed,3,0.5968404110813906,False
F,53,2,uncertainty,0,0.6244421997910627,False
F,53,2,uncertainty,1,0.6022761376739484,False
F,53,2,uncertainty,2,0.6408447620229328,False
F,53,2,uncertainty,3,0.637480860281485,False
F,53,2,random,0,0.6244421997910627,False
F,53,2,random,1,0.6280266731336112,False
F,53,2,random,2,0.6181084621934577,False
F,53,2,random,3,0.6723040398324498,False
F,77,0,missed,0,0.6085671480330375,False
F,77,0,missed,1,0.7747029901857626,False
F,77,0,missed,2,0.7754468385508749,True
F,77,0,missed,3,0.7976486097302287,True
F,77,0,uncertainty,0,0.6085671480330375,False
F,77,0,uncertainty,1,0.7769847299654364,False
F,77,0,uncertainty,2,0.7777202669440167,False
F,77,0,uncertainty,3,0.7772268986880154,False
F,77,0,random,0,0.6085671480330375,False
F,77,0,random,1,0.5975622857675679,False
F,77,0,random,2,0.7631069297391886,False
F,77,0,random,3,0.7880970371203961,False
F,77,1,missed,0,0.5353606991222892,False
F,77,1,missed,1,0.7981152351245927,False
F,77,1,missed,2,0.789310627085093,False
F,77,1,missed,3,0.7932195986268165,False
F,77,1,uncertainty,0,0.5353606991222892,False
F,77,1,uncertainty,1,0.5906963129698416,False
F,77,1,uncertainty,2,0.6314485493679179,False
F,77,1,uncertainty,3,0.5364576409594166,False
F,77,1,random,0,0.5353606991222892,False
F,77,1,random,1,0.5340010829650543,False
F,77,1,random,2,0.5362765293973125,False
F,77,1,random,3,0.636889652327457,False
F,77,2,missed,0,0.7146960151697217,False
F,77,2,missed,1,0.7213345462609063,False
F,77,2,missed,2,0.6929927814455988,False
F,77,2,missed,3,0.5697663053136662,False
F,77,2,uncertainty,0,0.7146960151697217,False
F,77,2,uncertainty,1,0.7666321568627451,False
F,77,2,uncertainty,2,0.7794041691454598,False
F,77,2,uncertainty,3,0.7678147061892121,False
F,77,2,random,0,0.7146960151697217,False
F,77,2,random,1,0.7448062569169894,False
F,77,2,random,2,0.7522382208573926,False
F,77,2,random,3,0.7222792821458828,False
F,100,0,missed,0,0.7199862657868809,False
F,100,0,missed,1,0.7381947128062667,False
F,100,0,missed,2,0.7544170028070672,True
F,100,0,missed,3,0.7637564014234066,True
F,100,0,uncertainty,0,0.7199862657868809,False
F,100,0,uncertainty,1,0.7988933164392701,False
F,100,0,uncertainty,2,0.7470573097854576,False
F,100,0,uncertainty,3,0.6880623152324129,False
F,100,0,random,0,0.7199862657868809,False
F,100,0,random,1,0.7732559363298946,False
F,100,0,random,2,0.6938390385002088,False
F,100,0,random,3,0.7561829933815846,False
F,100,1,missed,0,0.7365464880935088,False
F,100,1,missed,1,0.6725544280087752,False
F,100,1,missed,2,0.7136718477383077,False
F,100,1,missed,3,0.6654464050566237,False
F,100,1,uncertainty,0,0.7365464880935088,False
F,100,1,uncertainty,1,0.7642604675832995,False
F,100,1,uncertainty,2,0.7053048819097069,False
F,100,1,uncertainty,3,0.746271241577675,False
F,100,1,random,0,0.7365464880935088,False
F,100,1,random,1,0.7450337839430788,False
F,100,1,random,2,0.7620317924355929,False
F,100,1,random,3,0.7538645864839707,False
F,100,2,missed,0,0.7680750260693462,False
F,100,2,missed,1,0.7820429068821972,False
F,100,2,missed,2,0.8057914352670503,False
F,100,2,missed,3,0.8100764389724906,False
F,100,2,uncertainty,0,0.7680750260693462,False
F,100,2,uncertainty,1,0.8207793049398642,False
F,100,2,uncertainty,2,0.8176170297954689,False
F,100,2,uncertainty,3,0.7971537985260465,False
F,100,2,random,0,0.7680750260693462,False
F,100,2,random,1,0.7425166816465365,False
F,100,2,random,2,0.7591252450211368,False
F,100,2,random,3,0.7692445936437696,False
F,124,0,missed,0,0.7075077943731527,False
F,124,0,missed,1,0.7335512556352538,True
F,124,0,missed,2,0.7153013598626764,True
F,124,0,missed,3,0.7472420174807147,False
F,124,0,uncertainty,0,0.7075077943731527,False
F,124,0,uncertainty,1,0.7281111026125723,False
F,124,0,uncertainty,2,0.761582857689487,False
F,124,0,uncertainty,3,0.798672149081444,False
F,124,0,random,0,0.7075077943731527,False
F,124,0,random,1,0.7335512556352538,False
F,124,0,random,2,0.7153013598626764,False
F,124,0,random,3,0.7125314900279865,False
F,124,1,missed,0,0.7317535599647317,False
F,124,1,missed,1,0.6268484139933451,False
F,124,1,missed,2,0.5396397877483061,False
F,124,1,missed,3,0.5705827425211828,False
F,124,1,uncertainty,0,0.7317535599647317,False
F,124,1,uncertainty,1,0.8015160549896669,False
F,124,1,uncertainty,2,0.795612915764198,False
F,124,1,uncertainty,3,0.7926301089186477,False
F,124,1,random,0,0.7317535599647317,False
F,124,1,random,1,0.779010013660817,False
F,124,1,random,2,0.7853694991343292,False
F,124,1,random,3,0.7872503029944342,False
F,124,2,missed,0,0.7179285414624285,False
F,124,2,missed,1,0.7167910222146977,False
F,124,2,missed,2,0.7650124776371116,False
F,124,2,missed,3,0.7652961269032594,False
F,124,2,uncertainty,0,0.7179285414624285,False
F,124,2,uncertainty,1,0.7265291635138192,False
F,124,2,uncertainty,2,0.7670763748503825,False
F,124,2,uncertainty,3,0.7586206896551724,False
F,124,2,random,0,0.7179285414624285,False
F,124,2,random,1,0.6952232606438213,False
F,124,2,random,2,0.724502941948667,False
F,124,2,random,3,0.6717483229238954,False
F,154,0,missed,0,0.7589174950551757,False
F,154,0,missed,1,0.742550691592699,False
F,154,0,missed,2,0.7904993428659473,False
F,154,0,missed,3,0.7689115779446014,False
F,154,0,uncertainty,0,0.7589174950551757,False
F,154,0,uncertainty,1,0.7851893199367384,False
F,154,0,uncertainty,2,0.7858364453103859,False
F,154,0,uncertainty,3,0.7594145441753896,False
F,154,0,random,0,0.7589174950551757,False
F,154,0,random,1,0.7655435260130232,False
F,154,0,random,2,0.7722294232015554,False
F,154,0,random,3,0.7312928874850234,False
F,154,1,missed,0,0.7644188796589632,False
F,154,1,missed,1,0.7433113885646225,False
F,154,1,missed,2,0.6998120899221515,False
F,154,1,missed,3,0.6726460007950898,False
F,154,1,uncertainty,0,0.7644188796589632,False
F,154,1,uncertainty,1,0.8049474052028485,False
F,154,1,uncertainty,2,0.77241973067313,False
F,154,1,uncertainty,3,0.7966656895585084,False
F,154,1,random,0,0.7644188796589632,False
F,154,1,random,1,0.7436224073166748,False
F,154,1,random,2,0.7514497560558075,False
F,154,1,random,3,0.7426837603297227,False
F,154,2,missed,0,0.6910933699625512,False
F,154,2,missed,1,0.8314858345734092,False
F,154,2,missed,2,0.7907433292951884,True
F,154,2,missed,3,0.7370925529383774,True
F,154,2,uncertainty,0,0.6910933699625512,False
F,154,2,uncertainty,1,0.8277754851693359,False
F,154,2,uncertainty,2,0.8100219784723681,False
F,154,2,uncertainty,3,0.8249932111776344,False
F,154,2,random,0,0.6910933699625512,False
F,154,2,random,1,0.6604834208410199,False
F,154,2,random,2,0.6133080241587575,False
F,154,2,random,3,0.5721172300841928,False
F,178,0,missed,0,0.7577746001482893,False
F,178,0,missed,1,0.7541921241278062,False
F,178,0,missed,2,0.7584245540565613,True
F,178,0,missed,3,0.7561229093895595,True
F,178,0,uncertainty,0,0.7577746001482893,False
F,178,0,uncertainty,1,0.7602792412301709,False
F,178,0,uncertainty,2,0.7512185305562771,False
F,178,0,uncertainty,3,0.7867771219860784,False
F,178,0,random,0,0.7577746001482893,False
F,178,0,random,1,0.7670609861420342,False
F,178,0,random,2,0.7740572355637722,False
F,178,0,random,3,0.7397895638948337,False
F,178,1,missed,0,0.7782442562653078,False
F,178,1,missed,1,0.7604356290453075,False
F,178,1,missed,2,0.6677766743333493,False
F,178,1,missed,3,0.5488208157547724,False
F,178,1,uncertainty,0,0.7782442562653078,False
F,178,1,uncertainty,1,0.7448669363983264,False
F,178,1,uncertainty,2,0.7844124187353329,False
F,178,1,uncertainty,3,0.7453844496060918,False
F,178,1,random,0,0.7782442562653078,False
F,178,1,random,1,0.7647221578290099,False
F,178,1,random,2,0.7611105884217146,False
F,178,1,random,3,0.7481802288811564,False
F,178,2,missed,0,0.7320246502050458,False
F,178,2,missed,1,0.741702583089873,False
F,178,2,missed,2,0.6451259198864155,False
F,178,2,missed,3,0.6492826540391229,False
F,178,2,uncertainty,0,0.7320246502050458,False
F,178,2,uncertainty,1,0.7332963748553799,False
F,178,2,uncertainty,2,0.7674272533327557,False
F,178,2,uncertainty,3,0.7324069645375092,False
F,178,2,random,0,0.7320246502050458,False
F,178,2,random,1,0.7454741135426273,False
F,178,2,random,2,0.7520430415303224,False
F,178,2,random,3,0.7379472289802967,False
F,202,0,missed,0,0.6681114481434683,False
F,202,0,missed,1,0.7388596857652681,False
F,202,0,missed,2,0.7281916547749486,False
F,202,0,missed,3,0.7554709014373133,True
F,202,0,uncertainty,0,0.6681114481434683,False
F,202,0,uncertainty,1,0.7664908479352961,False
F,202,0,uncertainty,2,0.7484031051302533,False
F,202,0,uncertainty,3,0.755545710952613,False
F,202,0,random,0,0.6681114481434683,False
F,202,0,random,1,0.5433984071124283,False
F,202,0,random,2,0.6575347482252817,False
F,202,0,random,3,0.6916510695319279,False
F,202,1,missed,0,0.579091292910266,False
F,202,1,missed,1,0.5216389226056297,False
F,202,1,missed,2,0.698123402332555,False
F,202,1,missed,3,0.5897460592635397,False
F,202,1,uncertainty,0,0.579091292910266,False
F,202,1,uncertainty,1,0.4891075455172285,False
F,202,1,uncertainty,2,0.6639100285837115,False
F,202,1,uncertainty,3,0.7151723273447043,False
F,202,1,random,0,0.579091292910266,False
F,202,1,random,1,0.6169095848060275,False
F,202,1,random,2,0.585687036127442,False
F,202,1,random,3,0.5979500910006331,False
F,202,2,missed,0,0.6067801625470244,False
F,202,2,missed,1,0.6976077618718688,True
F,202,2,missed,2,0.721965100127655,False
F,202,2,missed,3,0.7343098186083086,False
F,202,2,uncertainty,0,0.6067801625470244,False
F,202,2,uncertainty,1,0.7388106423990258,False
F,202,2,uncertainty,2,0.6910203397407242,False
F,202,2,uncertainty,3,0.7093405441877821,False
F,202,2,random,0,0.6067801625470244,False
F,202,2,random,1,0.6976077618718688,False
F,202,2,random,2,0.7411716814445579,False
F,202,2,random,3,0.759813191734374,False
F,225,0,missed,0,0.7187355955040244,False
F,225,0,missed,1,0.6580112158885544,False
F,225,0,missed,2,0.6968868458345227,False
F,225,0,missed,3,0.5673506131844787,False
F,225,0,uncertainty,0,0.7187355955040244,False
F,225,0,uncertainty,1,0.6101420665997864,False
F,225,0,uncertainty,2,0.6903842828579013,False
F,225,0,uncertainty,3,0.6524629644889725,False
F,225,0,random,0,0.7187355955040244,False
F,225,0,random,1,0.7316832034158004,False
F,225,0,random,2,0.7237970628497993,False
F,225,0,random,3,0.7399825036879482,False
F,225,1,missed,0,0.7015992544268407,False
F,225,1,missed,1,0.6069101928974541,False
F,225,1,missed,2,0.48166885990331576,False
F,225,1,missed,3,0.6236557164204699,False
F,225,1,uncertainty,0,0.7015992544268407,False
F,225,1,uncertainty,1,0.7321155378851034,False
F,225,1,uncertainty,2,0.7620926515881163,False
F,225,1,uncertainty,3,0.7512063565297837,False
F,225,1,random,0,0.7015992544268407,False
F,225,1,random,1,0.7619667525971857,False
F,225,1,random,2,0.7590636005800704,False
F,225,1,random,3,0.7139583273825088,False
F,225,2,missed,0,0.5795238217740276,False
F,225,2,missed,1,0.45132204042211205,False
F,225,2,missed,2,0.32001248463804305,False
F,225,2,missed,3,0.5144267416859514,False
F,225,2,uncertainty,0,0.5795238217740276,False
F,225,2,uncertainty,1,0.6650158541937321,False
F,225,2,uncertainty,2,0.7286262240109023,False
F,225,2,uncertainty,3,0.650850404437048,False
F,225,2,random,0,0.5795238217740276,False
F,225,2,random,1,0.6355159590383664,False
F,225,2,random,2,0.6544256964741463,False
F,225,2,random,3,0.6887151229281693,False
F,249,0,missed,0,0.700721415054835,False
F,249,0,missed,1,0.6072307088079045,False
F,249,0,missed,2,0.7367036557591532,False
F,249,0,missed,3,0.731107570992407,False
F,249,0,uncertainty,0,0.700721415054835,False
F,249,0,uncertainty,1,0.7107126572108924,False
F,249,0,uncertainty,2,0.6683144827586207,False
F,249,0,uncertainty,3,0.5320820767249901,False
F,249,0,random,0,0.700721415054835,False
F,249,0,random,1,0.7164547132325504,False
F,249,0,random,2,0.731644932178925,False
F,249,0,random,3,0.7404552155281546,False
F,249,1,missed,0,0.6853788456093208,False
F,249,1,missed,1,0.7071758809588562,False
F,249,1,missed,2,0.6639051743257381,False
F,249,1,missed,3,0.7343550048378539,False
F,249,1,uncertainty,0,0.6853788456093208,False
F,249,1,uncertainty,1,0.7091978505129458,False
F,249,1,uncertainty,2,0.7236561108060284,False
F,249,1,uncertainty,3,0.7181662863159792,False
F,249,1,random,0,0.6853788456093208,False
F,249,1,random,1,0.6918338731267637,False
F,249,1,random,2,0.6800827421074443,False
F,249,1,random,3,0.6653588079474749,False
F,249,2,missed,0,0.7008988938935531,False
F,249,2,missed,1,0.6846540893085787,False
F,249,2,missed,2,0.6967991238599898,True
F,249,2,missed,3,0.6344490399551914,False
F,249,2,uncertainty,0,0.7008988938935531,False
F,249,2,uncertainty,1,0.595012664508796,False
F,249,2,uncertainty,2,0.7248849906109859,False
F,249,2,uncertainty,3,0.6892035001308189,False
F,249,2,random,0,0.7008988938935531,False
F,249,2,random,1,0.7336168161979921,False
F,249,2,random,2,0.7304532259736669,False
F,249,2,random,3,0.7410780156642398,False
