method,condition,dice,dice_lo,dice_hi,precision,recall,f1,f1_min,f1_max,count_bias,count_icc,area_bias,area_icc,dice_m1,dice_m2,dice_m3,dice_m4,dice_m5
otsu,no input,0.4343797031498351,0.32164764495646897,0.5594468267718519,0.5846425548232865,0.40653412728902544,0.47182163217626466,0.21212121212121213,0.6842105263157895,-1.5,0.38177306318344206,3.0929306784634925,0.052016078231414985,0.34285277327300373,0.4653104599960961,0.4429290338639024,0.6269109530644086,0.2938952955517644
dino_clicks,10+20 clicks,0.7352796562849802,0.6365583059562493,0.8177454230763604,0.6075126237028364,0.7351430583758667,0.6643251454138162,0.4655367231638418,0.7603960396039604,0.8066666666666665,0.7949049520630278,0.4820768665855373,0.6427220091419283,0.7439508346828383,0.7451545252812797,0.7806796232143155,0.8441286526914451,0.5624846455550221
sam,10+20 clicks,0.5335596294341031,0.38905462338799285,0.6537849718886186,0.4491323765595839,0.39670557171517606,0.4181119025293058,0.1574074074074074,0.5528089887640449,-0.8533333333333334,0.46367940044909106,10.02366451670261,0.07561344504429073,0.5591401791431122,0.5374447698910245,0.6469019227605428,0.6562559321142861,0.2680553432615497
microsam,10+20 clicks,0.32590043466581575,0.23363415811766838,0.42685980590755246,0.190971390668297,0.14867140478934565,0.16046786134862548,0.05687203791469194,0.29444444444444445,-1.3133333333333335,0.23238969829724287,36.527282675005175,0.02766039549921258,0.32066251254705014,0.27041656465217534,0.4748660396372527,0.34981492043616597,0.21374213605643436
rf_clicks,10+20 clicks,0.6256634458076908,0.5371691793967334,0.7172553213523364,0.7132720816246488,0.5270528815957168,0.6046973391830022,0.44245142002989535,0.7386091127098321,-1.1666666666666665,0.6426352922820372,0.06986546253789466,0.9302058263840464,0.6074415931267859,0.5942079701088226,0.6615271601900687,0.7716786968813799,0.4934618087313969
dino_clicks,3+6 clicks,0.6829592865781448,0.5767995945940438,0.7708853596789298,0.535995773442713,0.6556848325192542,0.5872095452583157,0.37702871410736577,0.7037773359840954,0.6233333333333333,0.6836535201980094,0.32677351683641725,0.7358542453455457,0.7009809838697698,0.6912421865706134,0.733417676940889,0.798898872265599,0.49025671324385234
sam,3+6 clicks,0.4994991130753784,0.3603010861597234,0.6120175086972443,0.3701369032141013,0.35455868991212824,0.35964352257517895,0.12557427258805512,0.4695121951219512,-0.5933333333333334,0.2625742669521083,12.627581661784467,0.03578532375778563,0.5273011234223717,0.5356368617731537,0.6196330260548807,0.5704619191027099,0.24446263502377635
microsam,3+6 clicks,0.26785148611408405,0.1921669002866671,0.3460816640794237,0.142698768551842,0.09062208440810054,0.10968421516110441,0.0631911532385466,0.19607843137254902,-1.4833333333333336,0.37305870607928043,38.029110296621774,0.021106005705608884,0.288781644322101,0.23369704288779264,0.3574986213555048,0.2955604829595362,0.16371963904548556
rf_clicks,3+6 clicks,0.512367818011261,0.43585356486055327,0.5954341942250678,0.5718672204785642,0.4237137856807468,0.48498513273384247,0.3367496339677892,0.628992628992629,-1.1433333333333335,0.631249985380151,0.20911510694256058,0.7363609224450148,0.46041213003262715,0.526789798874231,0.5259910204517285,0.635184703808063,0.41346143688965487
dino_labels,labels from other batches,0.6405630523326792,0.5727861063482085,0.7116855969523754,0.4664816154773644,0.7638443737079925,0.5583648952582762,0.5,0.625,2.28,0.3725610170643824,1.1765011379356651,0.7297479309231654,0.5860284014892821,0.6550751178060648,0.6881957859580209,0.7175599032922381,0.5559560531177905
rf_labels,labels from other batches,0.5635378584188439,0.4965228400404984,0.6393367201246781,0.4108545907340428,0.7493578837604962,0.5116714498938926,0.4228187919463087,0.6027397260273972,3.29,0.2340381218325014,2.591952214142461,0.4474432303558042,0.4993091094497989,0.5307185523175529,0.6605113937241383,0.5796809284938169,0.5474693081089121
dino_labels,labels from same batch,0.6684069927726288,0.5947771661813414,0.750214119435386,0.5085050501199726,0.7683990999396302,0.6011757992255564,0.518796992481203,0.7225130890052356,1.8,0.5087067110154568,0.8340324907243981,0.8595425227496036,0.6054376262592134,0.6791440837288388,0.6815075630369185,0.7957184149630441,0.580227275875129
rf_labels,labels from same batch,0.572044612594833,0.4884855523286991,0.6605900049836244,0.4267466624284806,0.7668893950203978,0.5399734868963945,0.4232081911262799,0.624390243902439,2.77,0.3431436450238151,3.4780479769436154,0.13148700198109056,0.5067702542175775,0.6872950991066584,0.5365311063206636,0.6429873924814757,0.48663921084779
