sample,z,budget,seed,method,dice,bar_bias
A,25,3+6,0,boneseg,0.694011209303302,-1.2624033201282785
A,25,3+6,0,sam2_bplus,0.716971418590327,2.132930893542099
A,25,3+6,0,intersection_sam2_bplus,0.6589833391144778,-2.7481607243916244
A,25,3+6,0,sam2_large,0.689649375465809,-2.7845060680374782
A,25,3+6,0,intersection_sam2_large,0.6199851478871964,-4.396780481670126
A,25,3+6,1,boneseg,0.6561569338340023,-1.9168710306231542
A,25,3+6,1,sam2_bplus,0.7339547840994322,1.768848644909765
A,25,3+6,1,intersection_sam2_bplus,0.657302427613686,-2.75419732126014
A,25,3+6,1,sam2_large,0.7267399624582531,0.567314343205684
A,25,3+6,1,intersection_sam2_large,0.6527244862573132,-2.742627177262152
A,25,3+6,2,boneseg,0.5774280201278802,-5.283028359429039
A,25,3+6,2,sam2_bplus,0.6537838186712053,1.0781613532037984
A,25,3+6,2,intersection_sam2_bplus,0.5571624154293994,-6.304219329686223
A,25,3+6,2,sam2_large,0.6949518758593597,-2.8182104005533546
A,25,3+6,2,intersection_sam2_large,0.5709473684210526,-6.111299754763253
A,25,25+25,0,boneseg,0.7015675377361231,0.7510532603911209
A,25,25+25,0,sam2_bplus,0.11213480863330312,40.388983210714954
A,25,25+25,0,intersection_sam2_bplus,0.29063334821665066,-8.60906747154625
A,25,25+25,0,sam2_large,0.7266168266130966,-1.6257309941520468
A,25,25+25,0,intersection_sam2_large,0.6782053511818269,-2.8111677042067544
A,25,25+25,1,boneseg,0.712463373210653,1.7267182292649181
A,25,25+25,1,sam2_bplus,0.09770811558378076,38.06325850468465
A,25,25+25,1,intersection_sam2_bplus,0.25307316181510764,-8.71483367918003
A,25,25+25,1,sam2_large,0.7057512757091606,-2.6518266993649
A,25,25+25,1,intersection_sam2_large,0.6607887608253044,-3.5461233729485
A,25,25+25,2,boneseg,0.7447030314114581,2.278312268125511
A,25,25+25,2,sam2_bplus,0.5496588996190307,4.581902785637931
A,25,25+25,2,intersection_sam2_bplus,0.6535372699137579,-2.7555807080425083
A,25,25+25,2,sam2_large,0.7134263621209671,-2.669056152927121
A,25,25+25,2,intersection_sam2_large,0.700969324528494,-3.0023266050430735
A,46,3+6,0,boneseg,0.6688950805629027,0.8515374457649507
A,46,3+6,0,sam2_bplus,0.2929051343217794,53.4003647110608
A,46,3+6,0,intersection_sam2_bplus,0.6368433711076213,-0.9619568634848772
A,46,3+6,0,sam2_large,0.36497210335301444,-9.056152927120667
A,46,3+6,0,intersection_sam2_large,0.3535907077683221,-9.201660064138842
A,46,3+6,1,boneseg,0.6636717101308401,11.702194554486574
A,46,3+6,1,sam2_bplus,0.6617730938319922,1.0337672137332579
A,46,3+6,1,intersection_sam2_bplus,0.6552283626910492,0.4291014274036353
A,46,3+6,1,sam2_large,0.43909286854544666,-7.3831352574985845
A,46,3+6,1,intersection_sam2_large,0.43918738138941604,-7.417845689492548
A,46,3+6,2,boneseg,0.6531497810192801,0.42520279192605237
A,46,3+6,2,sam2_bplus,0.6615816882468486,6.879833993586118
A,46,3+6,2,intersection_sam2_bplus,0.6141885421500005,-2.15204678362573
A,46,3+6,2,sam2_large,0.301819463729433,-10.149154247626234
A,46,3+6,2,intersection_sam2_large,0.27448116095999053,-10.583537697289819
A,46,25+25,0,boneseg,0.6711723420847413,1.3987297994089172
A,46,25+25,0,sam2_bplus,0.5481565427621637,5.662076337797899
A,46,25+25,0,intersection_sam2_bplus,0.5889510954316538,-3.0325095893856506
A,46,25+25,0,sam2_large,0.6116951844189871,-0.9420863987926804
A,46,25+25,0,intersection_sam2_large,0.57608057070919,-3.654404829277494
A,46,25+25,1,boneseg,0.6658277103945026,2.750675973086839
A,46,25+25,1,sam2_bplus,0.16701230378736695,47.38539898132427
A,46,25+25,1,intersection_sam2_bplus,0.41434319864758684,-6.502169401999622
A,46,25+25,1,sam2_large,0.6116032355175962,-1.4784631830472232
A,46,25+25,1,intersection_sam2_large,0.5865886021705234,-3.2713324529962886
A,46,25+25,2,boneseg,0.683971753423118,5.940640130792932
A,46,25+25,2,sam2_bplus,0.5958813274513893,4.327862667421243
A,46,25+25,2,intersection_sam2_bplus,0.6285490831389746,-0.6148525435452417
A,46,25+25,2,sam2_large,0.675997677077473,0.08979437841916749
A,46,25+25,2,intersection_sam2_large,0.6381480443959313,-1.5911463245928434
A,66,3+6,0,boneseg,0.6261920297735566,1.6373011381500344
A,66,3+6,0,sam2_bplus,0.6340402438714163,5.280261585864302
A,66,3+6,0,intersection_sam2_bplus,0.6321759878231894,0.0744513613783564
A,66,3+6,0,sam2_large,0.5989202993974427,-2.3211972583789233
A,66,3+6,0,intersection_sam2_large,0.5995527315324269,-3.1251965038043146
A,66,3+6,1,boneseg,0.6407196777360279,5.338866880462806
A,66,3+6,1,sam2_bplus,0.6337518455179721,7.901276488712821
A,66,3+6,1,intersection_sam2_bplus,0.6561333574922993,3.380997296107653
A,66,3+6,1,sam2_large,0.6492794279717994,-0.5326039112117211
A,66,3+6,1,intersection_sam2_large,0.6361020611516027,-1.916367980884111
A,66,3+6,2,boneseg,0.6070088917620554,8.105766207633778
A,66,3+6,2,sam2_bplus,0.6084028006687927,7.284285983776645
A,66,3+6,2,intersection_sam2_bplus,0.634158498885667,1.8573853989813234
A,66,3+6,2,sam2_large,0.6571177324248358,-1.0708671319876757
A,66,3+6,2,intersection_sam2_large,0.6400226070808607,-2.5754889014651337
A,66,25+25,0,boneseg,0.6688651528518934,4.982456140350877
A,66,25+25,0,sam2_bplus,0.1606638781398886,31.842293906810035
A,66,25+25,0,intersection_sam2_bplus,0.42023688257734637,-5.4926743381751875
A,66,25+25,0,sam2_large,0.7154009585453827,1.0707413695529144
A,66,25+25,0,intersection_sam2_large,0.7014492753623188,-0.6924479657926188
A,66,25+25,1,boneseg,0.6652843381559862,2.6686788656228373
A,66,25+25,1,sam2_bplus,0.4833770709497913,7.438596491228068
A,66,25+25,1,intersection_sam2_bplus,0.5997749372421156,-2.5895742941583357
A,66,25+25,1,sam2_large,0.6960575413942562,-0.1833616298811549
A,66,25+25,1,intersection_sam2_large,0.6631813594978421,-2.3232094573350945
A,66,25+25,2,boneseg,0.6707935340107146,5.36037225680689
A,66,25+25,2,sam2_bplus,0.4607884413351328,7.579827705464378
A,66,25+25,2,intersection_sam2_bplus,0.5999944188642389,-1.8488335534175953
A,66,25+25,2,sam2_large,0.6712087242332557,-1.2717097403005724
A,66,25+25,2,intersection_sam2_large,0.6545236302281208,-2.17053386153556
A,87,3+6,0,boneseg,0.5705816052561647,5.508394642520278
A,87,3+6,0,sam2_bplus,0.2640527033329105,48.44406715714016
A,87,3+6,0,intersection_sam2_bplus,0.5769327389601754,3.591397849462366
A,87,3+6,0,sam2_large,0.6630706363105663,-0.3971577689744077
A,87,3+6,0,intersection_sam2_large,0.6415540984838521,-1.8583914984594099
A,87,3+6,1,boneseg,0.6052327841401788,-0.9108973149720185
A,87,3+6,1,sam2_bplus,0.6765695495908848,4.373262906369867
A,87,3+6,1,intersection_sam2_bplus,0.6063253495230692,-1.5569389423379238
A,87,3+6,1,sam2_large,0.7116641669951218,2.6285606489341635
A,87,3+6,1,intersection_sam2_large,0.6153371839883222,-1.952336037225681
A,87,3+6,2,boneseg,0.578594927855348,-2.5210337672137335
A,87,3+6,2,sam2_bplus,0.6140228374270927,2.5542350499905684
A,87,3+6,2,intersection_sam2_bplus,0.5367014742014742,-3.923033389926429
A,87,3+6,2,sam2_large,0.6390972500313787,-0.8988241212349877
A,87,3+6,2,intersection_sam2_large,0.5339401048659497,-4.143117650757719
A,87,25+25,0,boneseg,0.6671687209909938,2.6083128969376848
A,87,25+25,0,sam2_bplus,0.2026227727713036,46.609318996415766
A,87,25+25,0,intersection_sam2_bplus,0.5962992350906148,-2.128277683455952
A,87,25+25,0,sam2_large,0.71488534488844,1.22027290448343
A,87,25+25,0,intersection_sam2_large,0.6900303937263637,-0.25831604099855454
A,87,25+25,1,boneseg,0.6638969310943833,4.12274413632648
A,87,25+25,1,sam2_bplus,0.19979416535140992,47.223542727787205
A,87,25+25,1,intersection_sam2_bplus,0.6007612398026595,-1.190215682575614
A,87,25+25,1,sam2_large,0.6547069540567757,-0.33440231402880016
A,87,25+25,1,intersection_sam2_large,0.6493418954134293,-1.0437024460793562
A,87,25+25,2,boneseg,0.601162696810658,9.211092246745897
A,87,25+25,2,sam2_bplus,0.4100431770536867,14.29390681003584
A,87,25+25,2,intersection_sam2_bplus,0.6437773098779687,0.2789410802993153
A,87,25+25,2,sam2_large,0.6315295758895015,-1.0258441803433307
A,87,25+25,2,intersection_sam2_large,0.626608085853706,-1.244922341696535
A,107,3+6,0,boneseg,0.5580994542351689,-2.074702886247879
A,107,3+6,0,sam2_bplus,0.6307764385195281,5.124064641891465
A,107,3+6,0,intersection_sam2_bplus,0.5709530483531885,-2.8681380871533673
A,107,3+6,0,sam2_large,0.6687830912164848,-0.674463937621832
A,107,3+6,0,intersection_sam2_large,0.5869847227295054,-4.432874300446457
A,107,3+6,1,boneseg,0.664023739973107,2.719486889266175
A,107,3+6,1,sam2_bplus,0.6670920792957872,5.355844809155506
A,107,3+6,1,intersection_sam2_bplus,0.7024260138471797,0.6812551090989114
A,107,3+6,1,sam2_large,0.7036798272509526,-0.40860215053763405
A,107,3+6,1,intersection_sam2_large,0.6848963660387999,-1.6561655033641447
A,107,3+6,2,boneseg,0.6991644916091291,1.952713324529963
A,107,3+6,2,sam2_bplus,0.655515030833782,0.3541470162862357
A,107,3+6,2,intersection_sam2_bplus,0.6849063822126203,-2.050179211469535
A,107,3+6,2,sam2_large,0.6769567276253186,-2.094950638244356
A,107,3+6,2,intersection_sam2_large,0.6735774844856219,-2.8209771741180916
A,107,25+25,0,boneseg,0.6419696272434422,6.203860906747153
A,107,25+25,0,sam2_bplus,0.4567992766726944,17.32427843803056
A,107,25+25,0,intersection_sam2_bplus,0.6721319838387136,0.24875809595673815
A,107,25+25,0,sam2_large,0.7115541874358694,-0.258441803433314
A,107,25+25,0,intersection_sam2_large,0.709888064661934,-0.7534427466515758
A,107,25+25,1,boneseg,0.5779100369828847,12.15229830849525
A,107,25+25,1,sam2_bplus,0.4715951376829571,17.166069295101554
A,107,25+25,1,intersection_sam2_bplus,0.6623538843006022,2.579387536942715
A,107,25+25,1,sam2_large,0.6940118377969944,-0.436395648619758
A,107,25+25,1,intersection_sam2_large,0.6979679347711286,-0.58881971954977
A,107,25+25,2,boneseg,0.6454413429724788,7.031000440168523
A,107,25+25,2,sam2_bplus,0.493748867010006,17.91523611897126
A,107,25+25,2,intersection_sam2_bplus,0.694226341021479,2.2488838583914976
A,107,25+25,2,sam2_large,0.660677977783649,-2.5077029491290954
A,107,25+25,2,intersection_sam2_large,0.6629463770457745,-2.6110796705024217
A,133,3+6,0,boneseg,0.635434152296658,-0.10262214676476056
A,133,3+6,0,sam2_bplus,0.4567518632363468,8.33754637489782
A,133,3+6,0,intersection_sam2_bplus,0.6366689412488794,-2.7310570332641646
A,133,3+6,0,sam2_large,0.6297719469771037,0.5948563164182854
A,133,3+6,0,intersection_sam2_large,0.6483886234416228,-2.1312959818902097
A,133,3+6,1,boneseg,0.5302825017974759,13.278375149342892
A,133,3+6,1,sam2_bplus,0.6546001032252842,3.3241526755957995
A,133,3+6,1,intersection_sam2_bplus,0.6376195196827732,2.0665283279884292
A,133,3+6,1,sam2_large,0.6527274398888991,4.460164748789536
A,133,3+6,1,intersection_sam2_large,0.6544008801760353,3.61768219832736
A,133,3+6,2,boneseg,0.5994953301654924,-2.3415707728101616
A,133,3+6,2,sam2_bplus,0.634489544895449,1.475319122178206
A,133,3+6,2,intersection_sam2_bplus,0.6057731399918688,-2.969754134440043
A,133,3+6,2,sam2_large,0.489725364383107,-3.3410048418537386
A,133,3+6,2,intersection_sam2_large,0.5007851406523397,-4.711060806137207
A,133,25+25,0,boneseg,0.5978236618888257,8.345720933157267
A,133,25+25,0,sam2_bplus,0.19414189628986764,53.82330377916116
A,133,25+25,0,intersection_sam2_bplus,0.5631234474326275,1.2016600641388422
A,133,25+25,0,sam2_large,0.6663648050129852,2.6343457209331564
A,133,25+25,0,intersection_sam2_large,0.6695621476481348,1.9825190215682582
A,133,25+25,1,boneseg,0.6606962480084141,2.6239074388480166
A,133,25+25,1,sam2_bplus,0.20270096727298878,51.917122555492675
A,133,25+25,1,intersection_sam2_bplus,0.6007588639882236,-1.709111488398415
A,133,25+25,1,sam2_large,0.6545664792309087,0.6567314343205677
A,133,25+25,1,intersection_sam2_large,0.6637237673110257,-0.561529271206691
A,133,25+25,2,boneseg,0.6467544142732009,0.29352952273156063
A,133,25+25,2,sam2_bplus,0.4537148505315981,8.243098786392505
A,133,25+25,2,intersection_sam2_bplus,0.6110766788069555,-3.4704143872225366
A,133,25+25,2,sam2_large,0.6363336115631512,-0.5866817581588375
A,133,25+25,2,intersection_sam2_large,0.6187487742694646,-2.2918946110796696
A,154,3+6,0,boneseg,0.651591007895438,-2.7227567125699554
A,154,3+6,0,sam2_bplus,0.6988200290766474,1.659812613972207
A,154,3+6,0,intersection_sam2_bplus,0.6481990933586043,-2.8753065459347296
A,154,3+6,0,sam2_large,0.6249207690682442,-1.6107652644155195
A,154,3+6,0,intersection_sam2_large,0.5954368057640348,-3.9016537760171035
A,154,3+6,1,boneseg,0.6198384072154585,9.989939005219142
A,154,3+6,1,sam2_bplus,0.29144328982691486,41.741558196566686
A,154,3+6,1,intersection_sam2_bplus,0.6636513313525482,5.923410677230709
A,154,3+6,1,sam2_large,0.7067952199073493,4.399044205495818
A,154,3+6,1,intersection_sam2_large,0.7294296932047877,3.1090989121549395
A,154,3+6,2,boneseg,0.5816367823534173,-3.5654907879016537
A,154,3+6,2,sam2_bplus,0.6846517604187511,3.223794252656731
A,154,3+6,2,intersection_sam2_bplus,0.5788413855285897,-3.9205181412312147
A,154,3+6,2,sam2_large,0.5794754172177975,-2.7833742061246305
A,154,3+6,2,intersection_sam2_large,0.5781678976064344,-4.396528956800604
A,154,25+25,0,boneseg,0.6517400167537442,5.314343205684462
A,154,25+25,0,sam2_bplus,0.36673918571468933,14.950638244356412
A,154,25+25,0,intersection_sam2_bplus,0.6306076478410726,-2.122366849022198
A,154,25+25,0,sam2_large,0.7224002809913727,2.257184179085707
A,154,25+25,0,intersection_sam2_large,0.7267156566511156,0.15242407093001376
A,154,25+25,1,boneseg,0.6588557502611118,6.4341319247940625
A,154,25+25,1,sam2_bplus,0.36305441880713973,15.451298497138904
A,154,25+25,1,intersection_sam2_bplus,0.6556543837357052,-1.7540086776079988
A,154,25+25,1,sam2_large,0.7361944298040424,0.5783814374646301
A,154,25+25,1,intersection_sam2_large,0.7380437289974251,-0.48632333521977067
A,154,25+25,2,boneseg,0.660403527595321,3.3705590140225112
A,154,25+25,2,sam2_bplus,0.17334657454465635,50.3853361001069
A,154,25+25,2,intersection_sam2_bplus,0.539617572803927,-2.7751996478651826
A,154,25+25,2,sam2_large,0.7224643892830437,0.028045022951644683
A,154,25+25,2,intersection_sam2_large,0.7048722361975374,-1.660567188580771
A,174,3+6,0,boneseg,0.7016333351301817,0.22964220587310535
A,174,3+6,0,sam2_bplus,0.6974154869262935,7.18103502483808
A,174,3+6,0,intersection_sam2_bplus,0.7157043879907621,-0.5390177953845185
A,174,3+6,0,sam2_large,0.6230519469526915,9.378482047412438
A,174,3+6,0,intersection_sam2_large,0.7065816866941816,-0.2205873105703322
A,174,3+6,1,boneseg,0.6870480162759635,6.788027416210779
A,174,3+6,1,sam2_bplus,0.6240030173661125,10.912029176884866
A,174,3+6,1,intersection_sam2_bplus,0.7274683862668376,2.735458718480791
A,174,3+6,1,sam2_large,0.7115012499284392,5.185059422750426
A,174,3+6,1,intersection_sam2_large,0.7422272788229849,1.304785260642646
A,174,3+6,2,boneseg,0.599390928389628,-5.136137835628498
A,174,3+6,2,sam2_bplus,0.7099289826551441,3.099666729547886
A,174,3+6,2,intersection_sam2_bplus,0.6053565516400156,-6.114946865371313
A,174,3+6,2,sam2_large,0.6770768905556382,4.359932088285229
A,174,3+6,2,intersection_sam2_large,0.6017691965908631,-5.972080739483116
A,174,25+25,0,boneseg,0.7013698845585229,4.21832358674464
A,174,25+25,0,sam2_bplus,0.5090473279592396,13.997484751304787
A,174,25+25,0,intersection_sam2_bplus,0.6949501598645853,-1.0194302961705333
A,174,25+25,0,sam2_large,0.7174961062078172,4.450858328617242
A,174,25+25,0,intersection_sam2_large,0.7225078874941263,0.3356599383764074
A,174,25+25,1,boneseg,0.6501903755619048,12.464063384267119
A,174,25+25,1,sam2_bplus,0.4985985967156374,12.347355844809156
A,174,25+25,1,intersection_sam2_bplus,0.6776794134647561,1.1709740300572218
A,174,25+25,1,sam2_large,0.7407181281145837,2.7192353643966545
A,174,25+25,1,intersection_sam2_large,0.7453620764312823,1.8577626862856071
A,174,25+25,2,boneseg,0.7030564113749761,-0.09105200276677294
A,174,25+25,2,sam2_bplus,0.5210121605027117,13.301012387599824
A,174,25+25,2,intersection_sam2_bplus,0.6995568042420165,-2.3414450103754003
A,174,25+25,2,sam2_large,0.719978881754858,1.7709866063006992
A,174,25+25,2,intersection_sam2_large,0.7190951080740384,-1.927309312708294
A,195,3+6,0,boneseg,0.6081097192789481,-3.006099478085897
A,195,3+6,0,sam2_bplus,0.5763273611943607,14.230522542916429
A,195,3+6,0,intersection_sam2_bplus,0.5985140503742435,-3.7644469596931405
A,195,3+6,0,sam2_large,0.6884143603318286,6.863610639501978
A,195,3+6,0,intersection_sam2_large,0.6067096397288987,-3.845186442809535
A,195,3+6,1,boneseg,0.5832793489304008,-0.17895994466453047
A,195,3+6,1,sam2_bplus,0.3726786402660885,52.0531975099038
A,195,3+6,1,intersection_sam2_bplus,0.5952937668410928,-1.1211721058919721
A,195,3+6,1,sam2_large,0.7104793730452259,6.595485128592088
A,195,3+6,1,intersection_sam2_large,0.6282259902365693,-4.250141482739107
A,195,3+6,2,boneseg,0.5146715594973449,-8.494120606174937
A,195,3+6,2,sam2_bplus,0.7031093216541818,4.150914921712882
A,195,3+6,2,intersection_sam2_bplus,0.5062884259677519,-9.256744010564045
A,195,3+6,2,sam2_large,0.6555106338025647,-0.5861787084197978
A,195,3+6,2,intersection_sam2_large,0.51007221223281,-9.547129472426587
A,195,25+25,0,boneseg,0.6662643297753402,9.514431239388795
A,195,25+25,0,sam2_bplus,0.3093740400413491,62.96007042696347
A,195,25+25,0,intersection_sam2_bplus,0.6392510073477127,5.680689178142487
A,195,25+25,0,sam2_large,0.720192647663096,3.7765201534301696
A,195,25+25,0,intersection_sam2_large,0.7094988047320352,1.2256806891781409
A,195,25+25,1,boneseg,0.660344329018597,4.7411180280450225
A,195,25+25,1,sam2_bplus,0.305807615528318,62.4468339307049
A,195,25+25,1,intersection_sam2_bplus,0.6230078061473411,1.4135697667106832
A,195,25+25,1,sam2_large,0.7157649471084393,4.775576935169465
A,195,25+25,1,intersection_sam2_large,0.6975354851431639,-1.26579890586682
A,195,25+25,2,boneseg,0.6364718831298779,14.569326542161857
A,195,25+25,2,sam2_bplus,0.3246420682102211,58.68704018109791
A,195,25+25,2,intersection_sam2_bplus,0.6218514920194309,9.600452744765139
A,195,25+25,2,sam2_large,0.7330530860156156,3.0968999559831474
A,195,25+25,2,intersection_sam2_large,0.7344979550845386,2.363076149154246
A,216,3+6,0,boneseg,0.5414322241203101,-4.119097025718419
A,216,3+6,0,sam2_bplus,0.5571506650663693,7.585109727724326
A,216,3+6,0,intersection_sam2_bplus,0.5459433371491478,-6.674841224926116
A,216,3+6,0,sam2_large,0.6125913450162159,6.970885996352887
A,216,3+6,0,intersection_sam2_large,0.5671218571772834,-6.8925359994969515
A,216,3+6,1,boneseg,0.5030996574116685,23.283531409168077
A,216,3+6,1,sam2_bplus,0.3320496312495145,68.64616738980067
A,216,3+6,1,intersection_sam2_bplus,0.5238028538121617,17.46211406652833
A,216,3+6,1,sam2_large,0.32558633131699033,76.74589700056593
A,216,3+6,1,intersection_sam2_large,0.5128705164885451,20.608941709111484
A,216,3+6,2,boneseg,0.4533624911042092,-11.520719361126833
A,216,3+6,2,sam2_bplus,0.5670537668779593,5.860152172546059
A,216,3+6,2,intersection_sam2_bplus,0.4467930725019572,-11.859649122807019
A,216,3+6,2,sam2_large,0.5515315196627363,-9.566874174684022
A,216,3+6,2,intersection_sam2_large,0.42296556767749627,-13.097906055461234
A,216,25+25,0,boneseg,0.5813723484073392,20.79683078664403
A,216,25+25,0,sam2_bplus,0.31761408718980866,67.83160409985537
A,216,25+25,0,intersection_sam2_bplus,0.5673706599003713,15.721058919700681
A,216,25+25,0,sam2_large,0.326232512111705,77.44186631453185
A,216,25+25,0,intersection_sam2_large,0.5811261517950261,20.279066842734075
A,216,25+25,1,boneseg,0.5782498905417927,11.20015091492171
A,216,25+25,1,sam2_bplus,0.318041503033669,66.86423945167579
A,216,25+25,1,intersection_sam2_bplus,0.5610026997454212,7.539709488775703
A,216,25+25,1,sam2_large,0.3294083840951815,76.46205118531094
A,216,25+25,1,intersection_sam2_large,0.5793828672360986,10.780984719864176
A,216,25+25,2,boneseg,0.5581757817087101,20.697855750487328
A,216,25+25,2,sam2_bplus,0.3166082148936965,66.18160095579451
A,216,25+25,2,intersection_sam2_bplus,0.543120829588791,15.811859397597935
A,216,25+25,2,sam2_large,0.58136927641783,-8.365968685153746
A,216,25+25,2,intersection_sam2_large,0.5814041713736532,-8.369490033327047
C,63,3+6,0,boneseg,0.7609456849090109,-0.42074275362318847
C,63,3+6,0,sam2_bplus,0.8528042429936215,0.2864300271739131
C,63,3+6,0,intersection_sam2_bplus,0.7945524540506619,-1.2082767210144931
C,63,3+6,0,sam2_large,0.4058516681732611,-3.764039855072464
C,63,3+6,0,intersection_sam2_large,0.38854203992159014,-3.875764266304348
C,63,3+6,1,boneseg,0.6900974910079657,3.5988168025362324
C,63,3+6,1,sam2_bplus,0.8382267929992238,-0.30751811594202927
C,63,3+6,1,intersection_sam2_bplus,0.8376827215298883,-0.40092844202898537
C,63,3+6,1,sam2_large,0.6947357264459032,-2.0441576086956523
C,63,3+6,1,intersection_sam2_large,0.694628813283844,-2.056697237318841
C,63,3+6,2,boneseg,0.7376384680046547,-1.1281419836956523
C,63,3+6,2,sam2_bplus,0.7385149036531513,-1.5650475543478262
C,63,3+6,2,intersection_sam2_bplus,0.7076353029287713,-1.9732223731884062
C,63,3+6,2,sam2_large,0.6883363924578675,-2.1084692028985508
C,63,3+6,2,intersection_sam2_large,0.6798336657305276,-2.2449615036231885
C,63,25+25,0,boneseg,0.686760129878915,2.7999886775362324
C,63,25+25,0,sam2_bplus,0.3918783978697437,14.411684782608695
C,63,25+25,0,intersection_sam2_bplus,0.811324084488122,0.15605185688405765
C,63,25+25,0,sam2_large,0.8101406376642926,-1.0562443387681162
C,63,25+25,0,intersection_sam2_large,0.8088962452034282,-1.0818897192028984
C,63,25+25,1,boneseg,0.8199622845567063,-0.27827785326087007
C,63,25+25,1,sam2_bplus,0.7283505877460628,1.1174139492753623
C,63,25+25,1,intersection_sam2_bplus,0.8023790583204893,-1.4812613224637685
C,63,25+25,1,sam2_large,0.7896079739097979,-1.3380887681159424
C,63,25+25,1,intersection_sam2_large,0.7814114563833771,-1.5177196557971016
C,63,25+25,2,boneseg,0.7679090315314157,0.417346014492753
C,63,25+25,2,sam2_bplus,0.4932654670585705,9.151721014492754
C,63,25+25,2,intersection_sam2_bplus,0.8266605836814417,-0.6632982336956523
C,63,25+25,2,sam2_large,0.7159844375034249,-1.8089051177536235
C,63,25+25,2,intersection_sam2_large,0.7129804703688355,-1.84765625
C,115,3+6,0,boneseg,0.6717690159236824,3.7840240036231894
C,115,3+6,0,sam2_bplus,0.6800246669858401,4.104421422101449
C,115,3+6,0,intersection_sam2_bplus,0.8754450718225743,0.15961843297101463
C,115,3+6,0,sam2_large,0.6785226306899482,-2.369593523550724
C,115,3+6,0,intersection_sam2_large,0.6783761677213828,-2.372395833333333
C,115,3+6,1,boneseg,0.5226157135134695,0.15763700181159468
C,115,3+6,1,sam2_bplus,0.8340879328670672,-0.6222259963768115
C,115,3+6,1,intersection_sam2_bplus,0.6549365529313879,-2.403957201086956
C,115,3+6,1,sam2_large,0.6516009307652717,-2.452955163043478
C,115,3+6,1,intersection_sam2_large,0.5670160557879186,-3.000934103260869
C,115,3+6,2,boneseg,0.582992286562526,6.060235507246377
C,115,3+6,2,sam2_bplus,0.6969705283373255,3.150050951086957
C,115,3+6,2,intersection_sam2_bplus,0.8757019036997906,-0.13538836050724612
C,115,3+6,2,sam2_large,0.5900539084560752,-2.6542968749999996
C,115,3+6,2,intersection_sam2_large,0.5808752417794971,-2.769927536231884
C,115,25+25,0,boneseg,0.7977559316029452,-0.9940840126811592
C,115,25+25,0,sam2_bplus,0.5727294243181554,3.8500339673913047
C,115,25+25,0,intersection_sam2_bplus,0.7676890654827088,-1.7067764945652169
C,115,25+25,0,sam2_large,0.7404719415678755,-1.7289968297101446
C,115,25+25,0,intersection_sam2_large,0.6792663897340164,-2.317312047101449
C,115,25+25,1,boneseg,0.8151399072951256,-0.27207880434782616
C,115,25+25,1,sam2_bplus,0.5604238234466768,3.0200407608695663
C,115,25+25,1,intersection_sam2_bplus,0.7597923203744084,-1.7468297101449273
C,115,25+25,1,sam2_large,0.6857254373203704,-2.2851562499999996
C,115,25+25,1,intersection_sam2_large,0.6631092112078084,-2.502094655797101
C,115,25+25,2,boneseg,0.747954006644414,0.5666043931159424
C,115,25+25,2,sam2_bplus,0.4974647324042907,7.573341259057971
C,115,25+25,2,intersection_sam2_bplus,0.8089815469035319,-1.0083503170289854
C,115,25+25,2,sam2_large,0.6676468821019966,-2.2539911684782603
C,115,25+25,2,intersection_sam2_large,0.6630599036295726,-2.3204257246376807
C,166,3+6,0,boneseg,0.6746547724319545,2.887426403985507
C,166,3+6,0,sam2_bplus,0.7675755769943147,0.3402400362318838
C,166,3+6,0,intersection_sam2_bplus,0.7653210796704616,-0.18237658514492772
C,166,3+6,0,sam2_large,0.5282006433155952,-2.566293025362319
C,166,3+6,0,intersection_sam2_large,0.5213256538570484,-2.7100033967391304
C,166,3+6,1,boneseg,0.5473729334060998,5.510841259057972
C,166,3+6,1,sam2_bplus,0.7604045583426579,0.21767436594202927
C,166,3+6,1,intersection_sam2_bplus,0.7749584468931707,-0.08888134057970998
C,166,3+6,1,sam2_large,0.4654773561572761,-2.948794157608696
C,166,3+6,1,intersection_sam2_large,0.46500987182299663,-2.978996829710145
C,166,3+6,2,boneseg,0.5357534851201288,-2.9579087409420293
C,166,3+6,2,sam2_bplus,0.662275039515401,-1.0178045742753623
C,166,3+6,2,intersection_sam2_bplus,0.5119241558524122,-3.0808423913043477
C,166,3+6,2,sam2_large,0.5632115162514436,-1.96971240942029
C,166,3+6,2,intersection_sam2_large,0.49191764230924506,-3.19333106884058
C,166,25+25,0,boneseg,0.7359670106725319,0.07798346920289845
C,166,25+25,0,sam2_bplus,0.6182349074399957,4.995725769927536
C,166,25+25,0,intersection_sam2_bplus,0.7771847305814891,-0.6481544384057969
C,166,25+25,0,sam2_large,0.7714339262591153,-0.23669610507246386
C,166,25+25,0,intersection_sam2_large,0.7522099248703772,-1.1586560235507246
C,166,25+25,1,boneseg,0.7457297659060377,1.2993659420289854
C,166,25+25,1,sam2_bplus,0.6048736819994149,4.214079483695651
C,166,25+25,1,intersection_sam2_bplus,0.7994428009305798,-0.34941123188405765
C,166,25+25,1,sam2_large,0.768374551592018,0.2267889492753623
C,166,25+25,1,intersection_sam2_large,0.7769860090798926,-0.4408967391304346
C,166,25+25,2,boneseg,0.6795839641620175,0.7139379528985508
C,166,25+25,2,sam2_bplus,0.6236132659846249,4.354166666666667
C,166,25+25,2,intersection_sam2_bplus,0.7660001913326318,-0.7364696557971016
C,166,25+25,2,sam2_large,0.7261283441875241,-0.22537364130434767
C,166,25+25,2,intersection_sam2_large,0.7229463594379784,-0.9557574728260869
C,218,3+6,0,boneseg,0.6850329463445246,-0.5307404891304346
C,218,3+6,0,sam2_bplus,0.4792348542321448,7.923177083333334
C,218,3+6,0,intersection_sam2_bplus,0.7130787399928932,-0.9767040307971016
C,218,3+6,0,sam2_large,0.5964022048434919,-2.057801177536232
C,218,3+6,0,intersection_sam2_large,0.5956228267539374,-2.073737545289855
C,218,3+6,1,boneseg,0.6397427457335292,-1.0401381340579712
C,218,3+6,1,sam2_bplus,0.7268921383929906,-0.17498867753623193
C,218,3+6,1,intersection_sam2_bplus,0.6314224847060069,-1.3300215126811592
C,218,3+6,1,sam2_large,0.4813740113861457,-1.8458729619565215
C,218,3+6,1,intersection_sam2_large,0.4707015200020166,-2.133010643115942
C,218,3+6,2,boneseg,0.7442934407509192,1.2750792572463765
C,218,3+6,2,sam2_bplus,0.22772343665316025,25.155683876811594
C,218,3+6,2,intersection_sam2_bplus,0.7865725054768611,0.5733129528985503
C,218,3+6,2,sam2_large,0.6305614540674452,1.2102015398550727
C,218,3+6,2,intersection_sam2_large,0.7589279102668532,-0.4847995923913042
C,218,25+25,0,boneseg,0.8361752376224953,-0.44845448369565233
C,218,25+25,0,sam2_bplus,0.41231629338825676,6.44919044384058
C,218,25+25,0,intersection_sam2_bplus,0.7568547338073041,-1.110648777173913
C,218,25+25,0,sam2_large,0.8815280143334292,-0.06951992753623193
C,218,25+25,0,intersection_sam2_large,0.8391896722279026,-0.9373867753623188
C,218,25+25,1,boneseg,0.7621654215079606,-1.128594882246377
C,218,25+25,1,sam2_bplus,0.4423750569334603,5.924762228260869
C,218,25+25,1,intersection_sam2_bplus,0.7166311377030973,-1.4271399456521738
C,218,25+25,1,sam2_large,0.8245472837022133,-0.7135982789855073
C,218,25+25,1,intersection_sam2_large,0.7379928609901496,-1.5464221014492754
C,218,25+25,2,boneseg,0.8118027986172959,-0.24688632246376807
C,218,25+25,2,sam2_bplus,0.46664584806708487,4.5798799818840585
C,218,25+25,2,intersection_sam2_bplus,0.7483355640576517,-1.170431385869565
C,218,25+25,2,sam2_large,0.7984759965348628,-0.8531759510869565
C,218,25+25,2,intersection_sam2_large,0.7610764832276739,-1.3716598731884058
C,270,3+6,0,boneseg,0.6931831020634546,1.5390058876811594
C,270,3+6,0,sam2_bplus,0.13869261185646345,24.625877490942027
C,270,3+6,0,intersection_sam2_bplus,0.727408940486585,1.279042119565217
C,270,3+6,0,sam2_large,0.7293327082356619,0.37432065217391286
C,270,3+6,0,intersection_sam2_large,0.7357446836500451,0.3305876358695652
C,270,3+6,1,boneseg,0.7241214646957956,1.2435461956521736
C,270,3+6,1,sam2_bplus,0.7589702122328582,0.9979902626811594
C,270,3+6,1,intersection_sam2_bplus,0.8024198754403546,0.631255661231884
C,270,3+6,1,sam2_large,0.7365984887447087,0.32014266304347827
C,270,3+6,1,intersection_sam2_large,0.754995638047219,0.1478996829710144
C,270,3+6,2,boneseg,0.6971860680853457,0.054913949275362084
C,270,3+6,2,sam2_bplus,0.6658457336885291,0.6705446105072463
C,270,3+6,2,intersection_sam2_bplus,0.706689659103865,-0.000452898550724834
C,270,3+6,2,sam2_large,0.6610715780661365,0.08457880434782594
C,270,3+6,2,intersection_sam2_large,0.6851359993980662,-0.21079596920289867
C,270,25+25,0,boneseg,0.8056433210461647,-0.1025815217391306
C,270,25+25,0,sam2_bplus,0.20815522260881913,11.972599637681158
C,270,25+25,0,intersection_sam2_bplus,0.7565409922973774,-0.3420516304347827
C,270,25+25,0,sam2_large,0.729851168859946,0.6259624094202898
C,270,25+25,0,intersection_sam2_large,0.7796278158667973,-0.2446501358695654
C,270,25+25,1,boneseg,0.7841181165203511,0.283288043478261
C,270,25+25,1,sam2_bplus,0.2548268961740408,6.933225769927536
C,270,25+25,1,intersection_sam2_bplus,0.7016140264000866,-0.3144814311594204
C,270,25+25,1,sam2_large,0.7633324378376765,0.7685971467391302
C,270,25+25,1,intersection_sam2_large,0.7877757499635687,0.10628962862318825
C,270,25+25,2,boneseg,0.694922785153075,1.251075634057971
C,270,25+25,2,sam2_bplus,0.2819900852622833,6.179404438405798
C,270,25+25,2,intersection_sam2_bplus,0.6943578751427806,0.041723278985507095
C,270,25+25,2,sam2_large,0.6757051581736013,0.38654891304347827
C,270,25+25,2,intersection_sam2_large,0.6853195941829355,0.3015172101449275
C,334,3+6,0,boneseg,0.7447035206474384,2.2918081974637685
C,334,3+6,0,sam2_bplus,0.874307766020272,0.056584012681159646
C,334,3+6,0,intersection_sam2_bplus,0.8855368301746138,-0.12214107789855078
C,334,3+6,0,sam2_large,0.5857091190906742,-2.0858242753623184
C,334,3+6,0,intersection_sam2_large,0.5835929494809402,-2.0947690217391304
C,334,3+6,1,boneseg,0.7399007254677358,-0.15109827898550687
C,334,3+6,1,sam2_bplus,0.8793328706160944,0.7551517210144931
C,334,3+6,1,intersection_sam2_bplus,0.7944134691276216,-0.8579879981884058
C,334,3+6,1,sam2_large,0.6220989302149531,-1.8809442934782608
C,334,3+6,1,intersection_sam2_large,0.619248000564428,-1.9476619112318838
C,334,3+6,2,boneseg,0.6206406923084303,-1.6637228260869565
C,334,3+6,2,sam2_bplus,0.8115890183358971,-0.4431329257246377
C,334,3+6,2,intersection_sam2_bplus,0.6231429293755484,-1.8543081974637678
C,334,3+6,2,sam2_large,0.6139452709349716,-1.9248754528985506
C,334,3+6,2,intersection_sam2_large,0.5463565430315134,-2.235309103260869
C,334,25+25,0,boneseg,0.8636082060999162,-0.5732280344202896
C,334,25+25,0,sam2_bplus,0.4564098466407722,6.959663722826087
C,334,25+25,0,intersection_sam2_bplus,0.8361742424242424,-0.9286118659420288
C,334,25+25,0,sam2_large,0.8768756196111114,-0.39784307065217384
C,334,25+25,0,intersection_sam2_large,0.8280065727780311,-0.9840353260869565
C,334,25+25,1,boneseg,0.8588875346081509,-0.5509510869565215
C,334,25+25,1,sam2_bplus,0.5024978481375841,5.852864583333333
C,334,25+25,1,intersection_sam2_bplus,0.8435177206216332,-0.896314538043478
C,334,25+25,1,sam2_large,0.8615121360290737,-0.48445991847826075
C,334,25+25,1,intersection_sam2_large,0.8063184158276668,-1.1205276268115942
C,334,25+25,2,boneseg,0.8633979718911226,0.3909646739130439
C,334,25+25,2,sam2_bplus,0.5528902851262153,3.932659646739131
C,334,25+25,2,intersection_sam2_bplus,0.860869636129369,-0.6223392210144927
C,334,25+25,2,sam2_large,0.8655337924926658,-0.405117753623188
C,334,25+25,2,intersection_sam2_large,0.8577257508575942,-0.68263134057971
C,386,3+6,0,boneseg,0.7884964739506483,0.21379642210144922
C,386,3+6,0,sam2_bplus,0.5918967335558156,-2.9027400362318843
C,386,3+6,0,intersection_sam2_bplus,0.5909789145714078,-2.9269701086956523
C,386,3+6,0,sam2_large,0.38548597933797174,-4.027230525362319
C,386,3+6,0,intersection_sam2_large,0.3854716320582417,-4.029183650362319
C,386,3+6,1,boneseg,0.6626439818239459,-0.02558876811594235
C,386,3+6,1,sam2_bplus,0.8267440028413567,-0.14025701992753614
C,386,3+6,1,intersection_sam2_bplus,0.6892273236282195,-1.8929461050724639
C,386,3+6,1,sam2_large,0.49578938762161723,-3.4695708786231885
C,386,3+6,1,intersection_sam2_large,0.4656005237566767,-3.64939990942029
C,386,3+6,2,boneseg,0.7504890274006046,-1.34859035326087
C,386,3+6,2,sam2_bplus,0.6867484579407578,-2.3880208333333335
C,386,3+6,2,intersection_sam2_bplus,0.6345890252455666,-2.7893738677536235
C,386,3+6,2,sam2_large,0.5188513016791719,-3.4627774003623193
C,386,3+6,2,intersection_sam2_large,0.5139279245518706,-3.4886775362318843
C,386,25+25,0,boneseg,0.7747516774230059,0.7643512228260869
C,386,25+25,0,sam2_bplus,0.4876175314660962,6.329427083333334
C,386,25+25,0,intersection_sam2_bplus,0.7543472763732807,-1.1131680253623193
C,386,25+25,0,sam2_large,0.7306025217933758,-1.982591711956522
C,386,25+25,0,intersection_sam2_large,0.7250965756563871,-2.0936367753623193
C,386,25+25,1,boneseg,0.7821415604137569,-0.05947124094202927
C,386,25+25,1,sam2_bplus,0.5635623059035711,0.43461277173912993
C,386,25+25,1,intersection_sam2_bplus,0.6280716396440409,-2.3967108242753628
C,386,25+25,1,sam2_large,0.7421481982883819,-1.8328521286231885
C,386,25+25,1,intersection_sam2_large,0.7024238919327287,-2.272333559782609
C,386,25+25,2,boneseg,0.786203479122656,0.11339447463768071
C,386,25+25,2,sam2_bplus,0.5977096922460076,0.8379755434782608
C,386,25+25,2,intersection_sam2_bplus,0.6785159519211669,-2.04780910326087
C,386,25+25,2,sam2_large,0.7267651285012237,-2.111696105072464
C,386,25+25,2,intersection_sam2_large,0.7055048268562126,-2.2895720108695654
C,438,3+6,0,boneseg,0.4679200096431377,10.139011548913043
C,438,3+6,0,sam2_bplus,0.7361107678110916,2.51171875
C,438,3+6,0,intersection_sam2_bplus,0.7864522692188215,0.7064934329710146
C,438,3+6,0,sam2_large,0.35985985985985985,-4.104449728260869
C,438,3+6,0,intersection_sam2_large,0.3535315910683889,-4.163128396739131
C,438,3+6,1,boneseg,0.6629538516849145,-2.7272701539855073
C,438,3+6,1,sam2_bplus,0.8215028613162979,1.0167006340579707
C,438,3+6,1,intersection_sam2_bplus,0.6576105886450714,-2.778702445652174
C,438,3+6,1,sam2_large,0.6215062229355298,-2.817680027173913
C,438,3+6,1,intersection_sam2_large,0.5300810611643331,-3.5481770833333335
C,438,3+6,2,boneseg,0.6047584587437788,-1.647276947463768
C,438,3+6,2,sam2_bplus,0.5996785936419634,-2.2649739583333335
C,438,3+6,2,intersection_sam2_bplus,0.5152879038498399,-3.2558876811594204
C,438,3+6,2,sam2_large,0.4790689519133827,-3.4814877717391304
C,438,3+6,2,intersection_sam2_large,0.46555849719337794,-3.671393795289855
C,438,25+25,0,boneseg,0.8344903868858978,0.15752377717391308
C,438,25+25,0,sam2_bplus,0.5463668426417488,0.23836616847826075
C,438,25+25,0,intersection_sam2_bplus,0.65088305425852,-2.707087862318841
C,438,25+25,0,sam2_large,0.8593374916495171,0.3370980525362315
C,438,25+25,0,intersection_sam2_large,0.8492932521127364,-0.6729506340579707
C,438,25+25,1,boneseg,0.8212970326036915,-0.4093636775362315
C,438,25+25,1,sam2_bplus,0.626253664400224,2.6159420289855078
C,438,25+25,1,intersection_sam2_bplus,0.7709020033259621,-1.7325634057971016
C,438,25+25,1,sam2_large,0.844233001405095,-0.11022418478260843
C,438,25+25,1,intersection_sam2_large,0.810649599565784,-1.2174196105072461
C,438,25+25,2,boneseg,0.7704003370349566,-0.74903759057971
C,438,25+25,2,sam2_bplus,0.5711974175001305,2.869451992753623
C,438,25+25,2,intersection_sam2_bplus,0.704851385613394,-2.2766077898550723
C,438,25+25,2,sam2_large,0.847133726280186,0.15115489130434767
C,438,25+25,2,intersection_sam2_large,0.7782700828356771,-1.3856714221014492
C,489,3+6,0,boneseg,0.8357927335027294,0.9118263134057978
C,489,3+6,0,sam2_bplus,0.6012051742146282,5.908401268115942
C,489,3+6,0,intersection_sam2_bplus,0.8395301004667353,-0.917346014492753
C,489,3+6,0,sam2_large,0.6401801440260406,-3.8035269474637676
C,489,3+6,0,intersection_sam2_large,0.6350877280467949,-3.877349411231884
C,489,3+6,1,boneseg,0.7784989827499972,-0.17612092391304301
C,489,3+6,1,sam2_bplus,0.6892914883499762,-3.324501811594202
C,489,3+6,1,intersection_sam2_bplus,0.6657347281616419,-3.58692821557971
C,489,3+6,1,sam2_large,0.5448674416794389,-4.684527853260869
C,489,3+6,1,intersection_sam2_large,0.5371436595983711,-4.748528079710145
C,489,3+6,2,boneseg,0.7991494760681659,-1.5316745923913038
C,489,3+6,2,sam2_bplus,0.7418798552346547,2.0705389492753623
C,489,3+6,2,intersection_sam2_bplus,0.7823105354468163,-2.0958729619565215
C,489,3+6,2,sam2_large,0.5747425774094389,-4.382529438405797
C,489,3+6,2,intersection_sam2_large,0.5579171432202313,-4.538496376811594
C,489,25+25,0,boneseg,0.8426334062537413,0.3747169384057978
C,489,25+25,0,sam2_bplus,0.0650254928631644,26.03631680253623
C,489,25+25,0,intersection_sam2_bplus,0.2244219154994318,-6.362432065217391
C,489,25+25,0,sam2_large,0.7874791311879428,-1.7001245471014492
C,489,25+25,0,intersection_sam2_large,0.7774968092068786,-2.211588541666666
C,489,25+25,1,boneseg,0.781412723810503,-2.0151437952898545
C,489,25+25,1,sam2_bplus,0.5255561203020673,3.537788722826087
C,489,25+25,1,intersection_sam2_bplus,0.6567362386844028,-3.7199671648550723
C,489,25+25,1,sam2_large,0.6928933891448215,-3.1255095108695645
C,489,25+25,1,intersection_sam2_large,0.6556478949711161,-3.6563066123188404
C,489,25+25,2,boneseg,0.8261764363936012,-1.3523267663043477
C,489,25+25,2,sam2_bplus,0.5547854951466077,4.468325407608696
C,489,25+25,2,intersection_sam2_bplus,0.7446712862475139,-2.7627943840579707
C,489,25+25,2,sam2_large,0.6439658426700157,-3.757557744565217
C,489,25+25,2,intersection_sam2_large,0.6300155965557188,-3.9414062499999996
C,541,3+6,0,boneseg,0.7775243609275903,-1.1654495018115947
C,541,3+6,0,sam2_bplus,0.8146567244302745,0.5041893115942031
C,541,3+6,0,intersection_sam2_bplus,0.7845219088667866,-1.7383661684782616
C,541,3+6,0,sam2_large,0.7585372035728407,-2.8311537590579716
C,541,3+6,0,intersection_sam2_large,0.7138599453066914,-3.427790987318841
C,541,3+6,1,boneseg,0.7247417262130121,0.928413722826086
C,541,3+6,1,sam2_bplus,0.5866697314387083,9.808848505434781
C,541,3+6,1,intersection_sam2_bplus,0.7708988705200496,-0.57614356884058
C,541,3+6,1,sam2_large,0.7345677622001036,-2.9666836503623193
C,541,3+6,1,intersection_sam2_large,0.7249025401633848,-3.1110733695652177
C,541,3+6,2,boneseg,0.6973120904385578,-2.2380831068840585
C,541,3+6,2,sam2_bplus,0.492890848999376,12.559980751811594
C,541,3+6,2,intersection_sam2_bplus,0.7041261726191912,-2.7055027173913047
C,541,3+6,2,sam2_large,0.7568555325298253,-2.462267889492754
C,541,3+6,2,intersection_sam2_large,0.6994611837080856,-3.3735846920289863
C,541,25+25,0,boneseg,0.8175543368053781,1.4954993206521738
C,541,25+25,0,sam2_bplus,0.4909902512175882,4.236809329710145
C,541,25+25,0,intersection_sam2_bplus,0.7158176112971428,-3.088117074275363
C,541,25+25,0,sam2_large,0.8092605516058213,-1.2153532608695654
C,541,25+25,0,intersection_sam2_large,0.8019926159494748,-1.5567538496376816
C,541,25+25,1,boneseg,0.750835117019076,2.5038779438405783
C,541,25+25,1,sam2_bplus,0.4963064593041252,10.27740036231884
C,541,25+25,1,intersection_sam2_bplus,0.7866032558581416,-1.5955332880434785
C,541,25+25,1,sam2_large,0.7374717241127011,-2.8633661684782616
C,541,25+25,1,intersection_sam2_large,0.7360775804989355,-2.896824048913044
C,541,25+25,2,boneseg,0.8202210875643102,-0.7637850996376816
C,541,25+25,2,sam2_bplus,0.6055777995091979,1.6185461956521738
C,541,25+25,2,intersection_sam2_bplus,0.7225544918768905,-3.174507472826088
C,541,25+25,2,sam2_large,0.7231170488468303,-3.127009737318841
C,541,25+25,2,intersection_sam2_large,0.7078427653071978,-3.3609035326086962
D,48,3+6,0,boneseg,0.7387272302165919,0.5288380385997664
D,48,3+6,0,sam2_bplus,0.7103978633265795,1.1771531414709937
D,48,3+6,0,intersection_sam2_bplus,0.7722200112563022,-0.4955481155645485
D,48,3+6,0,sam2_large,0.5003735785021401,-2.9277246482927457
D,48,3+6,0,intersection_sam2_large,0.4939353304361863,-2.9954111774996783
D,48,3+6,1,boneseg,0.750621867550224,-0.9207380123300153
D,48,3+6,1,sam2_bplus,0.6408119844593527,0.12975021379106
D,48,3+6,1,intersection_sam2_bplus,0.6685933568777244,-1.8010429650165158
D,48,3+6,1,sam2_large,0.4266409266409266,-3.3188868332653296
D,48,3+6,1,intersection_sam2_large,0.415407346321685,-3.482944224287782
D,48,3+6,2,boneseg,0.5561624124758073,6.558193088260774
D,48,3+6,2,sam2_bplus,0.3280905871029591,7.536456266453531
D,48,3+6,2,intersection_sam2_bplus,0.4996852379542232,1.4105850329489753
D,48,3+6,2,sam2_large,0.34486121806735,-3.6170093844494247
D,48,3+6,2,intersection_sam2_large,0.3396274896647125,-3.637891042014834
D,48,25+25,0,boneseg,0.7521671639265474,-0.4766003588336236
D,48,25+25,0,sam2_bplus,0.08353557071225894,24.41895222817794
D,48,25+25,0,intersection_sam2_bplus,0.329795035812424,-3.7857170803686704
D,48,25+25,0,sam2_large,0.7726339291540074,-0.5668118023843993
D,48,25+25,0,intersection_sam2_large,0.7507535118689419,-1.3331395706293003
D,48,25+25,1,boneseg,0.7876345555766392,0.4377658414983818
D,48,25+25,1,sam2_bplus,0.49888369936944366,6.939070945096219
D,48,25+25,1,intersection_sam2_bplus,0.7743544378448965,-0.7016482871563277
D,48,25+25,1,sam2_large,0.7440115399762769,-0.3957007036939739
D,48,25+25,1,intersection_sam2_large,0.7486356869112052,-1.0319317210040637
D,48,25+25,2,boneseg,0.7593070923643978,2.011379832656096
D,48,25+25,2,sam2_bplus,0.08181621791472732,13.34779473822472
D,48,25+25,2,intersection_sam2_bplus,0.2565362772873038,-3.948567180696763
D,48,25+25,2,sam2_large,0.811952205247244,0.8169892629378523
D,48,25+25,2,intersection_sam2_large,0.8272084451521664,0.04916355994254218
D,72,3+6,0,boneseg,0.7513698362018173,-1.6911571545946913
D,72,3+6,0,sam2_bplus,0.810505200795984,1.1761806017449814
D,72,3+6,0,intersection_sam2_bplus,0.7430907971581172,-2.0787310033368174
D,72,3+6,0,sam2_large,0.4915752517393485,-4.135887274820723
D,72,3+6,0,intersection_sam2_large,0.4450196139690782,-4.527217139056413
D,72,3+6,1,boneseg,0.7006316072388461,2.1448189902354784
D,72,3+6,1,sam2_bplus,0.6005223572590002,-2.509029528318233
D,72,3+6,1,intersection_sam2_bplus,0.5919596784404495,-2.7634660421545667
D,72,3+6,1,sam2_large,0.5274247970985272,-3.6248455953452234
D,72,3+6,1,intersection_sam2_large,0.5237670138314873,-3.699641725307831
D,72,3+6,2,boneseg,0.5692047908262656,-1.7131790311492177
D,72,3+6,2,sam2_bplus,0.6737644588604499,2.0255431410797424
D,72,3+6,2,intersection_sam2_bplus,0.6011306240021818,-2.9905820147222393
D,72,3+6,2,sam2_large,0.2551445371747073,-5.347481736933593
D,72,3+6,2,intersection_sam2_large,0.25426099523416174,-5.371694622526032
D,72,25+25,0,boneseg,0.8102859016760581,1.1478539848976865
D,72,25+25,0,sam2_bplus,0.6754100128445617,0.026057357486600097
D,72,25+25,0,intersection_sam2_bplus,0.7422453621837946,-1.9233817553783128
D,72,25+25,0,sam2_large,0.790409022475741,-1.1561373404951016
D,72,25+25,0,intersection_sam2_large,0.7820388951073328,-1.7327416118448626
D,72,25+25,1,boneseg,0.799138396985991,1.131980347990365
D,72,25+25,1,sam2_bplus,0.05515677442636331,9.41353618797963
D,72,25+25,1,intersection_sam2_bplus,0.16321078883585094,-5.739493496839246
D,72,25+25,1,sam2_large,0.7328062019287478,-1.8348135686059708
D,72,25+25,1,intersection_sam2_large,0.713917987983312,-2.418683941356972
D,72,25+25,2,boneseg,0.7622194785387465,1.0243861541643131
D,72,25+25,2,sam2_bplus,0.6795476412587419,0.14940222342702913
D,72,25+25,2,intersection_sam2_bplus,0.7155429872991714,-2.119499421506542
D,72,25+25,2,sam2_large,0.7955474129761829,0.44270679045122385
D,72,25+25,2,intersection_sam2_large,0.7716694430877428,-0.9038024067563564
D,104,3+6,0,boneseg,0.5772840133151605,-0.7434563167573067
D,104,3+6,0,sam2_bplus,0.7477686250835751,-0.26162436491479113
D,104,3+6,0,intersection_sam2_bplus,0.6475281632172498,-3.024810941630848
D,104,3+6,0,sam2_large,0.4412718890286682,-4.628227127151185
D,104,3+6,0,intersection_sam2_large,0.42084451487246916,-4.924136312062288
D,104,3+6,1,boneseg,0.589047794679091,6.2380598391396935
D,104,3+6,1,sam2_bplus,0.647744053296408,-0.18522969264390987
D,104,3+6,1,intersection_sam2_bplus,0.6709305288007728,-1.840469949081398
D,104,3+6,1,sam2_large,0.5063699895573942,-4.297038225282678
D,104,3+6,1,intersection_sam2_large,0.5004555602695804,-4.394918200466148
D,104,3+6,2,boneseg,0.7185254730925028,-0.9769999944106909
D,104,3+6,2,sam2_bplus,0.7127132418039828,-0.502993074846434
D,104,3+6,2,intersection_sam2_bplus,0.706043626775334,-2.1000150911336792
D,104,3+6,2,sam2_large,0.20677239034039763,-5.9913365714062135
D,104,3+6,2,intersection_sam2_large,0.20340247223968155,-6.035089680459217
D,104,25+25,0,boneseg,0.6884617546989944,4.055188834796801
D,104,25+25,0,sam2_bplus,0.07499424451777355,12.910375433870094
D,104,25+25,0,intersection_sam2_bplus,0.1881079760596067,-4.886486728186325
D,104,25+25,0,sam2_large,0.7255633141894677,-1.972545315320854
D,104,25+25,0,intersection_sam2_large,0.7215964523281596,-2.1907631083263928
D,104,25+25,1,boneseg,0.7210131648520725,1.6695600655066984
D,104,25+25,1,sam2_bplus,0.6378333545793846,-0.18312811254632155
D,104,25+25,1,intersection_sam2_bplus,0.6890242180661315,-2.161922275072242
D,104,25+25,1,sam2_large,0.6463344708266803,-2.808963015543868
D,104,25+25,1,intersection_sam2_large,0.630698700903737,-3.158361885385634
D,104,25+25,2,boneseg,0.7261413450229873,1.1218525204987904
D,104,25+25,2,sam2_bplus,0.07132832240222003,4.870233018282629
D,104,25+25,2,intersection_sam2_bplus,0.0777609391517768,-6.477707041970119
D,104,25+25,2,sam2_large,0.7718019723292041,-1.435669850709563
D,104,25+25,2,intersection_sam2_large,0.7608326167138377,-1.8971231827759851
D,168,3+6,0,boneseg,0.7030756384254059,5.5117515216893125
D,168,3+6,0,sam2_bplus,0.8268402566456577,-0.8713285228015852
D,168,3+6,0,intersection_sam2_bplus,0.8178143268527578,-1.289241139548273
D,168,3+6,0,sam2_large,0.3108548053179018,-7.006299150983999
D,168,3+6,0,intersection_sam2_large,0.3111414862642359,-7.022586396740316
D,168,3+6,1,boneseg,0.7763007759014149,1.3835327785012819
D,168,3+6,1,sam2_bplus,0.8551532408024344,0.07699831761805953
D,168,3+6,1,intersection_sam2_bplus,0.8385060405631709,-1.0016935605573671
D,168,3+6,1,sam2_large,0.5512242959675605,-5.192780848792431
D,168,3+6,1,intersection_sam2_large,0.5426292254416752,-5.333463750537971
D,168,3+6,2,boneseg,0.44283596041456175,19.65053405845299
D,168,3+6,2,sam2_bplus,0.8522109005798232,0.3016885301794723
D,168,3+6,2,intersection_sam2_bplus,0.8279564789513385,-0.30855220134925965
D,168,3+6,2,sam2_large,0.4500373864189405,-6.220364087573291
D,168,3+6,2,intersection_sam2_large,0.44358708138405983,-6.270097757010391
D,168,25+25,0,boneseg,0.8198252720178515,1.0365708472833166
D,168,25+25,0,sam2_bplus,0.7858174841339339,0.5679743786085965
D,168,25+25,0,intersection_sam2_bplus,0.8304196158959558,-1.1332323531548862
D,168,25+25,0,sam2_large,0.8178207522323585,-1.3174224343675425
D,168,25+25,0,intersection_sam2_large,0.80782874252958,-1.7164543660885458
D,168,25+25,1,boneseg,0.8252440164194379,0.43584311928143826
D,168,25+25,1,sam2_bplus,0.02550216009534214,10.604371957320035
D,168,25+25,1,intersection_sam2_bplus,0.06187053245418756,-8.734893495721385
D,168,25+25,1,sam2_large,0.7891555417318066,-1.8216451571434176
D,168,25+25,1,intersection_sam2_large,0.781549077502587,-2.146417532543751
D,168,25+25,2,boneseg,0.8014908362852302,1.7499119683868685
D,168,25+25,2,sam2_bplus,0.0653534766939382,18.44022513735726
D,168,25+25,2,intersection_sam2_bplus,0.19729011974255822,-7.565028812886711
D,168,25+25,2,sam2_large,0.7990632343944262,-1.7472961718824251
D,168,25+25,2,intersection_sam2_large,0.7919752520654864,-1.988933168635036
D,200,3+6,0,boneseg,0.7063432622878387,-0.24459933040080983
D,200,3+6,0,sam2_bplus,0.8745329355837389,0.5781580991878723
D,200,3+6,0,intersection_sam2_bplus,0.7618718334020399,-2.432578962959651
D,200,3+6,0,sam2_large,0.557938451778194,-5.465930368391342
D,200,3+6,0,intersection_sam2_large,0.551085220332613,-5.562983125876824
D,200,3+6,1,boneseg,0.6046903701835892,-3.9946566208157055
D,200,3+6,1,sam2_bplus,0.48420191593172696,-5.660974887235696
D,200,3+6,1,intersection_sam2_bplus,0.4562886250405341,-6.179774527284211
D,200,3+6,1,sam2_large,0.448884606757611,-6.087942184190082
D,200,3+6,1,intersection_sam2_large,0.4362584880429308,-6.371476639483996
D,200,3+6,2,boneseg,0.7364798482585511,2.4077512534024894
D,200,3+6,2,sam2_bplus,0.861091488872049,0.330227540760033
D,200,3+6,2,intersection_sam2_bplus,0.8168746623863689,-1.1375920139956293
D,200,3+6,2,sam2_large,0.5002754107404302,-5.95213315969214
D,200,3+6,2,intersection_sam2_large,0.4870772288709015,-6.09606903914193
D,200,25+25,0,boneseg,0.7657866362262296,3.71907016259299
D,200,25+25,0,sam2_bplus,0.05678518785691297,16.148888007020176
D,200,25+25,0,intersection_sam2_bplus,0.16027493403073206,-7.8408835579303915
D,200,25+25,0,sam2_large,0.8304167923667135,-0.6065629663579504
D,200,25+25,0,intersection_sam2_large,0.8250292992139949,-0.9027963311777238
D,200,25+25,1,boneseg,0.7839297349997305,-0.9913868751851478
D,200,25+25,1,sam2_bplus,0.8153432737878676,-0.7790043205356803
D,200,25+25,1,intersection_sam2_bplus,0.7533405546812728,-2.836238842342368
D,200,25+25,1,sam2_large,0.8088420013572707,-1.125575000139733
D,200,25+25,1,intersection_sam2_large,0.7625991981784996,-2.414782603835385
D,200,25+25,2,boneseg,0.8173940893422379,1.0686981940943348
D,200,25+25,2,sam2_bplus,0.021598178934763144,11.840391698758612
D,200,25+25,2,intersection_sam2_bplus,0.05176315115527504,-9.161961400233633
D,200,25+25,2,sam2_large,0.8210685605712655,-0.7476035838647839
D,200,25+25,2,intersection_sam2_large,0.8091808710660806,-1.4860742371990874
D,232,3+6,0,boneseg,0.6367540471333709,1.9837798259489237
D,232,3+6,0,sam2_bplus,0.8552964947356901,0.3771665558120425
D,232,3+6,0,intersection_sam2_bplus,0.7459069073321641,-2.202210012687731
D,232,3+6,0,sam2_large,0.5225448565536561,-5.508833902511276
D,232,3+6,0,intersection_sam2_large,0.5016199601240585,-5.703710742092525
D,232,3+6,1,boneseg,0.629135718618752,-3.216110623599178
D,232,3+6,1,sam2_bplus,0.8234477939394321,-0.8646996026001457
D,232,3+6,1,intersection_sam2_bplus,0.6293234364653589,-4.525249702369308
D,232,3+6,1,sam2_large,0.5460240557825887,-5.220649142320569
D,232,3+6,1,intersection_sam2_large,0.46972466547074115,-6.139844505430013
D,232,3+6,2,boneseg,0.7176842895710787,-2.990760872602885
D,232,3+6,2,sam2_bplus,0.8653497842338783,0.6902460972651525
D,232,3+6,2,intersection_sam2_bplus,0.717450844459058,-3.254665675495911
D,232,3+6,2,sam2_large,0.7401271138238901,-2.603824205060561
D,232,3+6,2,intersection_sam2_large,0.6501366843135398,-4.108935627930894
D,232,25+25,0,boneseg,0.7938692600118055,0.7331831672377067
D,232,25+25,0,sam2_bplus,0.657575177988896,6.451839720981706
D,232,25+25,0,intersection_sam2_bplus,0.8215276049856479,-1.19009798058274
D,232,25+25,0,sam2_large,0.7879764717884713,-1.7473408863525854
D,232,25+25,0,intersection_sam2_large,0.7816050799376786,-2.0118493345927915
D,232,25+25,1,boneseg,0.792877680788362,-0.8426553688105383
D,232,25+25,1,sam2_bplus,0.014043948764485762,15.364953916149183
D,232,25+25,1,intersection_sam2_bplus,0.029194644576028935,-9.04062868545047
D,232,25+25,1,sam2_large,0.8426460980343141,-0.1084773046117391
D,232,25+25,1,intersection_sam2_large,0.8029054182409185,-1.6740426911403867
D,232,25+25,2,boneseg,0.804279969711485,0.5849211627997963
D,232,25+25,2,sam2_bplus,0.02748768156128119,20.665116565034406
D,232,25+25,2,intersection_sam2_bplus,0.058181659665166946,-8.87694018880685
D,232,25+25,2,sam2_large,0.7916932775431729,-1.8359649662126296
D,232,25+25,2,intersection_sam2_large,0.7773160766189404,-2.2032496241189845
D,264,3+6,0,boneseg,0.6713186559852458,-1.8336509923817728
D,264,3+6,0,sam2_bplus,0.8169714880783672,0.20046614835143295
D,264,3+6,0,intersection_sam2_bplus,0.6917739201943089,-3.294707483525513
D,264,3+6,0,sam2_large,0.6324496521357893,-4.321329361197901
D,264,3+6,0,intersection_sam2_large,0.5725182539294199,-5.0137664675009646
D,264,3+6,1,boneseg,0.6266751168897132,2.3692409159759205
D,264,3+6,1,sam2_bplus,0.8086224430379826,0.5997440096583251
D,264,3+6,1,intersection_sam2_bplus,0.7115376338797142,-2.805207000050304
D,264,3+6,1,sam2_large,0.5786035701398765,-4.7106694315114055
D,264,3+6,1,intersection_sam2_large,0.5398756562104426,-5.1724916579566615
D,264,3+6,2,boneseg,0.6030958962565338,-3.152135395415649
D,264,3+6,2,sam2_bplus,0.7062989657960591,-1.9077764052919575
D,264,3+6,2,intersection_sam2_bplus,0.5886805465313503,-4.188885100579612
D,264,3+6,2,sam2_large,0.5132579232005401,-5.163358727426179
D,264,3+6,2,intersection_sam2_large,0.489265616805341,-5.520862094984714
D,264,25+25,0,boneseg,0.7618735428552487,0.8599710473805686
D,264,25+25,0,sam2_bplus,0.11294346731595245,24.64932117844986
D,264,25+25,0,intersection_sam2_bplus,0.337172072410884,-6.352607133075853
D,264,25+25,0,sam2_large,0.8128494351030007,-0.19953832309558273
D,264,25+25,0,intersection_sam2_large,0.7758644813322937,-1.451465237294105
D,264,25+25,1,boneseg,0.7560011695796116,1.6122249361421463
D,264,25+25,1,sam2_bplus,0.10193305184781334,18.039058089686044
D,264,25+25,1,intersection_sam2_bplus,0.2740569477075712,-6.587939389535697
D,264,25+25,1,sam2_large,0.7406550791032199,-2.2804379782352324
D,264,25+25,1,intersection_sam2_large,0.7021517127621043,-3.091670253139795
D,264,25+25,2,boneseg,0.7341000341946924,2.3949517363187685
D,264,25+25,2,sam2_bplus,0.6336669705293941,4.575408159272941
D,264,25+25,2,intersection_sam2_bplus,0.7660739279740824,-1.1296104810718068
D,264,25+25,2,sam2_large,0.742326525267458,-1.7282478075936352
D,264,25+25,2,intersection_sam2_large,0.7221617660204626,-2.2191232610263087
D,328,3+6,0,boneseg,0.474471511905771,21.02476622716069
D,328,3+6,0,sam2_bplus,0.7421420939711894,1.4494419075192955
D,328,3+6,0,intersection_sam2_bplus,0.7394304000908537,0.08296769938461779
D,328,3+6,0,sam2_large,0.6340896095211328,-4.664445847981979
D,328,3+6,0,intersection_sam2_large,0.6145291886076666,-5.184586922135339
D,328,3+6,1,boneseg,0.459660202687644,6.273138340981369
D,328,3+6,1,sam2_bplus,0.7622609158075635,0.9049314471279342
D,328,3+6,1,intersection_sam2_bplus,0.6596374702153135,-4.105492613728459
D,328,3+6,1,sam2_large,0.7269060247569562,-4.268320356821472
D,328,3+6,1,intersection_sam2_large,0.618117915922038,-5.833751599939635
D,328,3+6,2,boneseg,0.6601990825231263,-1.3112965519554187
D,328,3+6,2,sam2_bplus,0.7349567393954543,3.883462912141656
D,328,3+6,2,intersection_sam2_bplus,0.7088745710889217,-3.4220878303980147
D,328,3+6,2,sam2_large,0.47393646698072456,-6.698249987424054
D,328,3+6,2,intersection_sam2_large,0.4549209510016896,-7.145595904154533
D,328,25+25,0,boneseg,0.6673111432895438,5.39350410534729
D,328,25+25,0,sam2_bplus,0.5795944296041349,4.641071358705068
D,328,25+25,0,intersection_sam2_bplus,0.7214053249094318,-2.7789372488304362
D,328,25+25,0,sam2_large,0.7293671178942424,0.3562513623940138
D,328,25+25,0,intersection_sam2_large,0.7149153290854656,-2.778009423574586
D,328,25+25,1,boneseg,0.6237902548947762,7.53560669152046
D,328,25+25,1,sam2_bplus,0.5829940763327243,5.74269058145579
D,328,25+25,1,intersection_sam2_bplus,0.7234476941900674,-1.6741209414631673
D,328,25+25,1,sam2_large,0.7423686106876216,0.8378373846506406
D,328,25+25,1,intersection_sam2_large,0.727144225370719,-1.6571182641842679
D,328,25+25,2,boneseg,0.5439979319777423,13.407589163448158
D,328,25+25,2,sam2_bplus,0.5449233733819113,1.4938880908598033
D,328,25+25,2,intersection_sam2_bplus,0.6492069838731174,-3.345916730477941
D,328,25+25,2,sam2_large,0.7815730920401054,2.0642323363869597
D,328,25+25,2,intersection_sam2_large,0.769498104646069,0.2604953245432142
D,360,3+6,0,boneseg,0.6171066500257156,8.022234270287795
D,360,3+6,0,sam2_bplus,0.8552522361854202,-1.2576503663791883
D,360,3+6,0,intersection_sam2_bplus,0.8098719805261148,-2.5980783956448086
D,360,3+6,0,sam2_large,0.6032150055518655,-5.837485258198118
D,360,3+6,0,intersection_sam2_large,0.5537170400782855,-6.40471066943151
D,360,3+6,1,boneseg,0.6041376743286176,-0.2095655430292922
D,360,3+6,1,sam2_bplus,0.8480172536085882,-0.9052779842716845
D,360,3+6,1,intersection_sam2_bplus,0.6772392733797756,-4.427537406448943
D,360,3+6,1,sam2_large,0.570357072077206,-6.073577660650706
D,360,3+6,1,intersection_sam2_large,0.46652545899037035,-7.233191551200862
D,360,3+6,2,boneseg,0.350564537018696,-6.799394118929311
D,360,3+6,2,sam2_bplus,0.7680226728971286,-2.9418544208637716
D,360,3+6,2,intersection_sam2_bplus,0.37026512761758634,-8.183239898721723
D,360,3+6,2,sam2_large,0.43922487843694813,-7.508498543985064
D,360,3+6,2,intersection_sam2_large,0.3464184450783253,-8.386903131689703
D,360,25+25,0,boneseg,0.7199732513686518,3.502294411250162
D,360,25+25,0,sam2_bplus,0.5778176078785577,-0.8407773610637559
D,360,25+25,0,intersection_sam2_bplus,0.6547163649463502,-4.87091491395259
D,360,25+25,0,sam2_large,0.8081706193854717,-2.6235209291666894
D,360,25+25,0,intersection_sam2_large,0.7720657282811489,-3.4254190584250432
D,360,25+25,1,boneseg,0.7758438552251056,1.1094107191763598
D,360,25+25,1,sam2_bplus,0.5541884948696258,-3.0637125306713306
D,360,25+25,1,intersection_sam2_bplus,0.5934784819035408,-5.970130733932132
D,360,25+25,1,sam2_large,0.7495194688767546,-3.641099305248919
D,360,25+25,1,intersection_sam2_large,0.721246517654681,-4.218027756507352
D,360,25+25,2,boneseg,0.7496848814235302,2.2512282506022494
D,360,25+25,2,sam2_bplus,0.5844755117189291,0.7110606831253179
D,360,25+25,2,intersection_sam2_bplus,0.6922131446710873,-4.474006919564258
D,360,25+25,2,sam2_large,0.839674280039722,-1.7727051695516813
D,360,25+25,2,intersection_sam2_large,0.7970530019529528,-2.8292969208497976
D,392,3+6,0,boneseg,0.5698026338731093,3.290616109505738
D,392,3+6,0,sam2_bplus,0.8031101419860293,0.7039063678994815
D,392,3+6,0,intersection_sam2_bplus,0.6958241755052255,-2.7816760101278275
D,392,3+6,0,sam2_large,0.563608672502817,-4.645509269868595
D,392,3+6,0,intersection_sam2_large,0.43361040206881296,-6.161653988251272
D,392,3+6,1,boneseg,0.6239543274607531,-3.693996523449944
D,392,3+6,1,sam2_bplus,0.8031224307858287,-1.4225573323347094
D,392,3+6,1,intersection_sam2_bplus,0.6101484155967422,-4.666815714900538
D,392,3+6,1,sam2_large,0.45712033779028854,-6.273842593886414
D,392,3+6,1,intersection_sam2_large,0.4147797226870713,-6.611090306461799
D,392,3+6,2,boneseg,0.5639771990832501,-2.8184536618356404
D,392,3+6,2,sam2_bplus,0.20676718484555104,58.306428264016574
D,392,3+6,2,intersection_sam2_bplus,0.5486152884684482,-4.34285937858065
D,392,3+6,2,sam2_large,0.5231426350028049,-5.693124591281796
D,392,3+6,2,intersection_sam2_large,0.471052546048019,-6.149592259925214
D,392,25+25,0,boneseg,0.7160245024825415,3.966777148670026
D,392,25+25,0,sam2_bplus,0.3091864075318084,-3.0511142287033355
D,392,25+25,0,intersection_sam2_bplus,0.38026047665455837,-6.579533069145338
D,392,25+25,0,sam2_large,0.7484671593530744,-3.1279336884407503
D,392,25+25,0,intersection_sam2_large,0.7273492716119718,-3.5302409551010827
D,392,25+25,1,boneseg,0.7296558799249858,2.3415403017108893
D,392,25+25,1,sam2_bplus,0.4184943207117933,-0.23742265793989326
D,392,25+25,1,intersection_sam2_bplus,0.5208668076856524,-5.525344720618401
D,392,25+25,1,sam2_large,0.6628131824100971,-4.237936874346749
D,392,25+25,1,intersection_sam2_large,0.6432637788199154,-4.505049940473861
D,392,25+25,2,boneseg,0.7005367980878889,2.2789847579549836
D,392,25+25,2,sam2_bplus,0.38582527425393076,-2.0811008702553746
D,392,25+25,2,intersection_sam2_bplus,0.4178431473700904,-6.486057469272774
D,392,25+25,2,sam2_large,0.6312112774563041,-4.633693471128425
D,392,25+25,2,intersection_sam2_large,0.6144457299998323,-4.854269952434982
E,48,3+6,0,boneseg,0.8233461958328201,-2.8045910263855163
E,48,3+6,0,sam2_bplus,0.8136161892894104,3.942637167392867
E,48,3+6,0,intersection_sam2_bplus,0.8005500825988808,-4.206742324894531
E,48,3+6,0,sam2_large,0.8352217640244142,6.3561179714570315
E,48,3+6,0,intersection_sam2_large,0.8223253854607778,-3.1860869364570874
E,48,3+6,1,boneseg,0.7432291776554072,-5.103853800922202
E,48,3+6,1,sam2_bplus,0.8233066784002251,4.4532532909790845
E,48,3+6,1,intersection_sam2_bplus,0.7329499890318938,-6.315834003130419
E,48,3+6,1,sam2_large,0.8251171608487031,8.980344500036537
E,48,3+6,1,intersection_sam2_large,0.740218167927051,-5.423818112595132
E,48,3+6,2,boneseg,0.8502371705052593,-5.648696876117661
E,48,3+6,2,sam2_bplus,0.8446291420987359,6.495910071568943
E,48,3+6,2,intersection_sam2_bplus,0.8472720489830512,-6.697233770079489
E,48,3+6,2,sam2_large,0.8370318549631942,8.103711509100911
E,48,3+6,2,intersection_sam2_large,0.8518822090398636,-6.41572670740571
E,48,25+25,0,boneseg,0.8664177102381533,2.5693288056332193
E,48,25+25,0,sam2_bplus,0.6942821851516924,-8.648170011806375
E,48,25+25,0,intersection_sam2_bplus,0.6882087947922076,-12.023274327094285
E,48,25+25,0,sam2_large,0.7591212473745022,-11.357963919408988
E,48,25+25,0,intersection_sam2_large,0.7563314109773704,-11.573901372539215
E,48,25+25,1,boneseg,0.8716613875376497,-2.904676016905807
E,48,25+25,1,sam2_bplus,0.7888878732480195,3.321744882301587
E,48,25+25,1,intersection_sam2_bplus,0.8057578489326467,-6.7812628591426325
E,48,25+25,1,sam2_large,0.8789482455454165,-3.250022112918174
E,48,25+25,1,intersection_sam2_large,0.849929405171206,-6.263916716981566
E,48,25+25,2,boneseg,0.8691851935737928,-3.7542927904195302
E,48,25+25,2,sam2_bplus,0.7904904808103244,1.8532548292690443
E,48,25+25,2,intersection_sam2_bplus,0.7996382834027302,-7.9030608124478405
E,48,25+25,2,sam2_large,0.7776950419927654,-10.722265593453038
E,48,25+25,2,intersection_sam2_large,0.7707995374152882,-11.069149979425372
E,88,3+6,0,boneseg,0.7866811297034331,-4.01887866353368
E,88,3+6,0,sam2_bplus,0.8762438078828344,2.725657522814764
E,88,3+6,0,intersection_sam2_bplus,0.7927484389050078,-5.988466671025154
E,88,3+6,0,sam2_large,0.8364058231796645,5.202496644605027
E,88,3+6,0,intersection_sam2_large,0.7821093147466069,-6.414861419303232
E,88,3+6,1,boneseg,0.8539617733940024,0.7033830841944564
E,88,3+6,1,sam2_bplus,0.8823431711667473,6.799722338662228
E,88,3+6,1,intersection_sam2_bplus,0.8765338005259216,-1.4898338262270734
E,88,3+6,1,sam2_large,0.8568073507491409,8.923523914640292
E,88,3+6,1,intersection_sam2_large,0.8733885917275734,-0.9032646358675365
E,88,3+6,2,boneseg,0.7986973136800889,-8.697106861157792
E,88,3+6,2,sam2_bplus,0.8759725790943488,-1.1737152394540615
E,88,3+6,2,intersection_sam2_bplus,0.780391198423413,-10.203285018209506
E,88,3+6,2,sam2_large,0.8594322871909919,9.485384322517874
E,88,3+6,2,intersection_sam2_large,0.8023645961933182,-8.993804537186236
E,88,25+25,0,boneseg,0.8890942469807717,2.341661891558253
E,88,25+25,0,sam2_bplus,0.7827588683284488,-3.541528060331732
E,88,25+25,0,intersection_sam2_bplus,0.7949735986627751,-7.657991993200756
E,88,25+25,0,sam2_large,0.8840543074456749,0.32342546408285244
E,88,25+25,0,intersection_sam2_large,0.8904763006621071,-1.599052413384662
E,88,25+25,1,boneseg,0.8801144363766875,-4.050894323325476
E,88,25+25,1,sam2_bplus,0.7786230679249806,-2.8109364724703774
E,88,25+25,1,intersection_sam2_bplus,0.7648647747357188,-10.757550119409757
E,88,25+25,1,sam2_large,0.8609641119949683,0.45677597498740496
E,88,25+25,1,intersection_sam2_large,0.8552190485761663,-6.195655100008075
E,88,25+25,2,boneseg,0.8877608553766876,-3.498071368962691
E,88,25+25,2,sam2_bplus,0.8086590534494937,-0.9712378234735333
E,88,25+25,2,intersection_sam2_bplus,0.8100182779603903,-8.64153613635402
E,88,25+25,2,sam2_large,0.7162139445253081,-12.871641240015535
E,88,25+25,2,intersection_sam2_large,0.7110938442844508,-13.24486884155229
E,128,3+6,0,boneseg,0.8070782827421726,-2.6446088705490567
E,128,3+6,0,sam2_bplus,0.8512646887034342,-2.01717885312792
E,128,3+6,0,intersection_sam2_bplus,0.7820246190662988,-6.7043483611443335
E,128,3+6,0,sam2_large,0.857115972712303,-1.5311753689011631
E,128,3+6,0,intersection_sam2_large,0.7869345728560185,-6.353522107149587
E,128,3+6,1,boneseg,0.826466331442933,2.3681012502451644
E,128,3+6,1,sam2_bplus,0.8051752492200243,6.249110676116892
E,128,3+6,1,intersection_sam2_bplus,0.8368062646287249,-1.61270473677936
E,128,3+6,1,sam2_large,0.7788973061987662,-5.737725407550698
E,128,3+6,1,intersection_sam2_large,0.7590004515368773,-6.92624668786943
E,128,3+6,2,boneseg,0.8424801666059476,2.468474670132945
E,128,3+6,2,sam2_bplus,0.8426858591109956,-3.233293209603545
E,128,3+6,2,intersection_sam2_bplus,0.8254539846872643,-4.440273969441872
E,128,3+6,2,sam2_large,0.8091595539478192,0.2146875925377536
E,128,3+6,2,intersection_sam2_large,0.8042658157342251,-3.453172530756188
E,128,25+25,0,boneseg,0.8080604879009218,-5.6511965973026115
E,128,25+25,0,sam2_bplus,0.7325822681298937,-0.4900414953716705
E,128,25+25,0,intersection_sam2_bplus,0.72012352129848,-9.727761134335017
E,128,25+25,0,sam2_large,0.8238463144706619,-4.532763653284828
E,128,25+25,0,intersection_sam2_large,0.7677184646895303,-8.000742224905686
E,128,25+25,1,boneseg,0.8547580922881763,-1.1603513454268573
E,128,25+25,1,sam2_bplus,0.6911949272575486,0.6729057143626278
E,128,25+25,1,intersection_sam2_bplus,0.7337183377577186,-8.056793665321948
E,128,25+25,1,sam2_large,0.824063459462858,-4.700533402043618
E,128,25+25,1,intersection_sam2_large,0.7910991008437017,-6.885770433297825
E,128,25+25,2,boneseg,0.8697397468509139,-0.23093578023989636
E,128,25+25,2,sam2_bplus,0.7418942686110432,-1.8146052940248971
E,128,25+25,2,intersection_sam2_bplus,0.7830507657482946,-6.700694922489415
E,128,25+25,2,sam2_large,0.8054603774740832,-6.634644597333377
E,128,25+25,2,intersection_sam2_large,0.7946228595393827,-7.477819781639742
E,168,3+6,0,boneseg,0.846210815838493,-0.4281253244830374
E,168,3+6,0,sam2_bplus,0.8451848221476262,0.05412857796630277
E,168,3+6,0,intersection_sam2_bplus,0.8381391343178846,-2.813532336777822
E,168,3+6,0,sam2_large,0.7074899061917796,13.808363682512333
E,168,3+6,0,intersection_sam2_large,0.8363378369100022,-1.1761188175165067
E,168,3+6,1,boneseg,0.6063025224213362,-10.393359971387808
E,168,3+6,1,sam2_bplus,0.8441607140377111,2.552215329828595
E,168,3+6,1,intersection_sam2_bplus,0.6049801140107522,-10.531421495294756
E,168,3+6,1,sam2_large,0.5912222550531129,26.743363240253974
E,168,3+6,1,intersection_sam2_large,0.6066064651575915,-10.407685296639992
E,168,3+6,2,boneseg,0.8629931705994427,0.7298224428813711
E,168,3+6,2,sam2_bplus,0.8219342730924541,-2.50818177972457
E,168,3+6,2,intersection_sam2_bplus,0.8189610216694221,-4.323363932484455
E,168,3+6,2,sam2_large,0.7321281379214309,3.8229389798830127
E,168,3+6,2,intersection_sam2_large,0.8099846010532119,-3.583158032373312
E,168,25+25,0,boneseg,0.8342813803564657,4.116271646624028
E,168,25+25,0,sam2_bplus,0.5605426963024418,3.661803106576574
E,168,25+25,0,intersection_sam2_bplus,0.7018620064494078,-6.634933026700869
E,168,25+25,0,sam2_large,0.7051984948890855,15.46567882813071
E,168,25+25,0,intersection_sam2_large,0.8502676621417105,2.8805440931588393
E,168,25+25,1,boneseg,0.8611307285602489,1.3125459083409936
E,168,25+25,1,sam2_bplus,0.6181962156161589,-0.6167581308238717
E,168,25+25,1,intersection_sam2_bplus,0.6995243851326316,-7.3278365105430545
E,168,25+25,1,sam2_large,0.6613488250600944,19.171515484811312
E,168,25+25,1,intersection_sam2_large,0.8651155611402,0.8799980002230505
E,168,25+25,2,boneseg,0.8591528732873238,-0.1304662172296176
E,168,25+25,2,sam2_bplus,0.7143788860385234,5.240184748624191
E,168,25+25,2,intersection_sam2_bplus,0.8228782996229003,-3.9275426971607015
E,168,25+25,2,sam2_large,0.8104327819856044,-3.212910867633994
E,168,25+25,2,intersection_sam2_large,0.7862122054484026,-5.26200923743121
E,208,3+6,0,boneseg,0.7684570160073533,-5.162597248768408
E,208,3+6,0,sam2_bplus,0.8454226607696934,3.248099250468215
E,208,3+6,0,intersection_sam2_bplus,0.7576001846558122,-5.8067561695041725
E,208,3+6,0,sam2_large,0.7925395033860045,1.1919824327286541
E,208,3+6,0,intersection_sam2_large,0.7122064004697592,-6.684062162297284
E,208,3+6,1,boneseg,0.7355515245246476,-6.274300174211339
E,208,3+6,1,sam2_bplus,0.8475714010672445,0.5765703056197573
E,208,3+6,1,intersection_sam2_bplus,0.7281302564891874,-6.645893342665627
E,208,3+6,1,sam2_large,0.8342570971932536,1.828738333032085
E,208,3+6,1,intersection_sam2_large,0.7237153803410055,-6.581765879959544
E,208,3+6,2,boneseg,0.7696317172804712,-2.5201035269143066
E,208,3+6,2,sam2_bplus,0.8437954200204735,-0.6667525545227662
E,208,3+6,2,intersection_sam2_bplus,0.7680259397669817,-4.890416068976924
E,208,3+6,2,sam2_large,0.8212703101920237,-1.7035599875398528
E,208,3+6,2,intersection_sam2_large,0.7662193931561654,-4.908490976006524
E,208,25+25,0,boneseg,0.812074108808652,5.664945063819804
E,208,25+25,0,sam2_bplus,0.774764632517687,1.9622811301816334
E,208,25+25,0,intersection_sam2_bplus,0.8322847926721166,-1.6446242534486544
E,208,25+25,0,sam2_large,0.7405734427781132,-3.423368162781845
E,208,25+25,0,intersection_sam2_large,0.7431981226952732,-4.201646739402145
E,208,25+25,1,boneseg,0.7997276260656462,-4.360186748401141
E,208,25+25,1,sam2_bplus,0.8297345191736153,1.7328836399017007
E,208,25+25,1,intersection_sam2_bplus,0.776589624598606,-5.3060427875352385
E,208,25+25,1,sam2_large,0.7075858952746737,-5.2202831222671335
E,208,25+25,1,intersection_sam2_large,0.6526804037198374,-7.67606690023036
E,208,25+25,2,boneseg,0.8753759568155548,0.13988824323440596
E,208,25+25,2,sam2_bplus,0.812319475014933,2.368678108980152
E,208,25+25,2,intersection_sam2_bplus,0.8480275773187814,-2.145818351030078
E,208,25+25,2,sam2_large,0.7191615101876924,-4.866861003964944
E,208,25+25,2,intersection_sam2_large,0.7124274735387228,-5.82175449661384
E,257,3+6,0,boneseg,0.6930619926653592,3.9929200204592554
E,257,3+6,0,sam2_bplus,0.7881198120785765,2.7937268535432587
E,257,3+6,0,intersection_sam2_bplus,0.7446530584403404,-0.6138738371489332
E,257,3+6,0,sam2_large,0.811863497154316,1.1136257878928895
E,257,3+6,0,intersection_sam2_large,0.7505346389779954,-1.46964377050252
E,257,3+6,1,boneseg,0.7031111336494333,-2.2609978117825307
E,257,3+6,1,sam2_bplus,0.6206244162562167,-4.716012444765775
E,257,3+6,1,intersection_sam2_bplus,0.601311863382326,-6.216325871345118
E,257,3+6,1,sam2_large,0.5609816474605207,-6.277184467886274
E,257,3+6,1,intersection_sam2_large,0.5438736310477913,-7.330336231727999
E,257,3+6,2,boneseg,0.7778922923512445,-0.07153048313841914
E,257,3+6,2,sam2_bplus,0.8022017321536858,2.1127451168908102
E,257,3+6,2,intersection_sam2_bplus,0.7696238285671704,-1.7091362886447268
E,257,3+6,2,sam2_large,0.8064712711376814,-0.5634948409600469
E,257,3+6,2,intersection_sam2_large,0.7549210787740535,-2.672778805440931
E,257,25+25,0,boneseg,0.7687465862095872,4.46421360694384
E,257,25+25,0,sam2_bplus,0.7361259500783313,5.931646085628913
E,257,25+25,0,intersection_sam2_bplus,0.7844577120781584,1.309469328421061
E,257,25+25,0,sam2_large,0.7729067959865226,-2.951209288194777
E,257,25+25,0,intersection_sam2_large,0.7555477562916535,-3.6012329394029123
E,257,25+25,1,boneseg,0.7912876411543287,0.6208922850912781
E,257,25+25,1,sam2_bplus,0.7783638735182408,4.660634006207001
E,257,25+25,1,intersection_sam2_bplus,0.7910811160132603,-1.2807225347941955
E,257,25+25,1,sam2_large,0.804643733738728,-0.09143210949547864
E,257,25+25,1,intersection_sam2_large,0.7778799052737437,-2.130435451430417
E,257,25+25,2,boneseg,0.7915834535742611,1.3809036684369822
E,257,25+25,2,sam2_bplus,0.7492019415777506,6.374096735364134
E,257,25+25,2,intersection_sam2_bplus,0.7938287874732788,-0.424279599583123
E,257,25+25,2,sam2_large,0.8065209065325629,0.06489660768606598
E,257,25+25,2,intersection_sam2_large,0.7787172126312478,-1.9104599871552779
E,297,3+6,0,boneseg,0.7637202123371775,0.231608782097382
E,297,3+6,0,sam2_bplus,0.6159199125334321,-3.5433547796591913
E,297,3+6,0,intersection_sam2_bplus,0.6641528346240588,-6.368424291136757
E,297,3+6,0,sam2_large,0.616545681806532,-6.15652484915144
E,297,3+6,0,intersection_sam2_large,0.5816502890763856,-7.009122059462598
E,297,3+6,1,boneseg,0.4355490990885447,-10.023208949770986
E,297,3+6,1,sam2_bplus,0.6899309941564308,-4.889743067119436
E,297,3+6,1,intersection_sam2_bplus,0.3999685975879022,-10.945125351403112
E,297,3+6,1,sam2_large,0.5749003604819117,-7.30947317414596
E,297,3+6,1,intersection_sam2_large,0.35383683360258483,-11.495640870825946
E,297,3+6,2,boneseg,0.7087170544747788,11.804068007799131
E,297,3+6,2,sam2_bplus,0.7223952648927425,4.432486376519542
E,297,3+6,2,intersection_sam2_bplus,0.7887463555067413,0.8859588738179198
E,297,3+6,2,sam2_large,0.5904731392144057,-7.132762114994865
E,297,3+6,2,intersection_sam2_large,0.5822397036482071,-7.440804679478058
E,297,25+25,0,boneseg,0.7937145736238821,-0.008460594779812425
E,297,25+25,0,sam2_bplus,0.6397832877029268,-0.6203154263562904
E,297,25+25,0,intersection_sam2_bplus,0.7128976168558863,-5.159905241338466
E,297,25+25,0,sam2_large,0.5704440473935991,-7.186313834226182
E,297,25+25,0,intersection_sam2_large,0.5598685873136214,-7.713370431759534
E,297,25+25,1,boneseg,0.798509686155008,2.0517903772271566
E,297,25+25,1,sam2_bplus,0.43934516148133373,0.31006157005564816
E,297,25+25,1,intersection_sam2_bplus,0.4684983354744243,-9.659403374239027
E,297,25+25,1,sam2_large,0.5706895673003415,-7.902580096835353
E,297,25+25,1,intersection_sam2_large,0.5651886393986066,-8.004780236050593
E,297,25+25,2,boneseg,0.7880889188898946,0.794815193689935
E,297,25+25,2,sam2_bplus,0.6421929948384959,0.7908733256675227
E,297,25+25,2,intersection_sam2_bplus,0.718959157569087,-4.6833237831164976
E,297,25+25,2,sam2_large,0.5859333049817218,-8.158416945802198
E,297,25+25,2,intersection_sam2_large,0.5821276229049076,-8.225813274673209
E,337,3+6,0,boneseg,0.5450343670509282,-3.448461517753789
E,337,3+6,0,sam2_bplus,0.6846706986046954,-1.0237319683573745
E,337,3+6,0,intersection_sam2_bplus,0.5623025956446366,-5.018863280634083
E,337,3+6,0,sam2_large,0.7035058051898235,-3.4174072891869747
E,337,3+6,0,intersection_sam2_large,0.5814657251874917,-5.8677109091678235
E,337,3+6,1,boneseg,0.6125035806359209,-2.417230385841579
E,337,3+6,1,sam2_bplus,0.5982821543968944,-4.668902314741817
E,337,3+6,1,intersection_sam2_bplus,0.5746604099777722,-5.641486141930323
E,337,3+6,1,sam2_large,0.5336363414216944,-5.474966253764003
E,337,3+6,1,intersection_sam2_large,0.5208140550684311,-6.355348826477046
E,337,3+6,2,boneseg,0.7290285706319832,6.37428902160913
E,337,3+6,2,sam2_bplus,0.7624797642422045,5.571782378119362
E,337,3+6,2,intersection_sam2_bplus,0.8503614718434648,1.900557245537998
E,337,3+6,2,sam2_large,0.5595741369112474,-5.770798641689965
E,337,3+6,2,intersection_sam2_large,0.5536723163841808,-5.999330843867415
E,337,25+25,0,boneseg,0.7565052772244151,2.097746789781141
E,337,25+25,0,sam2_bplus,0.48316642006491023,14.720377342527179
E,337,25+25,0,intersection_sam2_bplus,0.7572646164581568,-1.923631594937488
E,337,25+25,0,sam2_large,0.5183851568458298,-5.833195528191086
E,337,25+25,0,intersection_sam2_large,0.5052359372199605,-6.192578520088143
E,337,25+25,1,boneseg,0.6993527644993444,-0.758280807140741
E,337,25+25,1,sam2_bplus,0.5169283999224494,11.020597702563943
E,337,25+25,1,intersection_sam2_bplus,0.6553057144667784,-4.524591487872506
E,337,25+25,1,sam2_large,0.685914756384555,-3.5640255509962344
E,337,25+25,1,intersection_sam2_large,0.6509445017343208,-4.8038872587288335
E,337,25+25,2,boneseg,0.7748314450545631,0.9185513923446997
E,337,25+25,2,sam2_bplus,0.46268415809071123,13.335051090455295
E,337,25+25,2,intersection_sam2_bplus,0.706974234452988,-3.395102084767468
E,337,25+25,2,sam2_large,0.7168701233324943,-2.8779482288513973
E,337,25+25,2,intersection_sam2_large,0.6799921702413243,-4.021955243453615
E,377,3+6,0,boneseg,0.6802492865047469,-3.356356406400824
E,377,3+6,0,sam2_bplus,0.6404231428402577,-3.594791350195554
E,377,3+6,0,intersection_sam2_bplus,0.5415383771403494,-5.842713697318375
E,377,3+6,0,sam2_large,0.6016809933142311,-4.763891719769717
E,377,3+6,0,intersection_sam2_large,0.5296703908282665,-6.042979821481449
E,377,3+6,1,boneseg,0.6749271416519672,0.19459367993569998
E,377,3+6,1,sam2_bplus,0.621564292543021,-0.5545535305677429
E,377,3+6,1,intersection_sam2_bplus,0.6743665623855021,-2.806898461325467
E,377,3+6,1,sam2_large,0.6761031463018218,-4.00993735314138
E,377,3+6,1,intersection_sam2_large,0.6615335297816465,-4.26740863519069
E,377,3+6,2,boneseg,0.6814611942272334,2.6738363797884084
E,377,3+6,2,sam2_bplus,0.7227104702685501,-0.2264170534824963
E,377,3+6,2,intersection_sam2_bplus,0.7234009281960493,-2.6480700229589766
E,377,3+6,2,sam2_large,0.3989469922920419,-6.6789665768048945
E,377,3+6,2,intersection_sam2_large,0.3843884661055556,-6.989508862473031
E,377,25+25,0,boneseg,0.7862357981002048,0.7845278795826633
E,377,25+25,0,sam2_bplus,0.3761747482100368,15.533267443246714
E,377,25+25,0,intersection_sam2_bplus,0.6630034808552959,-4.395663560602855
E,377,25+25,0,sam2_large,0.5738684433164128,-5.317099246622491
E,377,25+25,0,intersection_sam2_large,0.573440310046653,-5.375650408223698
E,377,25+25,1,boneseg,0.7690032596357123,-1.3992670048340763
E,377,25+25,1,sam2_bplus,0.36528273036237985,12.329586315372516
E,377,25+25,1,intersection_sam2_bplus,0.5442453685441623,-5.970391763995554
E,377,25+25,1,sam2_large,0.6810186242800976,-3.8705298255194602
E,377,25+25,1,intersection_sam2_large,0.6506512703245613,-4.643135957912386
E,377,25+25,2,boneseg,0.7561586061818945,-1.0790142637936526
E,377,25+25,2,sam2_bplus,0.35945202534675913,19.49417180391418
E,377,25+25,2,intersection_sam2_bplus,0.6148048207776033,-5.041168485053589
E,377,25+25,2,sam2_large,0.5916528198612061,-5.1085648139246
E,377,25+25,2,intersection_sam2_large,0.5861314012583909,-5.239896319256697
E,417,3+6,0,boneseg,0.6614691643172421,-2.0016998104057624
E,417,3+6,0,sam2_bplus,0.5709938328680305,-3.975325829042145
E,417,3+6,0,intersection_sam2_bplus,0.5084068533435622,-7.3489879974925865
E,417,3+6,0,sam2_large,0.2597451912375116,-10.710343846263301
E,417,3+6,0,intersection_sam2_large,0.25596121759922225,-10.759184552492222
E,417,3+6,1,boneseg,0.41809713685359984,-2.1516830815024477
E,417,3+6,1,sam2_bplus,0.41426913831544016,-1.1176637990377998
E,417,3+6,1,intersection_sam2_bplus,0.48635587838374217,-6.017598037142011
E,417,3+6,1,sam2_large,0.4825531213062481,-7.9074833960827435
E,417,3+6,1,intersection_sam2_large,0.4690584470271181,-8.271385114737202
E,417,3+6,2,boneseg,0.5069306302111991,-7.222848220775375
E,417,3+6,2,sam2_bplus,0.41423589459340865,7.90777182545024
E,417,3+6,2,intersection_sam2_bplus,0.5040204211869815,-7.3166839083333
E,417,3+6,2,sam2_large,0.5883607978295099,-6.649546781320544
E,417,3+6,2,intersection_sam2_large,0.477145762169696,-8.564044779620733
E,417,25+25,0,boneseg,0.6791823854604123,7.021716808509822
E,417,25+25,0,sam2_bplus,0.4209968367957596,25.210938010760337
E,417,25+25,0,intersection_sam2_bplus,0.7597765363128491,-0.6824238834899177
E,417,25+25,0,sam2_large,0.2824538945960028,-10.449122982436574
E,417,25+25,0,intersection_sam2_large,0.2774392605406522,-10.500559552972938
E,417,25+25,1,boneseg,0.7388475570839327,4.883013048544587
E,417,25+25,1,sam2_bplus,0.42105516279517147,22.583058043525917
E,417,25+25,1,intersection_sam2_bplus,0.7651476728191936,-1.7002911213749226
E,417,25+25,1,sam2_large,0.3026319966980982,-10.254337016255878
E,417,25+25,1,intersection_sam2_large,0.2980333696462359,-10.303946867464782
E,417,25+25,2,boneseg,0.6384218213011776,10.021189944198532
E,417,25+25,2,sam2_bplus,0.4089277964378653,31.53792461610051
E,417,25+25,2,intersection_sam2_bplus,0.7399756485131147,2.5574070584434825
E,417,25+25,2,sam2_large,0.308805591895291,-10.182806533117459
E,417,25+25,2,intersection_sam2_large,0.28520643232074333,-10.41268473900988
F,29,3+6,0,boneseg,0.7401320418076107,1.3544520547945211
F,29,3+6,0,sam2_bplus,0.43798110022223885,20.668647596024712
F,29,3+6,0,intersection_sam2_bplus,0.7695547414456017,0.48663712060166553
F,29,3+6,0,sam2_large,0.3785116852778511,27.064833467633626
F,29,3+6,0,intersection_sam2_large,0.7468782804109491,1.1778807413376313
F,29,3+6,1,boneseg,0.6196171679942932,-2.4215014773032495
F,29,3+6,1,sam2_bplus,0.37767282734000224,26.79613215149073
F,29,3+6,1,intersection_sam2_bplus,0.6229965790727348,-2.5164182111200635
F,29,3+6,1,sam2_large,0.374898274553551,27.520950846091857
F,29,3+6,1,intersection_sam2_large,0.622112719433323,-2.4781426269137787
F,29,3+6,2,boneseg,0.5682461532712376,-2.1661294654848238
F,29,3+6,2,sam2_bplus,0.3739075582762866,27.42344883158743
F,29,3+6,2,intersection_sam2_bplus,0.5704328781544694,-2.2537268331990328
F,29,3+6,2,sam2_large,0.3883176198920684,25.565941445071175
F,29,3+6,2,intersection_sam2_large,0.5694589170848446,-2.2032299221058276
F,29,25+25,0,boneseg,0.7335785160850847,3.4698495836690846
F,29,25+25,0,sam2_bplus,0.5150159764714481,4.589410421702928
F,29,25+25,0,intersection_sam2_bplus,0.6757020169011501,-1.9005842062852532
F,29,25+25,0,sam2_large,0.4722217662864806,18.232910287402632
F,29,25+25,0,intersection_sam2_large,0.7495853036780341,2.990834004834811
F,29,25+25,1,boneseg,0.76192401787339,0.06439699167338198
F,29,25+25,1,sam2_bplus,0.49071925923013177,6.512389202256246
F,29,25+25,1,intersection_sam2_bplus,0.6462479361450609,-2.794923448831587
F,29,25+25,1,sam2_large,0.6056382617966407,10.289920762825679
F,29,25+25,1,intersection_sam2_large,0.7813010132723227,-0.4576282567821641
F,29,25+25,2,boneseg,0.7019802702167776,-0.42596696212731633
F,29,25+25,2,sam2_bplus,0.4379623702968314,6.590954875100726
F,29,25+25,2,intersection_sam2_bplus,0.5784288858314822,-3.4368452860596284
F,29,25+25,2,sam2_large,0.4694442602453916,18.394742143432715
F,29,25+25,2,intersection_sam2_large,0.7207956732264799,-0.8914517861939286
F,53,3+6,0,boneseg,0.6171168844584474,8.673012355627183
F,53,3+6,0,sam2_bplus,0.4136993760109593,27.091995702390548
F,53,3+6,0,intersection_sam2_bplus,0.6234397692812439,8.30066478646253
F,53,3+6,0,sam2_large,0.4200350927083685,26.530351866774105
F,53,3+6,0,intersection_sam2_large,0.6224374460323466,8.405922643029815
F,53,3+6,1,boneseg,0.6777927424273227,-3.4240531829170013
F,53,3+6,1,sam2_bplus,0.6508711771869666,4.347871340316949
F,53,3+6,1,intersection_sam2_bplus,0.6149854372300962,-4.281459844211656
F,53,3+6,1,sam2_large,0.43264407212927786,25.115196078431374
F,53,3+6,1,intersection_sam2_large,0.6777927424273227,-3.4240531829170013
F,53,3+6,2,boneseg,0.6244421997910627,0.1328901423583133
F,53,3+6,2,sam2_bplus,0.43140171523250753,24.9166330915928
F,53,3+6,2,intersection_sam2_bplus,0.6492133900148581,-0.7267324738114418
F,53,3+6,2,sam2_large,0.4554323770965047,22.88191646521622
F,53,3+6,2,intersection_sam2_large,0.6463489107173238,-0.5308554928820843
F,53,25+25,0,boneseg,0.7620812597868278,0.46860730593607336
F,53,25+25,0,sam2_bplus,0.5248456068188974,3.5439161966156334
F,53,25+25,0,intersection_sam2_bplus,0.6112617432623599,-4.468909481600859
F,53,25+25,0,sam2_large,0.6094671319174862,12.0215887724953
F,53,25+25,0,intersection_sam2_large,0.7888168153955104,-0.2673583131882875
F,53,25+25,1,boneseg,0.7678217071183526,0.8721125436475976
F,53,25+25,1,sam2_bplus,0.4850194589463692,7.249496373892022
F,53,25+25,1,intersection_sam2_bplus,0.6346420768808209,-3.2655116841257046
F,53,25+25,1,sam2_large,0.5443578499894682,15.788812785388128
F,53,25+25,1,intersection_sam2_large,0.7807426289404368,0.47824335213537594
F,53,25+25,2,boneseg,0.7843211882721668,1.0106097233413927
F,53,25+25,2,sam2_bplus,0.6199417665395958,2.272797475154446
F,53,25+25,2,intersection_sam2_bplus,0.685225403919304,-3.2320709105560024
F,53,25+25,2,sam2_large,0.6132365255065935,11.796232876712331
F,53,25+25,2,intersection_sam2_large,0.8068410050416035,0.3801369863013715
F,77,3+6,0,boneseg,0.6085671480330375,11.009535320977706
F,77,3+6,0,sam2_bplus,0.4624735102144613,23.293916196615633
F,77,3+6,0,intersection_sam2_bplus,0.6578254535019766,8.507554391619662
F,77,3+6,0,sam2_large,0.45129004955632585,24.630136986301373
F,77,3+6,0,intersection_sam2_large,0.6488999716062612,9.050094010206822
F,77,3+6,1,boneseg,0.5353606991222892,-6.167741069030351
F,77,3+6,1,sam2_bplus,0.6161754273681196,9.731466559226432
F,77,3+6,1,intersection_sam2_bplus,0.5214134929585611,-6.342734354015578
F,77,3+6,1,sam2_large,0.4576195997455091,24.00036932581252
F,77,3+6,1,intersection_sam2_large,0.5357508609643754,-6.178015041633091
F,77,3+6,2,boneseg,0.7146960151697217,-0.9401020682245491
F,77,3+6,2,sam2_bplus,0.44158358452899527,25.369795863550905
F,77,3+6,2,intersection_sam2_bplus,0.7241535434111245,-1.2171971528337355
F,77,3+6,2,sam2_large,0.47651579981366393,22.176269137792104
F,77,3+6,2,intersection_sam2_large,0.7217426857280229,-1.1417203867848507
F,77,25+25,0,boneseg,0.8039479997258333,1.767761214074671
F,77,25+25,0,sam2_bplus,0.5075616767296613,2.991001880204138
F,77,25+25,0,intersection_sam2_bplus,0.6560489496635128,-4.175765511684125
F,77,25+25,0,sam2_large,0.49828613559324836,20.344983883964545
F,77,25+25,0,intersection_sam2_large,0.8144373030564558,1.4714947622884775
F,77,25+25,1,boneseg,0.8176733744046896,0.1833870534515185
F,77,25+25,1,sam2_bplus,0.6521956063807429,0.6523301101262433
F,77,25+25,1,intersection_sam2_bplus,0.7105907700438021,-3.757017190437818
F,77,25+25,1,sam2_large,0.6313159421408817,11.034683051302713
F,77,25+25,1,intersection_sam2_large,0.8333174630164938,-0.5299489658877246
F,77,25+25,2,boneseg,0.8162471707707801,-0.07151490733279608
F,77,25+25,2,sam2_bplus,0.147656086824744,1.1043849046467908
F,77,25+25,2,intersection_sam2_bplus,0.20956126035301917,-8.219513832930431
F,77,25+25,2,sam2_large,0.4811633024623118,21.788980660757453
F,77,25+25,2,intersection_sam2_large,0.8196924391998945,-0.16495433789954284
F,100,3+6,0,boneseg,0.7199862657868809,-3.139202256244964
F,100,3+6,0,sam2_bplus,0.4725539270158894,17.145715820574807
F,100,3+6,0,intersection_sam2_bplus,0.7173703726981334,-3.2782366371206013
F,100,3+6,0,sam2_large,0.41162682235887516,22.241001880204138
F,100,3+6,0,intersection_sam2_large,0.705052668251496,-3.52692720923986
F,100,3+6,1,boneseg,0.7365464880935088,-2.7653102336825137
F,100,3+6,1,sam2_bplus,0.7407340188661706,-1.4638732205210854
F,100,3+6,1,intersection_sam2_bplus,0.63011960608676,-4.301806338973946
F,100,3+6,1,sam2_large,0.6580914413853245,-3.697219983883964
F,100,3+6,1,intersection_sam2_large,0.5879640836546852,-4.705345151759333
F,100,3+6,2,boneseg,0.7680750260693462,3.393499865699704
F,100,3+6,2,sam2_bplus,0.40401040652124387,24.044251947354283
F,100,3+6,2,intersection_sam2_bplus,0.8085503640152066,2.283910824603815
F,100,3+6,2,sam2_large,0.5436573994845227,9.263698630136988
F,100,3+6,2,intersection_sam2_large,0.8019221601880954,-0.011616975557346976
F,100,25+25,0,boneseg,0.7994888404645135,1.9944601128122486
F,100,25+25,0,sam2_bplus,0.6118842291789722,0.4192183722804188
F,100,25+25,0,intersection_sam2_bplus,0.6954690106013841,-2.6225490196078427
F,100,25+25,0,sam2_large,0.7274460440446802,-1.5233346763362876
F,100,25+25,0,intersection_sam2_large,0.7322591935503338,-2.723912167606769
F,100,25+25,1,boneseg,0.7751545018009812,-1.1881211388665056
F,100,25+25,1,sam2_bplus,0.5329840111808587,4.434830781627719
F,100,25+25,1,intersection_sam2_bplus,0.6632798615964048,-3.8054995970991135
F,100,25+25,1,sam2_large,0.6632006893999581,-3.6593808756379262
F,100,25+25,1,intersection_sam2_large,0.6211280666809335,-4.396051571313457
F,100,25+25,2,boneseg,0.810840691750546,-0.5990800429760945
F,100,25+25,2,sam2_bplus,0.560747071858183,2.457896857373086
F,100,25+25,2,intersection_sam2_bplus,0.672791295179798,-3.5133628793983345
F,100,25+25,2,sam2_large,0.7154397084762846,-2.7761885576148266
F,100,25+25,2,intersection_sam2_large,0.6727533723163961,-3.9096830513027125
F,124,3+6,0,boneseg,0.7075077943731527,1.524409078699973
F,124,3+6,0,sam2_bplus,0.7735221072977414,1.382117915659414
F,124,3+6,0,intersection_sam2_bplus,0.7890655774543628,-1.0999529948965883
F,124,3+6,0,sam2_large,0.544707568416024,-3.9603814128391077
F,124,3+6,0,intersection_sam2_large,0.5422497567126743,-4.001477303250066
F,124,3+6,1,boneseg,0.7317535599647317,-2.147528874563524
F,124,3+6,1,sam2_bplus,0.32739096969459774,27.37818963201719
F,124,3+6,1,intersection_sam2_bplus,0.7321759096553502,-2.3357507386516243
F,124,3+6,1,sam2_large,0.6082529968725615,-2.871004566210045
F,124,3+6,1,intersection_sam2_large,0.6036799957502755,-3.687214611872146
F,124,3+6,2,boneseg,0.7179285414624285,1.646085146387323
F,124,3+6,2,sam2_bplus,0.7439636082898392,0.7255573462261617
F,124,3+6,2,intersection_sam2_bplus,0.7671625826526643,-1.3695944131077082
F,124,3+6,2,sam2_large,0.3989074257347974,3.2984152565135645
F,124,3+6,2,intersection_sam2_large,0.606982578355036,-2.704975825946817
F,124,25+25,0,boneseg,0.7748068924539513,1.3439430566747248
F,124,25+25,0,sam2_bplus,0.5830633922620518,0.6073730862207904
F,124,25+25,0,intersection_sam2_bplus,0.6478646203820451,-2.802276390008058
F,124,25+25,0,sam2_large,0.6868522986475727,-2.583601933924254
F,124,25+25,0,intersection_sam2_large,0.6766557045905234,-2.8961858716089175
F,124,25+25,1,boneseg,0.7745687729663521,-2.1501813053988714
F,124,25+25,1,sam2_bplus,0.6534873318636378,3.013967230727907
F,124,25+25,1,intersection_sam2_bplus,0.6937128318889076,-3.084139135106097
F,124,25+25,1,sam2_large,0.6811300036602003,-2.700543916196615
F,124,25+25,1,intersection_sam2_large,0.6180770802395926,-3.693426000537201
F,124,25+25,2,boneseg,0.7978158328879801,0.6498119795863557
F,124,25+25,2,sam2_bplus,0.6124026965622555,4.22925060435133
F,124,25+25,2,intersection_sam2_bplus,0.7640333653618526,-1.7445944131077082
F,124,25+25,2,sam2_large,0.6551395122563636,-3.102538275584206
F,124,25+25,2,intersection_sam2_large,0.646998677155693,-3.2921702927746437
F,154,3+6,0,boneseg,0.7589174950551757,2.0382420091324196
F,154,3+6,0,sam2_bplus,0.7997738867455236,-0.5622817620198761
F,154,3+6,0,intersection_sam2_bplus,0.8032972022679908,-0.9061240934730055
F,154,3+6,0,sam2_large,0.5299755959050235,-3.691243620735966
F,154,3+6,0,intersection_sam2_large,0.5231126596980256,-3.768869191512221
F,154,3+6,1,boneseg,0.7644188796589632,-0.9423515981735164
F,154,3+6,1,sam2_bplus,0.32552511910913173,24.07688691915122
F,154,3+6,1,intersection_sam2_bplus,0.7720132750074323,-1.373556271823798
F,154,3+6,1,sam2_large,0.5629144486279717,7.684965081923179
F,154,3+6,1,intersection_sam2_large,0.7711487197798477,-1.5339108246038142
F,154,3+6,2,boneseg,0.6910933699625512,4.082292506043514
F,154,3+6,2,sam2_bplus,0.8177260582772276,-0.1386986301369868
F,154,3+6,2,intersection_sam2_bplus,0.8216809544260448,-0.40189363416599555
F,154,3+6,2,sam2_large,0.7018880665192581,-2.2980123556271823
F,154,3+6,2,intersection_sam2_large,0.7000096386182875,-2.339477571850658
F,154,25+25,0,boneseg,0.7997920313150753,-0.10707091055600326
F,154,25+25,0,sam2_bplus,0.7057606771170705,3.108648939027665
F,154,25+25,0,intersection_sam2_bplus,0.7918463371054199,-1.1668009669621275
F,154,25+25,0,sam2_large,0.8331241875671752,-0.5082594681708299
F,154,25+25,0,intersection_sam2_large,0.7857197635503038,-1.496206016653237
F,154,25+25,1,boneseg,0.8079844041362942,-0.5577491270480799
F,154,25+25,1,sam2_bplus,0.765755401391444,1.1002551705613755
F,154,25+25,1,intersection_sam2_bplus,0.7715898559272053,-1.6817418748321247
F,154,25+25,1,sam2_large,0.8352980090112877,-0.36197287134031697
F,154,25+25,1,intersection_sam2_large,0.7937594363361852,-1.4335549288208433
F,154,25+25,2,boneseg,0.8270850717209044,1.0784313725490193
F,154,25+25,2,sam2_bplus,0.6449255931155803,5.213302444265377
F,154,25+25,2,intersection_sam2_bplus,0.843464104864461,-0.12862610797743734
F,154,25+25,2,sam2_large,0.7831694791347528,-1.3728511952726299
F,154,25+25,2,intersection_sam2_large,0.7798404390090162,-1.5751410153102334
F,178,3+6,0,boneseg,0.7577746001482893,1.0755439161966152
F,178,3+6,0,sam2_bplus,0.7132740637031851,0.38675127585280666
F,178,3+6,0,intersection_sam2_bplus,0.7610613827047152,-1.0711120064464144
F,178,3+6,0,sam2_large,0.4633482857106482,-3.6922172978780554
F,178,3+6,0,intersection_sam2_large,0.4582407685379766,-3.7750470051034113
F,178,3+6,1,boneseg,0.7782442562653078,0.1442720923986034
F,178,3+6,1,sam2_bplus,0.8160526442925033,1.6006916465216223
F,178,3+6,1,intersection_sam2_bplus,0.8157259934573592,-0.8168479720655384
F,178,3+6,1,sam2_large,0.6704904315905963,-1.6523636852001076
F,178,3+6,1,intersection_sam2_large,0.6248574774275061,-2.887389202256245
F,178,3+6,2,boneseg,0.7320246502050458,1.913342734354016
F,178,3+6,2,sam2_bplus,0.2872355008876576,28.073999462798817
F,178,3+6,2,intersection_sam2_bplus,0.7922528264048239,0.8187953263497176
F,178,3+6,2,sam2_large,0.43457080610021787,-3.8982675261885578
F,178,3+6,2,intersection_sam2_large,0.43461673083654184,-3.9298280956218106
F,178,25+25,0,boneseg,0.781098385429094,1.9047139403706685
F,178,25+25,0,sam2_bplus,0.03822684906125382,11.011012624227774
F,178,25+25,0,intersection_sam2_bplus,0.11316086307899428,-5.1445406929895245
F,178,25+25,0,sam2_large,0.8041793355077671,0.5430432446951379
F,178,25+25,0,intersection_sam2_large,0.8255438313916775,-0.5974012892828364
F,178,25+25,1,boneseg,0.8022568526584035,0.39897260273972623
F,178,25+25,1,sam2_bplus,0.5823884584557841,0.9634031694869725
F,178,25+25,1,intersection_sam2_bplus,0.6474534143947578,-2.0938759065269945
F,178,25+25,1,sam2_large,0.6190850732786305,-1.8283977974751546
F,178,25+25,1,intersection_sam2_large,0.6186843340571773,-2.806171098576417
F,178,25+25,2,boneseg,0.7823483909918182,-0.9261348374966429
F,178,25+25,2,sam2_bplus,0.6721602549510585,3.145782970722535
F,178,25+25,2,intersection_sam2_bplus,0.7373580573171602,-1.7193459575611065
F,178,25+25,2,sam2_large,0.6940201223384698,-1.5590921300026856
F,178,25+25,2,intersection_sam2_large,0.6679955636821439,-2.642962664517862
F,202,3+6,0,boneseg,0.6681114481434683,5.259266720386785
F,202,3+6,0,sam2_bplus,0.688039199798713,3.0959575611066352
F,202,3+6,0,intersection_sam2_bplus,0.7702653111827423,0.8906795594950312
F,202,3+6,0,sam2_large,0.3095256299629723,27.310535858178888
F,202,3+6,0,intersection_sam2_large,0.7106310334807736,3.9885844748858457
F,202,3+6,1,boneseg,0.579091292910266,-2.31204673650282
F,202,3+6,1,sam2_bplus,0.7763142366942328,2.144238517324739
F,202,3+6,1,intersection_sam2_bplus,0.5919325546910145,-2.574435938759065
F,202,3+6,1,sam2_large,0.31546529807512297,27.16458501208703
F,202,3+6,1,intersection_sam2_large,0.593013626189423,-2.5550966962127313
F,202,3+6,2,boneseg,0.6067801625470244,7.546904378189632
F,202,3+6,2,sam2_bplus,0.7208700885887863,1.6305398871877523
F,202,3+6,2,intersection_sam2_bplus,0.7515220950922888,0.5959575611066343
F,202,3+6,2,sam2_large,0.6025622119237298,-1.9494695138329305
F,202,3+6,2,intersection_sam2_large,0.6153815557890481,-2.5205815202793445
F,202,25+25,0,boneseg,0.7933904164173528,0.19960381412839112
F,202,25+25,0,sam2_bplus,0.5838277253296225,4.118419285522428
F,202,25+25,0,intersection_sam2_bplus,0.7198293627275489,-1.4897596024711248
F,202,25+25,0,sam2_large,0.6240670943264358,-1.889202256244964
F,202,25+25,0,intersection_sam2_large,0.6120390120873077,-2.639269406392694
F,202,25+25,1,boneseg,0.7933761042989701,-0.2681305398871876
F,202,25+25,1,sam2_bplus,0.41228420933114146,0.9523905452591999
F,202,25+25,1,intersection_sam2_bplus,0.4857156846866867,-3.7359320440504966
F,202,25+25,1,sam2_large,0.8083693773249313,0.7712530217566478
F,202,25+25,1,intersection_sam2_large,0.7839095764010221,-1.1009602471125435
F,202,25+25,2,boneseg,0.7885736943014023,0.7289820037604082
F,202,25+25,2,sam2_bplus,0.60219306203916,3.6332258930969648
F,202,25+25,2,intersection_sam2_bplus,0.7349939739699728,-1.5625167875369321
F,202,25+25,2,sam2_large,0.6873406017883626,-1.8286999731399405
F,202,25+25,2,intersection_sam2_large,0.6801348338049474,-2.351060972334139
F,225,3+6,0,boneseg,0.7187355955040244,0.7483883964544722
F,225,3+6,0,sam2_bplus,0.7561981838849413,0.8977974751544453
F,225,3+6,0,intersection_sam2_bplus,0.7298539425876465,-1.8441780821917808
F,225,3+6,0,sam2_large,0.6802410280538062,-2.5562718237980127
F,225,3+6,0,intersection_sam2_large,0.5964444753907944,-3.7939497716894977
F,225,3+6,1,boneseg,0.7015992544268407,-0.892526188557615
F,225,3+6,1,sam2_bplus,0.7543744624295186,0.7045057749127048
F,225,3+6,1,intersection_sam2_bplus,0.7043935676235943,-2.3197354284179426
F,225,3+6,1,sam2_large,0.5579469310330679,-3.7646051571313457
F,225,3+6,1,intersection_sam2_large,0.5369167275527734,-4.2006446414182115
F,225,3+6,2,boneseg,0.5795238217740276,-3.9612543647596024
F,225,3+6,2,sam2_bplus,0.3361747679915049,24.67794789148536
F,225,3+6,2,intersection_sam2_bplus,0.579899846943252,-4.070272629599785
F,225,3+6,2,sam2_large,0.3868681687821018,-5.1069030351866775
F,225,3+6,2,intersection_sam2_large,0.30432377507424685,-5.844245232339511
F,225,25+25,0,boneseg,0.7061923676492606,4.658776524308354
F,225,25+25,0,sam2_bplus,0.6979720641267948,1.2483548213806062
F,225,25+25,0,intersection_sam2_bplus,0.7267178235088944,-0.15585549288208433
F,225,25+25,0,sam2_large,0.8420450843360833,1.5718842331453127
F,225,25+25,0,intersection_sam2_large,0.8492932367852626,0.597535589578297
F,225,25+25,1,boneseg,0.7441806325313157,-1.7107507386516252
F,225,25+25,1,sam2_bplus,0.7271455971629617,2.9802914316411497
F,225,25+25,1,intersection_sam2_bplus,0.726014747041357,-2.5860529143164115
F,225,25+25,1,sam2_large,0.8071229179620835,0.8247381144238508
F,225,25+25,1,intersection_sam2_large,0.7297308666279666,-2.4297945205479454
F,225,25+25,2,boneseg,0.8236332420897313,0.20618452860596292
F,225,25+25,2,sam2_bplus,0.6289336077076639,0.8857440236368523
F,225,25+25,2,intersection_sam2_bplus,0.6956563924171644,-2.636818426000537
F,225,25+25,2,sam2_large,0.8174064966115614,0.3567351598173518
F,225,25+25,2,intersection_sam2_large,0.8077499199388436,-1.4018936341659956
F,249,3+6,0,boneseg,0.700721415054835,-2.754700510341123
F,249,3+6,0,sam2_bplus,0.7131961771002371,-0.25721864088100954
F,249,3+6,0,intersection_sam2_bplus,0.6564630953223409,-3.561811710985764
F,249,3+6,0,sam2_large,0.7705892109705053,-1.6582057480526453
F,249,3+6,0,intersection_sam2_large,0.647272664373827,-3.7766250335750735
F,249,3+6,1,boneseg,0.6853788456093208,2.2447287134031697
F,249,3+6,1,sam2_bplus,0.3999120593233148,21.22901557883427
F,249,3+6,1,intersection_sam2_bplus,0.6992611788057562,1.627585280687617
F,249,3+6,1,sam2_large,0.7147227693726164,-2.604888530754767
F,249,3+6,1,intersection_sam2_large,0.6946825272208476,-3.020883695944131
F,249,3+6,2,boneseg,0.7008988938935531,-1.6179156594144501
F,249,3+6,2,sam2_bplus,0.34294941378710914,28.034011549825408
F,249,3+6,2,intersection_sam2_bplus,0.7124324351166076,-1.900315605694332
F,249,3+6,2,sam2_large,0.692493047233015,-2.227739726027397
F,249,3+6,2,intersection_sam2_large,0.6398004769742367,-3.428283642224013
F,249,25+25,0,boneseg,0.734778615639592,3.660287402632287
F,249,25+25,0,sam2_bplus,0.6669620923847599,2.0032567821649216
F,249,25+25,0,intersection_sam2_bplus,0.704407328249646,-0.15350523771152247
F,249,25+25,0,sam2_large,0.8194395640131914,-0.03965216223475654
F,249,25+25,0,intersection_sam2_large,0.8135276273322898,-0.879734085414988
F,249,25+25,1,boneseg,0.7730008877024058,0.12197824335213525
F,249,25+25,1,sam2_bplus,0.6508023604716864,1.0368318560300835
F,249,25+25,1,intersection_sam2_bplus,0.6739375983705213,-2.7304928820843406
F,249,25+25,1,sam2_large,0.758842216553245,-2.116941982272361
F,249,25+25,1,intersection_sam2_large,0.7379877649632082,-2.6516586086489387
F,249,25+25,2,boneseg,0.731626663020909,0.29425194735428484
F,249,25+25,2,sam2_bplus,0.6830742111197573,1.4904646790222937
F,249,25+25,2,intersection_sam2_bplus,0.6779787557216927,-2.381345688960516
F,249,25+25,2,sam2_large,0.8098511591420491,-0.7853545527800154
F,249,25+25,2,intersection_sam2_large,0.7719439977440572,-2.2069903303787264
