dataset,setting,prompt,method,dice,lo,hi,nsd,area_bias,n
bone,5-shot,boxes,boneseg_ftclicks,0.7810037973596797,0.7369931054143575,0.8208515238677209,0.18631632937439316,3.079789805140217,50
bone,5-shot,boxes,samft_t_ende_adapter_box,0.7396031366073528,0.6863686541246309,0.7918444840152477,0.23102697067877997,-1.4270887829527634,50
bone,5-shot,none,boneseg_ftlayer,0.7807148400654087,0.7300066862760228,0.8250427884181515,0.2340430847716806,-0.7264633103800172,50
bone,5-shot,none,boneseg_ftlearned,0.814691918711201,0.7733157473479872,0.8484739038461344,0.26577030238346616,0.08476484710261298,50
bone,5-shot,none,boneseg_learned,0.7893627101806319,0.7570155272353135,0.8188353428215098,0.21761712316547993,0.31608403292901965,50
bone,5-shot,none,samft_b_dec_adapter,0.6603765744461502,0.43390523221828303,0.8175142191002073,0.20854935720507276,1.782897718729798,50
bone,5-shot,none,samft_b_ende_adapter,0.8410664747549228,0.797536725760513,0.8722439821494655,0.30887329818900144,0.5963600903175,50
bone,5-shot,none,samft_b_ende_lora,0.8325467919748366,0.7838578904121768,0.8678843499882672,0.301942317707571,0.6777832684424016,50
bone,5-shot,points_bg,boneseg_ftclicks,0.7774577624231025,0.7037535516681598,0.8294043543618707,0.21938587653418895,3.241953159211678,50
bone,zero-shot,boxes,boneseg,0.4609483877248214,0.3895426969474541,0.5344458431208429,0.06309003593957063,11.607000781821812,50
bone,zero-shot,boxes,microsam,0.7139557708882838,0.6388182408052259,0.7641974441332489,0.1856024431067967,2.502956968339272,50
bone,zero-shot,boxes,mobilesam,0.6373525996694134,0.5774105794356144,0.6955313935597544,0.1553106639503657,10.506888591336224,50
bone,zero-shot,boxes,sam,0.6762614754289235,0.5969744071099164,0.7572494316675011,0.20695705450445723,5.750815429962146,50
bone,zero-shot,boxes,samh,0.7065797934134361,0.6355447867013567,0.7783754253945979,0.19967941102648643,6.835859922078896,50
bone,zero-shot,points,microsam,0.49275120281086293,0.3548973210667267,0.5903046728424526,0.08021934415343464,18.22304694627772,50
bone,zero-shot,points,mobilesam,0.2850238709081928,0.2050213940681976,0.3925760889601307,0.059317208940629695,53.411461914455714,50
bone,zero-shot,points,sam,0.5483753822938703,0.3762468362247558,0.720448495049625,0.13925553368072355,24.89105256993572,50
bone,zero-shot,points,samh,0.3250493092400142,0.24601274478263524,0.4485621830664574,0.05870576197844437,46.007650899805284,50
bone,zero-shot,points_bg,boneseg,0.686583191726865,0.6246485723306446,0.7434657771119572,0.1666698683660341,2.5235511062671327,50
bone,zero-shot,points_bg,microsam,0.5157904081695783,0.3784923769222026,0.6143900237617108,0.10998879166983441,12.791502489751203,50
bone,zero-shot,points_bg,mobilesam,0.4964408031684557,0.4447956714108036,0.5488377110071179,0.10534881610552581,16.889461146925797,50
bone,zero-shot,points_bg,sam,0.6532846024867357,0.5359558093716488,0.7622142429425631,0.17102478735444404,9.847290335909827,50
bone,zero-shot,points_bg,samh,0.624612944657194,0.5408956139322604,0.7036196644540107,0.14620125663948877,9.515866553104939,50
osteoclasts,5-shot,boxes,boneseg_ftclicks,0.8245440417181706,0.7575402100411459,0.8750260078388118,0.3885890768927635,0.1614071417813814,100
osteoclasts,5-shot,boxes,samft_t_ende_adapter_box,0.1905142554179778,0.030665652515900584,0.4611866057271612,0.09696639854246168,24.736662348316035,100
osteoclasts,5-shot,none,boneseg_ftlayer,0.6520826870420858,0.5845090396253323,0.7245580682838993,0.2603757126453337,-0.6061622314809498,100
osteoclasts,5-shot,none,boneseg_ftlearned,0.7213068159552359,0.6482974035746476,0.7917940867644521,0.3344986712785868,-0.03030880719898854,100
osteoclasts,5-shot,none,boneseg_learned,0.6623400255005849,0.5840678671108844,0.7381894830043184,0.2294397712920196,-0.07448709625208717,100
osteoclasts,5-shot,none,samft_b_dec_adapter,0.2635716179291106,0.0,0.5594571291055599,0.12145010531318526,-1.7504011399494395,100
osteoclasts,5-shot,none,samft_b_ende_adapter,0.7036420800816124,0.6334468154536921,0.7727839161277748,0.3400038513602274,-0.044636991249314625,100
osteoclasts,5-shot,none,samft_b_ende_lora,0.6742883077196101,0.5678609538680456,0.7701262360208477,0.3514746117434365,-0.28837941247512267,100
osteoclasts,5-shot,points_bg,boneseg_ftclicks,0.6868307069435712,0.5828320070478328,0.7764530733701575,0.2828318152555187,1.433668316798315,100
osteoclasts,zero-shot,boxes,boneseg,0.7520012358308884,0.6933707091219586,0.8014224913456002,0.2680071646149015,0.7272818467105455,100
osteoclasts,zero-shot,boxes,microsam,0.8838185100770752,0.8402334160779652,0.9190080542135339,0.593770227152555,0.07947445327964898,100
osteoclasts,zero-shot,boxes,mobilesam,0.8792277499417069,0.8062290448865114,0.9282589360030542,0.6296455758046617,-0.2557422901589317,100
osteoclasts,zero-shot,boxes,sam,0.8838664511066072,0.8119665205156164,0.9327402349906073,0.6554815084421847,-0.2719811211499446,100
osteoclasts,zero-shot,boxes,samh,0.8790470464467708,0.7966789257969168,0.9319265488389343,0.6449239199337584,-0.27237354065310376,100
osteoclasts,zero-shot,points,microsam,0.3171645088242332,0.23745780452999973,0.3971282078536726,0.14405744633396597,31.121788318566946,100
osteoclasts,zero-shot,points,mobilesam,0.30546807380677526,0.1958142627836256,0.4226326835121014,0.18363851591736535,52.099383066989375,100
osteoclasts,zero-shot,points,sam,0.5514073582476067,0.41642272253950896,0.6628686104956943,0.3001297488581722,9.846522246039836,100
osteoclasts,zero-shot,points,samh,0.36277247296601534,0.24095082555314282,0.48733284115390013,0.22372949433854913,40.79475998089121,100
osteoclasts,zero-shot,points_bg,boneseg,0.5695906924294524,0.4716493489088023,0.6676844075663221,0.19022546970447768,1.6558434263589676,100
osteoclasts,zero-shot,points_bg,microsam,0.13210318191627676,0.09745050027649203,0.17520833156223503,0.028383783863036652,52.99216441043242,100
osteoclasts,zero-shot,points_bg,mobilesam,0.3384993168162589,0.23056853919939546,0.4471007941338507,0.1320101857568699,19.126575869651184,100
osteoclasts,zero-shot,points_bg,sam,0.32505865608505374,0.23562336518772375,0.42375736517994467,0.12073005047953647,20.845324329419526,100
osteoclasts,zero-shot,points_bg,samh,0.43951263526821355,0.3142745897763668,0.5528273084085324,0.18452004045759982,11.751192267945292,100
plasma,5-shot,boxes,boneseg_ftclicks,0.8267244672003099,0.8072051175674432,0.8458165744334968,0.216819672104905,-3.011228409996944,199
plasma,5-shot,boxes,samft_t_ende_adapter_box,0.44827157168423737,0.42682395340825624,0.4684386293736041,0.07021864444798062,-2.6268689842674733,199
plasma,5-shot,none,boneseg_ftlayer,0.7303022022487239,0.707868065573961,0.7512021540956949,0.2077332681135292,1.829982387934184,199
plasma,5-shot,none,boneseg_ftlearned,0.716078156266871,0.691690541739362,0.7383065626479514,0.1756384637328423,1.1859314792411995,199
plasma,5-shot,none,boneseg_learned,0.5842847721986709,0.5613116989149569,0.6067211449594937,0.09190691552870756,6.263325587126305,199
plasma,5-shot,none,samft_b_dec_adapter,0.5039030476625249,0.48328128986548735,0.5262050933650144,0.07275548520317782,3.4662247278918596,199
plasma,5-shot,none,samft_b_ende_adapter,0.6127861434845641,0.5913795747341688,0.634379637718403,0.1261483361331795,3.915558696259073,199
plasma,5-shot,none,samft_b_ende_lora,0.6101610596949073,0.588030537497928,0.6318373623261588,0.15635267336724532,4.274778599789069,199
plasma,5-shot,points_bg,boneseg_ftclicks,0.7685419624469444,0.7520999592861076,0.784563076244352,0.15122144081989486,2.154401731163821,199
plasma,full data,none,samft_b_ende_adapter,0.8062467868195103,0.786131062960492,0.8247590138494356,0.3885460892256739,2.863091499162479,199
plasma,zero-shot,boxes,boneseg,0.5888305645373697,0.5613968131954917,0.6148741626641013,0.08905929318850303,-5.377929815400735,199
plasma,zero-shot,boxes,microsam,0.9039250871435422,0.8912266032785862,0.9158577326646457,0.3045542553317031,-1.7047451118762538,199
plasma,zero-shot,boxes,mobilesam,0.853052445823599,0.8359603197292197,0.8690765525542811,0.3709039258400003,-3.5838244721550137,199
plasma,zero-shot,boxes,sam,0.7816033028416637,0.7649750702028073,0.798078624598957,0.3315743862994248,-4.880286312391864,199
plasma,zero-shot,boxes,samh,0.790700091800722,0.7725990843918242,0.8086124697162037,0.3440679497621565,-4.802996679212248,199
plasma,zero-shot,points,microsam,0.7637609688549029,0.7404040093451747,0.7864595696147744,0.15675025600819714,6.966081694480633,199
plasma,zero-shot,points,mobilesam,0.4344716780426672,0.4036478223386071,0.46818120504779887,0.07556480707144156,45.87565183599754,199
plasma,zero-shot,points,sam,0.6442407318498371,0.6213471137677956,0.666613686243272,0.16671968673658338,10.329915179463848,199
plasma,zero-shot,points,samh,0.5708058881295097,0.5441005844347174,0.5965246836842225,0.1417452340273902,18.642619497521903,199
plasma,zero-shot,points_bg,boneseg,0.4663501452803445,0.45103068316519646,0.4821893581163724,0.04623698449586419,0.05142557351228027,199
plasma,zero-shot,points_bg,microsam,0.7026187080334897,0.6803798802076646,0.7230980892781972,0.1071321146883037,8.62567305405629,199
plasma,zero-shot,points_bg,mobilesam,0.5749678071075774,0.5563086713165458,0.5931858907499944,0.12996127281821576,10.182600028606682,199
plasma,zero-shot,points_bg,sam,0.5829686884909093,0.5671929225114224,0.5991439470448606,0.08971978417943068,0.1675921833102412,199
plasma,zero-shot,points_bg,samh,0.5991737607589723,0.5798136641881935,0.6183137087896926,0.12158435507713634,0.6658060966699064,199
