method,condition,official,lo,hi,precision,recall,f1,dice_local,dice_nucleus,dice_cytoplasm,count_bias,count_icc,official_nikon,official_olympus
otsu,no input,0.4173698047584239,0.3965458449138928,0.43782479542659736,0.005805231230839475,0.2696969696969697,0.011365813166464466,0.7174065368809232,,,226.14572864321607,-0.0006272074116053758,0.2944681284711652,0.43186944072489825
dino_clicks,10+20 clicks,0.5495290184631672,0.5228736542912695,0.576226321944949,0.03847939340795378,0.5023569023569023,0.07148332694518973,0.8623478788205425,,,59.97319932998325,0.01737159511172477,0.6519739716931382,0.537442816115811
dino_multi,10+20 clicks,0.43253875631458055,0.40640631403185196,0.45949718160928127,0.015258092738407699,0.2936026936026936,0.029008649367930805,0.852565055585075,0.8439492366717941,0.6868620787017519,90.7537688442211,0.011480463250494129,0.5936911483276367,0.41352639545910763
sam,10+20 clicks,0.47487774912208813,0.4467023898282507,0.5016657571925848,0.008852355358836548,0.3771043771043771,0.01729863309908101,0.7456286583251177,,,206.95142378559464,0.00442146124927682,0.5802798571368946,0.462442668963038
microsam,10+20 clicks,0.3942278108437389,0.35947224134249,0.43148016003980616,0.015587839933822768,0.20303030303030303,0.028952801651702116,0.889620143107464,,,59.82244556113903,0.02695114044022104,0.46481183071759574,0.3859004826563737
rf_clicks,10+20 clicks,0.3662458664832788,0.34620260180242163,0.38612072326217745,0.005351198402130493,0.2164983164983165,0.010444245918947454,0.8068877286722281,,,196.29815745393637,0.003916727336539857,0.388091172597548,0.3636686112675504
dino_clicks,3+6 clicks,0.43936108865163637,0.41648852430584826,0.4634691192780461,0.023397713077736138,0.32794612794612793,0.04367908874837437,0.7933154129423673,,,64.7537688442211,0.010259102756743561,0.5140026304553239,0.4305550640568193
dino_multi,3+6 clicks,0.3561687245541439,0.334301833703124,0.37919923491079816,0.008252665387875273,0.18686868686868688,0.015807237151279532,0.7006766455643231,0.5808186333841939,0.5226419195848623,107.67336683417085,0.010953773646946838,0.43371916811295014,0.3470195149208015
sam,3+6 clicks,0.3894158493389793,0.3614703785003247,0.4198032082181785,0.011940442811563376,0.2494949494949495,0.02279018269053331,0.6795158972833022,,,98.9748743718593,0.011455285198534042,0.46461896778095996,0.3805435713205434
microsam,3+6 clicks,0.35856049514922833,0.32694751899329405,0.39242939022037887,0.015528679621910409,0.17811447811447811,0.02856679987039637,0.8050014109509304,,,52.08710217755444,0.017409445271750503,0.4196241261408402,0.35135635890864503
rf_clicks,3+6 clicks,0.3265387708670415,0.30751860061031294,0.3454227087091761,0.005416414870520826,0.16296296296296298,0.01048436010744303,0.7510920839568859,,,144.7035175879397,0.002529211607998598,0.32576841300841836,0.3266296557829465
dino_labels,5 labelled training images,0.4184665093591423,0.39086629663500033,0.4457886019147231,0.06853303471444569,0.3090909090909091,0.11219065077910174,0.8663240040656102,,,17.462311557788944,0.06131435225449939,0.5003457606145292,0.4088065976941808
