sample,method,n_slices,BV_mm3,BV/TV_%,BS/BV_per_mm,Tb.Th_um,Tb.N_per_mm,Tb.Sp_um,dice_3d
A,expert,202,0.115156938,13.654781524136869,35.9380886101686,55.65126241672476,2.453633741834619,351.90752802128287,
A,clicks,202,0.161703932,19.17411057815626,31.944465735293345,62.60865392374779,3.0625335918431915,263.91837672284447,0.6313020760210715
A,labels_same,202,0.172544944,20.45958805725132,27.82323600578285,71.88236478259809,2.846259735489998,279.4559152524265,0.7072718279958975
A,labels_other,202,0.180734346,21.43064978453804,35.44440233212983,56.42639932983237,3.7979828660106896,206.87126031716232,0.6481349481047911
C,expert,505,0.475169188,5.056078345394615,34.12149288504404,58.6140825296841,0.8626047064430381,1100.6654722080975,
C,clicks,505,0.217096217,2.3100308466145547,47.36199086990713,42.22795459535381,0.5470382993328119,1785.7976173246325,0.5646908327016572
C,labels_same,505,0.651784666,6.935370429832799,36.80403640122489,54.34186560943182,1.2762481287777254,729.2048268019483,0.7858113966749876
C,labels_other,505,0.588545373,6.262467329231576,34.37447680063717,58.18270374264803,1.076345189617095,870.8872727355722,0.749202635010277
E,expert,390,0.377276107,17.673279887646096,22.58478478985477,88.55519406580366,1.9957361139667793,412.51305488839944,
E,clicks,390,0.261586481,12.25386661853309,42.645427348612685,46.898345833203685,2.612856893101215,335.82449009413796,0.6003779642203747
E,labels_same,390,0.422543602,19.793809372826615,26.05542086347223,76.75945863549079,2.578680168501694,311.0358221499647,0.8421786390362631
E,labels_other,390,0.461708,21.628442827325145,26.491119671395506,75.49699766595948,2.8648083362230317,273.56649372222944,0.8164530558860753
F,expert,233,0.278876364,7.646135813672111,27.73623988612625,72.1078274564681,1.060375285649554,870.9545142760912,
F,clicks,233,0.151671923,4.158488391575626,49.73781340605925,40.21085494193342,1.0341705983572596,926.747596196072,0.6236534997525144
F,labels_same,233,0.399605063,10.956233578579647,32.115691408114216,62.27485420085611,1.759335083024414,506.1217006390175,0.7779598040492861
F,labels_other,233,0.407309942,11.167483289444029,31.80240630014013,62.88832301319248,1.7757642046046218,500.2495065516581,0.7211922151066652
D,expert,64,0.09819095198745145,9.029773286354212,40.672657187217865,49.1730842859349,1.8363243667709128,495.39301639618554,
D,clicks,64,0.09754605319291154,8.970467517447085,35.09266416989091,56.99196818792618,1.5739880201834282,578.3368825891355,0.7576428199329369
D,labels_same,64,0.15084523505538588,13.871932660873052,39.735801998993566,50.332443272458825,2.7560618477791183,312.50411672920336,0.7231242044985379
D,labels_other,64,0.1181003770836038,10.860671054845973,38.4135392920325,52.06497596577432,2.0859840715158295,427.32507003458954,0.733079933042916
