ref_file,target_file,Mean_Dice,Mean_IoU,N
A,A,0.5948072739198118,0.4282971763640156,300
A,C,0.5645600499913761,0.4019948315229971,300
A,D,0.6853123733356311,0.5262831987924521,300
A,E,0.595513843327589,0.4307283236939954,300
A,F,0.7003037477429247,0.5411438776556711,300
C,A,0.5252198155936039,0.3631943137013623,300
C,C,0.6186191332690872,0.45607285094307043,300
C,D,0.706550003644798,0.5496483745902734,300
C,E,0.5853628355968368,0.4214945922449472,300
C,F,0.6763274267017337,0.515865819453434,300
D,A,0.4963148502219498,0.33592146261131167,300
D,C,0.5992832142803198,0.4360460656225451,300
D,D,0.7299523075855248,0.5775802406997034,300
D,E,0.4962097449633662,0.3392408774911148,300
D,F,0.6661764717733204,0.5058941942496513,300
E,A,0.5664217531435474,0.3994973015159916,300
E,C,0.5343061423913125,0.37730202978526944,300
E,D,0.5889393191108834,0.433043455060262,300
E,E,0.6212156526058591,0.45882972272460915,300
E,F,0.7036024164925355,0.5461986027295355,300
F,A,0.5325886014019754,0.3667617546877162,300
F,C,0.5285174714112741,0.37034792010883566,300
F,D,0.6700771120866256,0.5076955600382046,300
F,E,0.5755251662796569,0.4097351145747399,300
F,F,0.7182457754184652,0.5633938607866035,300
