value,Mean_Dice,SD_samples_Dice,n_samples,CI95_Dice
2,0.3569810205842526,0.12842407351536256,5,0.15945954858669947
4,0.5486566558515303,0.1447445189330052,5,0.179724058096436
6,0.6437399452393899,0.11456941785637037,5,0.14225672144741885
8,0.6829732784922061,0.07560634639841937,5,0.09387767835864029
10,0.6899604347774029,0.05413532349045379,5,0.06721788220921111
12,0.6792217316175057,0.06483807534562963,5,0.08050710386949153
14,0.659414763663819,0.08790878698961811,5,0.10915317593077245
16,0.6361030814892301,0.10946707054548772,5,0.13592132048516406
18,0.611453764715636,0.1265001112197759,5,0.15707063387036801
20,0.5866030019338673,0.1387710723105805,5,0.17230704448017936
