epoch,train_loss,val_dice,val_iou,best_thr,test_file,variant,seed
1,0.6331287145614624,0.3196837203262873,0.20529740274155123,0.9,A,raw,0
2,0.5231405079364777,0.41982355503387836,0.2776226460755323,0.9,A,raw,0
3,0.4613770282268524,0.5450561683695581,0.38482739526664445,0.9,A,raw,0
4,0.4284315526485443,0.6780060362630286,0.5294018031068762,0.7,A,raw,0
5,0.36940298914909364,0.5982147718627145,0.43600687163244756,0.9,A,raw,0
6,0.33684141516685484,0.7123404678545951,0.562055806940283,0.9,A,raw,0
7,0.31057498216629026,0.7313959734576326,0.5842936700110711,0.8,A,raw,0
8,0.28602587640285493,0.6905180067738328,0.5419371085245848,0.8,A,raw,0
9,0.2707399380207062,0.7438036632898951,0.5978374637748516,0.5,A,raw,0
10,0.2740278124809265,0.726129015471003,0.5765854634826626,0.1,A,raw,0
11,0.2565389037132263,0.7230876961367743,0.5717366304109276,0.4,A,raw,0
12,0.23475379705429078,0.7730365454547024,0.6337425504857528,0.7,A,raw,0
13,0.23527804791927337,0.7258643504093913,0.5801073104204705,0.9,A,raw,0
14,0.21783042967319488,0.6343684473451088,0.47807773544646304,0.1,A,raw,0
15,0.23672983229160308,0.7705995408277155,0.63095055378758,0.1,A,raw,0
16,0.21586307525634765,0.7116614038148725,0.5654929958052953,0.8,A,raw,0
17,0.21898528933525085,0.7874078532542435,0.6535171656261324,0.1,A,raw,0
18,0.19149522244930267,0.7740402235425299,0.6349854650103459,0.1,A,raw,0
19,0.1962551063299179,0.7798995099626075,0.6447837554581671,0.8,A,raw,0
20,0.20377895057201387,0.7917752746075444,0.6614573425752823,0.7,A,raw,0
21,0.18938427031040192,0.6873625956370953,0.5353730161351582,0.9,A,raw,0
22,0.20566965997219086,0.7932286396799162,0.6614329669942216,0.9,A,raw,0
23,0.18986615896224976,0.7880571341548216,0.6568619627545499,0.6,A,raw,0
24,0.18964208662509918,0.7915125992076529,0.6597375090383478,0.1,A,raw,0
25,0.17201190769672395,0.818918915115146,0.6966881706765455,0.7,A,raw,0
26,0.1800166666507721,0.8114316248022247,0.6857982206433362,0.4,A,raw,0
27,0.18600032985210418,0.8024232132879169,0.6728176879190068,0.2,A,raw,0
28,0.19590801000595093,0.7982723549189231,0.6684701882417756,0.9,A,raw,0
29,0.1762204560637474,0.808419195137648,0.6812407579371452,0.2,A,raw,0
30,0.1660870623588562,0.8134271904110075,0.6893927771912678,0.9,A,raw,0
1,0.6088417506217957,0.4322101197872211,0.2811837401557409,0.4,A,heat,0
2,0.5166193950176239,0.6237003031708344,0.45952874688159007,0.7,A,heat,0
3,0.4697775030136108,0.6185921692600195,0.45493967322737633,0.9,A,heat,0
4,0.4308444404602051,0.6652144766232199,0.5020800397275867,0.7,A,heat,0
5,0.3934044480323792,0.6503849012083956,0.48751024976344576,0.5,A,heat,0
6,0.3669761002063751,0.659440485839236,0.49789356241234756,0.8,A,heat,0
7,0.3419045495986939,0.6666000769880605,0.5060537652191798,0.9,A,heat,0
8,0.3198198425769806,0.6768968376397864,0.5170226644605478,0.8,A,heat,0
9,0.30645965695381167,0.6828302667649718,0.5230198319063079,0.8,A,heat,0
10,0.303816477060318,0.6879805128588274,0.5287530485638273,0.3,A,heat,0
11,0.295782767534256,0.6911894675491823,0.5320976432446318,0.8,A,heat,0
12,0.28711786508560183,0.6884852661880952,0.5299034180998727,0.6,A,heat,0
13,0.28855165481567385,0.688943989753907,0.5305443951019438,0.8,A,heat,0
14,0.28487794935703276,0.6944163457430834,0.5359087091456787,0.2,A,heat,0
15,0.28021776854991914,0.6954077115338956,0.536920487032989,0.7,A,heat,0
16,0.2723239767551422,0.6787106380185047,0.5195579198157951,0.6,A,heat,0
17,0.2679799145460129,0.7062599036058473,0.5501707962794703,0.7,A,heat,0
18,0.26036677658557894,0.6833195389548014,0.5226533719079622,0.6,A,heat,0
19,0.26238317906856534,0.6467598832143517,0.48194420438045216,0.6,A,heat,0
20,0.26033732414245603,0.7056914089230909,0.5501797635989806,0.7,A,heat,0
21,0.25489975094795225,0.6845143432572948,0.5255269020530281,0.8,A,heat,0
22,0.2580851173400879,0.7000350013392759,0.5423100616503952,0.3,A,heat,0
23,0.2570056390762329,0.7156174053407218,0.5615829263134247,0.3,A,heat,0
24,0.2503366094827652,0.720527950145972,0.5675384323725738,0.5,A,heat,0
25,0.24975387275218963,0.7044732846534096,0.5474090474299851,0.5,A,heat,0
26,0.26148960411548616,0.685325880229579,0.5252405436847318,0.6,A,heat,0
27,0.25577373266220094,0.6275977724220665,0.46135180808316717,0.1,A,heat,0
28,0.2572963380813599,0.71981761369447,0.566767052402721,0.6,A,heat,0
29,0.24478938221931457,0.7157312633465506,0.5620316710402625,0.7,A,heat,0
30,0.2439516919851303,0.7324133647744756,0.581945378108292,0.2,A,heat,0
1,0.5948075556755066,0.6080708945821413,0.44392883826491203,0.6,A,rawheat,0
2,0.5039278399944306,0.6429248267618061,0.4815489003094337,0.9,A,rawheat,0
3,0.4409408688545227,0.736015685371692,0.5884089712509141,0.9,A,rawheat,0
4,0.39202806711196897,0.7287472696958848,0.5800816155438314,0.8,A,rawheat,0
5,0.3434189760684967,0.7684301429704958,0.6288148616182092,0.8,A,rawheat,0
6,0.30312201857566834,0.7740817082259764,0.6361355221050377,0.7,A,rawheat,0
7,0.2778514438867569,0.7919187194397023,0.6587318090567221,0.5,A,rawheat,0
8,0.2605122274160385,0.7863342304281405,0.651430412100148,0.7,A,rawheat,0
9,0.236650932431221,0.775353806578287,0.6382301462714205,0.9,A,rawheat,0
10,0.22230769515037538,0.7953296794756336,0.6628672977051204,0.7,A,rawheat,0
11,0.2127532410621643,0.7823279296793902,0.6480031903165648,0.6,A,rawheat,0
12,0.21569949507713318,0.7830806205277909,0.6481951871707469,0.9,A,rawheat,0
13,0.203168061375618,0.8023363819924103,0.672977753399005,0.8,A,rawheat,0
14,0.19684367179870604,0.8064777289988941,0.6794127181561769,0.1,A,rawheat,0
15,0.18504199683666228,0.8180691187333202,0.694599716865975,0.6,A,rawheat,0
16,0.17528453826904297,0.790828033981241,0.6583552006548063,0.7,A,rawheat,0
17,0.188917573094368,0.7990776056203026,0.6674784980535539,0.4,A,rawheat,0
18,0.17666140258312224,0.8122067505514782,0.686903126144679,0.7,A,rawheat,0
19,0.17064232349395753,0.820215682451758,0.6982111220095082,0.7,A,rawheat,0
20,0.17696080088615418,0.7715630620522858,0.6338905672362098,0.1,A,rawheat,0
21,0.1752295345067978,0.8183964049626411,0.6952547484907629,0.8,A,rawheat,0
22,0.165814408659935,0.7914627052706625,0.6584628956898455,0.1,A,rawheat,0
23,0.16208078891038893,0.8267263131869241,0.7073662060113263,0.6,A,rawheat,0
24,0.16116199612617493,0.8189660447281782,0.6962897852209295,0.5,A,rawheat,0
25,0.1639075618982315,0.8232014765059787,0.7027847826827882,0.2,A,rawheat,0
26,0.15217072516679764,0.8142696928770495,0.6897571188137637,0.2,A,rawheat,0
27,0.161179039478302,0.8358519249006022,0.7207435688439936,0.2,A,rawheat,0
28,0.14974524646997453,0.8383772329660121,0.7240146058025618,0.7,A,rawheat,0
29,0.1555100643634796,0.8166585588453377,0.6925284306171717,0.8,A,rawheat,0
30,0.162862488925457,0.816838150187372,0.6926351291928694,0.1,A,rawheat,0
1,0.62583918094635,0.6069642337816097,0.44115317341507426,0.8,A,rawheatmask,0
2,0.5357125771045684,0.6260913223433212,0.4609255535996567,0.9,A,rawheatmask,0
3,0.479672269821167,0.6962523617132174,0.538533519096384,0.6,A,rawheatmask,0
4,0.43355374455451967,0.6806581861191932,0.5225346712610568,0.5,A,rawheatmask,0
5,0.3863165843486786,0.29504167069989173,0.18115323483416865,0.2,A,rawheatmask,0
6,0.3488913905620575,0.7452766376090523,0.5976359362660891,0.6,A,rawheatmask,0
7,0.31232747077941897,0.760133089595789,0.617468238253847,0.5,A,rawheatmask,0
8,0.3047882091999054,0.7313652240116271,0.5796882767173436,0.6,A,rawheatmask,0
9,0.27007223427295685,0.7650154785192538,0.6232454197383182,0.8,A,rawheatmask,0
10,0.2644886857271194,0.7599426583130741,0.615071585436294,0.1,A,rawheatmask,0
11,0.24401797115802765,0.7728751120607004,0.6338657210244032,0.7,A,rawheatmask,0
12,0.24827955782413483,0.7707067587832604,0.6305324708315723,0.1,A,rawheatmask,0
13,0.2285834050178528,0.7561291398584448,0.6129607752895366,0.9,A,rawheatmask,0
14,0.21186772108078003,0.7861158378417454,0.6504000811884842,0.1,A,rawheatmask,0
15,0.2101235431432724,0.7461234838715233,0.5973205729980653,0.1,A,rawheatmask,0
16,0.20527169227600098,0.7710821296706929,0.6312362446679689,0.8,A,rawheatmask,0
17,0.20299213528633117,0.7951703403212792,0.6630400037599159,0.9,A,rawheatmask,0
18,0.1909556943178177,0.8018193816601823,0.6722927519200538,0.3,A,rawheatmask,0
19,0.1926092267036438,0.7709170967058699,0.6310414507090303,0.6,A,rawheatmask,0
20,0.18747791826725005,0.7815487608675886,0.6435288122575186,0.2,A,rawheatmask,0
21,0.18141152203083039,0.795310487174089,0.6625853025290414,0.1,A,rawheatmask,0
22,0.18965540707111359,0.7691425329937046,0.6265503091217668,0.1,A,rawheatmask,0
23,0.18376093208789826,0.7985941000764518,0.6675465134321233,0.6,A,rawheatmask,0
24,0.19197450160980226,0.805676131006548,0.6776270083727215,0.7,A,rawheatmask,0
25,0.17315208971500395,0.8030872720792429,0.6743600249507266,0.7,A,rawheatmask,0
26,0.17647702038288116,0.7929723041415428,0.6610106253671795,0.7,A,rawheatmask,0
27,0.17465814888477327,0.816899095078572,0.6931577672469277,0.6,A,rawheatmask,0
28,0.17375318706035614,0.8015564436701196,0.6719794222431367,0.6,A,rawheatmask,0
29,0.17308056712150574,0.8064625577492821,0.678682912590411,0.5,A,rawheatmask,0
30,0.17075376510620116,0.8106290832251019,0.6843867073714045,0.7,A,rawheatmask,0
1,0.6458107686042786,0.31718199967868843,0.19849225253547736,0.5,C,raw,0
2,0.5590635633468628,0.4669319117496526,0.3182067921236437,0.8,C,raw,0
3,0.5026026725769043,0.5359687614310937,0.37989344655730556,0.4,C,raw,0
4,0.47130226731300356,0.5555259931468253,0.3979214336990045,0.5,C,raw,0
5,0.41795831322669985,0.6036805159958305,0.44890949350643256,0.2,C,raw,0
6,0.39286981463432313,0.5694265242247494,0.4100163779165281,0.9,C,raw,0
7,0.3789166486263275,0.5933371700168515,0.43756407482293525,0.7,C,raw,0
8,0.3862153208255768,0.48345310914690015,0.3334627478444464,0.1,C,raw,0
9,0.33703686118125914,0.6629979053021371,0.510769206308969,0.2,C,raw,0
10,0.3498778796195984,0.6365760303529828,0.48279390602346484,0.7,C,raw,0
11,0.31278008460998535,0.6409254141423116,0.4896071950817917,0.1,C,raw,0
12,0.3023312920331955,0.5855998390858043,0.4296373893224495,0.7,C,raw,0
13,0.3084168392419815,0.626868149020375,0.4747370343111947,0.7,C,raw,0
14,0.2968022990226746,0.6694090526239626,0.5210650085178822,0.2,C,raw,0
15,0.29699651777744296,0.6280363131305231,0.4752381290292981,0.9,C,raw,0
16,0.27365742266178134,0.6760720072697052,0.5233300020980718,0.4,C,raw,0
17,0.2850471931695938,0.6515457923384786,0.49699817875655233,0.1,C,raw,0
18,0.27876222610473633,0.6857147004122923,0.539187836106145,0.3,C,raw,0
19,0.28378137469291687,0.6881125805252194,0.5422433907382032,0.1,C,raw,0
20,0.29154889822006225,0.6991218466620865,0.5541565357207119,0.5,C,raw,0
21,0.28561884999275206,0.6220125527043737,0.4930533476958181,0.1,C,raw,0
22,0.2726792073249817,0.6136773887253484,0.4569224360742282,0.1,C,raw,0
23,0.26746064066886904,0.7064267788402416,0.5640829361937368,0.2,C,raw,0
24,0.26005625367164614,0.704651296198585,0.5614849592842852,0.2,C,raw,0
25,0.27591962039470674,0.6800898165959913,0.5329052976492538,0.9,C,raw,0
26,0.2727478700876236,0.2618690784803699,0.17336003123755728,0.1,C,raw,0
27,0.25786535799503324,0.7294440552438701,0.5888647463590089,0.4,C,raw,0
28,0.24683802247047423,0.48413033441137115,0.3496195455512161,0.1,C,raw,0
29,0.24762456595897675,0.723595822080429,0.5802257590019031,0.1,C,raw,0
30,0.24997707068920136,0.6653169585543713,0.5126806226053634,0.1,C,raw,0
1,0.5869021391868592,0.41692987898362205,0.27167343077371686,0.3,C,heat,0
2,0.5034736800193786,0.6101642249082107,0.4446795062518394,0.4,C,heat,0
3,0.4632314801216125,0.6107115339816912,0.4459660747863659,0.5,C,heat,0
4,0.4275566601753235,0.6192431682072115,0.45334384195790794,0.6,C,heat,0
5,0.39916375756263733,0.6136206211050135,0.4485260107622138,0.5,C,heat,0
6,0.3807874619960785,0.6287426753280886,0.46222254845514243,0.6,C,heat,0
7,0.36444409370422365,0.6158169955722623,0.45057561205869945,0.5,C,heat,0
8,0.35123969793319704,0.6427150709959875,0.4778482316589385,0.5,C,heat,0
9,0.3373217272758484,0.6265245378550804,0.4614412337664735,0.8,C,heat,0
10,0.3352617073059082,0.6449086764553904,0.47952750521969967,0.6,C,heat,0
11,0.3243379545211792,0.6455170944650007,0.47994567738465027,0.7,C,heat,0
12,0.320920444726944,0.6589012619755681,0.49601146319646877,0.3,C,heat,0
13,0.3154713535308838,0.6210839132511013,0.4551747980090704,0.1,C,heat,0
14,0.310537486076355,0.6369874032969591,0.47027778085306676,0.3,C,heat,0
15,0.316152446269989,0.6623535242805542,0.49910776155487496,0.7,C,heat,0
16,0.3022094559669495,0.6544591193230295,0.4915560160033984,0.6,C,heat,0
17,0.30592365622520445,0.6681410784683126,0.505831960074428,0.3,C,heat,0
18,0.2985045838356018,0.674263230281646,0.5126940701399461,0.3,C,heat,0
19,0.2953669214248657,0.6778204131103158,0.5170038416897732,0.4,C,heat,0
20,0.2980992233753204,0.6737989117720536,0.5124573465077035,0.7,C,heat,0
21,0.2957334691286087,0.667425454041271,0.504783001646736,0.6,C,heat,0
22,0.2893730556964874,0.6775300121918957,0.5161406866710564,0.3,C,heat,0
23,0.29305321753025054,0.6818109753913076,0.5215346822015735,0.4,C,heat,0
24,0.2906534391641617,0.6782370207191677,0.5175246211128732,0.3,C,heat,0
25,0.29165367484092714,0.6731063667299266,0.5111233689488813,0.3,C,heat,0
26,0.29349006414413453,0.6649954246957563,0.5024700752553692,0.3,C,heat,0
27,0.28877956330776217,0.6696833284177747,0.5071475366291689,0.4,C,heat,0
28,0.28899175584316256,0.6873838828643193,0.52794242376623,0.6,C,heat,0
29,0.28453134179115297,0.6683698124251576,0.5057894016161443,0.2,C,heat,0
30,0.2796830141544342,0.6123610381766292,0.4440349681082999,0.3,C,heat,0
1,0.5747404217720031,0.6121494660643517,0.4475343754954594,0.5,C,rawheat,0
2,0.48861568570137026,0.4143873755390263,0.2670967576366305,0.3,C,rawheat,0
3,0.4346664226055145,0.6932444108433559,0.5374244383569533,0.7,C,rawheat,0
4,0.39449421882629393,0.6725349026274107,0.5134214097475812,0.6,C,rawheat,0
5,0.35569490551948546,0.7220407216175377,0.5707114169465013,0.2,C,rawheat,0
6,0.32069372057914736,0.7220845706832361,0.5720103115112654,0.8,C,rawheat,0
7,0.3066977882385254,0.7295358978266132,0.580224802164145,0.3,C,rawheat,0
8,0.2838725566864014,0.7068060656067877,0.5545350365591538,0.7,C,rawheat,0
9,0.27690562963485715,0.4014815485906362,0.2581604019830072,0.1,C,rawheat,0
10,0.25549733817577364,0.7328539543628411,0.5837735247723902,0.5,C,rawheat,0
11,0.2496732747554779,0.7410433087027745,0.5942041570439873,0.3,C,rawheat,0
12,0.24137933194637298,0.7340059646465376,0.5883083536285685,0.9,C,rawheat,0
13,0.23966351866722108,0.7568550176430878,0.6145459247195366,0.7,C,rawheat,0
14,0.2294625759124756,0.7500102041391489,0.6073996614843801,0.3,C,rawheat,0
15,0.22009893119335175,0.7701327837083665,0.6311843801062207,0.3,C,rawheat,0
16,0.22452395141124726,0.7373839300553976,0.5892303066125938,0.7,C,rawheat,0
17,0.2299732095003128,0.7748312401802305,0.6376970431918252,0.8,C,rawheat,0
18,0.21757931649684906,0.7740626860786246,0.6375527999875235,0.5,C,rawheat,0
19,0.21523692965507507,0.7525354721487229,0.6087144549229057,0.5,C,rawheat,0
20,0.21638525307178497,0.7689619552902727,0.6308967510648932,0.4,C,rawheat,0
21,0.20749493718147277,0.7669379667366715,0.6272586250202422,0.5,C,rawheat,0
22,0.20363062024116516,0.7834877548921817,0.6495740215119616,0.3,C,rawheat,0
23,0.20210909307003022,0.7656958041960703,0.6265829824243471,0.2,C,rawheat,0
24,0.2034857130050659,0.7607078799524145,0.6191196079390886,0.1,C,rawheat,0
25,0.20076479017734528,0.7688994380188937,0.6320560596713911,0.1,C,rawheat,0
26,0.1969241499900818,0.7364309348795441,0.5872755649503282,0.2,C,rawheat,0
27,0.2241284191608429,0.7822478634024421,0.6488411656444386,0.7,C,rawheat,0
28,0.19744734466075897,0.7799839016074306,0.64569734947977,0.6,C,rawheat,0
1,0.6011284840106964,0.619327989254484,0.45227833809160445,0.6,C,rawheatmask,0
2,0.509953727722168,0.6450575498381597,0.47949737965989386,0.6,C,rawheatmask,0
3,0.4579808723926544,0.6079628729539934,0.44169460189644943,0.4,C,rawheatmask,0
4,0.4181582319736481,0.6751789850321964,0.5137869415304488,0.6,C,rawheatmask,0
5,0.382523295879364,0.6858659518837604,0.5267453362113015,0.6,C,rawheatmask,0
6,0.35418143749237063,0.6453282179209446,0.4813734461682418,0.3,C,rawheatmask,0
7,0.3255649256706238,0.6756708943525173,0.5158142262211527,0.7,C,rawheatmask,0
8,0.3202890479564667,0.5676084770891077,0.4087259005639013,0.1,C,rawheatmask,0
9,0.30111247062683105,0.6818601554592584,0.522304581430591,0.8,C,rawheatmask,0
10,0.29678382754325866,0.699948455257925,0.5435897195044952,0.1,C,rawheatmask,0
11,0.27840895354747774,0.7037450479634514,0.548116442998625,0.6,C,rawheatmask,0
12,0.27388558387756345,0.7131925492451395,0.5607706849189805,0.8,C,rawheatmask,0
13,0.2600691491365433,0.7286726601709566,0.5803547748499859,0.7,C,rawheatmask,0
14,0.25050981998443606,0.7467874165872012,0.6017891681214611,0.3,C,rawheatmask,0
15,0.24985693097114564,0.7290627907927534,0.5786884696525036,0.8,C,rawheatmask,0
16,0.23750006556510925,0.7299274625931024,0.5800184271347694,0.8,C,rawheatmask,0
17,0.23863937556743622,0.7431833300851884,0.5958050425217806,0.1,C,rawheatmask,0
18,0.24047694087028504,0.7535678008809282,0.6104727037735942,0.9,C,rawheatmask,0
19,0.2372828370332718,0.7608915168900476,0.6196292143263541,0.6,C,rawheatmask,0
20,0.22511583626270293,0.7476808078899891,0.6024549023813071,0.2,C,rawheatmask,0
21,0.23339581549167632,0.7392010946055393,0.5920407000476317,0.6,C,rawheatmask,0
22,0.22216678082942962,0.7378685971406372,0.5907286833938127,0.1,C,rawheatmask,0
23,0.2207657653093338,0.7695764262096216,0.6308707748663835,0.8,C,rawheatmask,0
24,0.21584823489189148,0.7339933687232546,0.5865759791167436,0.2,C,rawheatmask,0
25,0.2139025318622589,0.770192196641957,0.6316760078365387,0.8,C,rawheatmask,0
26,0.21248251914978028,0.7403837160256126,0.5929573510089741,0.8,C,rawheatmask,0
27,0.21748362958431244,0.7714421929209834,0.6328436399152917,0.4,C,rawheatmask,0
28,0.21861582040786742,0.7710816100691052,0.6325536564914221,0.3,C,rawheatmask,0
29,0.20683859467506407,0.7681228012441053,0.6297826753883005,0.5,C,rawheatmask,0
30,0.20900357902050018,0.7678219245727546,0.6289039733728887,0.4,C,rawheatmask,0
1,0.6500179386138916,0.3509721929698796,0.2291720042976353,0.6,D,raw,0
2,0.5618293690681457,0.2557874671303832,0.15562892810531845,0.6,D,raw,0
3,0.49804420948028566,0.5101879930470778,0.37389190704859954,0.3,D,raw,0
4,0.46362900495529175,0.4623510046931358,0.3122281052114718,0.9,D,raw,0
5,0.42577944993972777,0.5899300715685001,0.434876814854941,0.8,D,raw,0
6,0.4067016208171845,0.5942199848780841,0.43866283409983714,0.8,D,raw,0
7,0.3767219150066376,0.5783716278776037,0.4274962485308537,0.2,D,raw,0
8,0.378677521944046,0.6025829792312287,0.4438073167938334,0.2,D,raw,0
9,0.3417344319820404,0.601872860240195,0.44779260541473803,0.1,D,raw,0
10,0.3491930651664734,0.6432095747061369,0.4898521303463131,0.3,D,raw,0
11,0.3139314424991608,0.6794538576622837,0.5297419045066006,0.2,D,raw,0
12,0.29714354395866394,0.6894145287904145,0.5411437340989675,0.1,D,raw,0
13,0.2914140069484711,0.6219936595055825,0.4642987958640958,0.6,D,raw,0
14,0.3013425409793854,0.5522165148376447,0.4208127447780106,0.1,D,raw,0
15,0.3009596908092499,0.6655535185117573,0.5149843252710764,0.5,D,raw,0
16,0.2692860853672028,0.7153958163775836,0.5721195789193705,0.6,D,raw,0
17,0.27976478219032286,0.7141288807857845,0.5697125406932226,0.2,D,raw,0
18,0.26126175343990327,0.6353761331593355,0.48345809846422994,0.1,D,raw,0
19,0.2540547150373459,0.680612757392785,0.526764306604323,0.1,D,raw,0
20,0.2839668124914169,0.6699463410226291,0.5203808865361153,0.9,D,raw,0
21,0.26845993936061857,0.7162245231573556,0.5716513398876543,0.6,D,raw,0
22,0.24960376262664796,0.7076918871694186,0.5570407480121827,0.1,D,raw,0
23,0.2507366746664047,0.7371361374482761,0.5955395944934225,0.6,D,raw,0
24,0.25723719418048857,0.7138899566621413,0.5698210400983252,0.8,D,raw,0
25,0.24881372928619386,0.716630269566041,0.5723041488210361,0.1,D,raw,0
26,0.25552330434322357,0.7029116685027155,0.5539942538085412,0.1,D,raw,0
27,0.2464267212152481,0.7397486281361303,0.5986952459400487,0.1,D,raw,0
28,0.24608865797519683,0.747915903045846,0.6091340552532469,0.4,D,raw,0
29,0.22965189695358276,0.7368296292687113,0.5980487983029643,0.1,D,raw,0
30,0.2291918569803238,0.7415979269510419,0.6006642746323007,0.2,D,raw,0
1,0.5953521680831909,0.4732182162883704,0.3157100391493646,0.4,D,heat,0
2,0.5117544972896576,0.6154902713606848,0.4516688572944527,0.4,D,heat,0
3,0.4714954352378845,0.620287607722457,0.45441314261370414,0.6,D,heat,0
4,0.4350221836566925,0.6209901521815023,0.4549203272295489,0.6,D,heat,0
5,0.40435861587524413,0.6285416912755375,0.4641323013419715,0.6,D,heat,0
6,0.38435614585876465,0.6440981814632998,0.479723444213359,0.9,D,heat,0
7,0.3649192953109741,0.6384929430862901,0.47410975038199255,0.9,D,heat,0
8,0.34909008502960204,0.6243385834791273,0.4604093475884026,0.9,D,heat,0
9,0.33352422118186953,0.6402546505596624,0.4756966962065951,0.8,D,heat,0
10,0.32855427742004395,0.6589986870743313,0.4959865367709007,0.9,D,heat,0
11,0.3200913715362549,0.642030464596139,0.47632639450801567,0.8,D,heat,0
12,0.31367371916770936,0.6589389188778574,0.4953469392913603,0.7,D,heat,0
13,0.3113000285625458,0.6086641647573763,0.44148131761430676,0.7,D,heat,0
14,0.3053744339942932,0.674666978557815,0.5136434293679959,0.4,D,heat,0
15,0.30877418637275694,0.6195903330441134,0.4565075827480641,0.9,D,heat,0
16,0.29978140532970426,0.6557882958881993,0.49286462654290825,0.8,D,heat,0
17,0.3072505021095276,0.6369555710694121,0.47165197721411173,0.9,D,heat,0
18,0.29711502194404604,0.6767570065819534,0.5169801894410326,0.5,D,heat,0
19,0.29094441056251524,0.6865291193899377,0.5277982584620388,0.2,D,heat,0
20,0.3025802946090698,0.6747678769820489,0.5138215007038686,0.8,D,heat,0
21,0.29606988608837126,0.6733778589799172,0.5129956875832697,0.5,D,heat,0
22,0.2877514588832855,0.6102763451979759,0.44278264476384505,0.8,D,heat,0
23,0.29245289087295534,0.6813438258060515,0.521368979316984,0.4,D,heat,0
24,0.29144527673721315,0.6807640372815759,0.5212002457528768,0.6,D,heat,0
25,0.29013427257537844,0.5230408663607151,0.3645242564075514,0.1,D,heat,0
1,0.5869791102409363,0.6366399764918004,0.4714390649634859,0.5,D,rawheat,0
2,0.5016421592235565,0.6484655724050603,0.48477781315557217,0.6,D,rawheat,0
3,0.4512996745109558,0.7004526973332317,0.5444235680777832,0.6,D,rawheat,0
4,0.40774998188018796,0.6997864295742617,0.5432796654678008,0.7,D,rawheat,0
5,0.36666044473648074,0.7004459488867473,0.5424682310712788,0.3,D,rawheat,0
6,0.3332863879203796,0.6923560817664273,0.5342035285513457,0.9,D,rawheat,0
7,0.3156280791759491,0.7465568040868031,0.6018807778847437,0.7,D,rawheat,0
8,0.2942835170030594,0.7080539430160816,0.5546282488571331,0.1,D,rawheat,0
9,0.28072300255298616,0.5574226018767806,0.39287043720863934,0.1,D,rawheat,0
10,0.2614161986112595,0.6899619252136062,0.5312267695757814,0.9,D,rawheat,0
11,0.26147560238838197,0.7285483235178277,0.5796778613057667,0.5,D,rawheat,0
12,0.2532081425189972,0.741119416658449,0.5941511479097769,0.7,D,rawheat,0
13,0.2496689236164093,0.6223386022268735,0.4550566417728215,0.1,D,rawheat,0
1,0.6132230043411255,0.6092844610278929,0.4427283752890874,0.9,D,rawheatmask,0
2,0.5181256282329559,0.6145963396542709,0.44829728507301214,0.6,D,rawheatmask,0
3,0.4647033739089966,0.5339695649199692,0.37639424964025436,0.3,D,rawheatmask,0
4,0.4253472709655762,0.6816433495034836,0.5201469081557717,0.6,D,rawheatmask,0
5,0.38765490174293515,0.6497579869266348,0.48592640785051844,0.3,D,rawheatmask,0
6,0.35595826745033265,0.6828906643274065,0.523532652732839,0.9,D,rawheatmask,0
7,0.32689186573028567,0.633377160760618,0.46891397575544297,0.9,D,rawheatmask,0
8,0.30891932487487794,0.666518678372049,0.50531400641002,0.3,D,rawheatmask,0
9,0.30122684240341185,0.7316994745215328,0.5823437831973117,0.7,D,rawheatmask,0
10,0.28680204033851625,0.6515350064143631,0.48771571842311773,0.9,D,rawheatmask,0
11,0.26508825600147246,0.7444397924314785,0.5983960698662992,0.2,D,rawheatmask,0
12,0.25973608791828157,0.7433342273312293,0.5985213267868099,0.5,D,rawheatmask,0
13,0.25080170392990114,0.6754384300256396,0.5142521951916224,0.1,D,rawheatmask,0
14,0.24749813675880433,0.7577505033992901,0.6147958436343027,0.8,D,rawheatmask,0
15,0.2495235651731491,0.7416516287722069,0.5943794276174941,0.6,D,rawheatmask,0
16,0.23907923102378845,0.763104717891395,0.6225183356338504,0.7,D,rawheatmask,0
17,0.2378516137599945,0.7428007779150765,0.5982511585252351,0.2,D,rawheatmask,0
18,0.23080573916435243,0.7599081409300757,0.6182456079010274,0.8,D,rawheatmask,0
19,0.22625085651874544,0.767164147744716,0.6285429553763039,0.9,D,rawheatmask,0
20,0.2183455264568329,0.7197671113642303,0.5655351072899741,0.1,D,rawheatmask,0
21,0.23402942597866058,0.7058933732070769,0.5521796722553127,0.8,D,rawheatmask,0
22,0.21822050213813782,0.7469205526940665,0.6008558148194865,0.5,D,rawheatmask,0
23,0.216250079870224,0.7783523878146167,0.6432534756093463,0.2,D,rawheatmask,0
24,0.21205558955669404,0.774600520629583,0.6378669358644654,0.4,D,rawheatmask,0
25,0.19961585640907287,0.7764483534872878,0.6396802989979281,0.7,D,rawheatmask,0
26,0.2048165410757065,0.7750857397598235,0.6384038041668469,0.6,D,rawheatmask,0
27,0.20723790764808656,0.7844440131832313,0.6513979307096629,0.3,D,rawheatmask,0
28,0.21078030347824098,0.778278586323053,0.6426727929430751,0.3,D,rawheatmask,0
29,0.19593471258878709,0.7833378268846318,0.6506386699268749,0.7,D,rawheatmask,0
30,0.19906788766384126,0.7899008357100006,0.6590425286698188,0.4,D,rawheatmask,0
1,0.6710915637016296,0.24054555828283317,0.13841715963375825,0.5,E,raw,0
2,0.5961540746688843,0.29137792230701176,0.17416985511341715,0.5,E,raw,0
3,0.5439699196815491,0.49911423011437717,0.3471433610656826,0.5,E,raw,0
4,0.48608514070510866,0.5183697458777276,0.35754076813048064,0.6,E,raw,0
5,0.433452764749527,0.5811253574213482,0.42124524471740293,0.9,E,raw,0
6,0.3900835657119751,0.604587273179505,0.44346012775437055,0.1,E,raw,0
7,0.36032569527626035,0.4988001384902671,0.3436841931089717,0.1,E,raw,0
8,0.32156683921813967,0.6531307798925791,0.501732160391543,0.5,E,raw,0
9,0.29795617997646334,0.68040616997821,0.5328660072247732,0.2,E,raw,0
10,0.30602177858352664,0.5970751218456875,0.44262876640448523,0.1,E,raw,0
11,0.29984928071498873,0.5035943331518323,0.3815576848368707,0.1,E,raw,0
12,0.2692925816774368,0.5807927847689299,0.45317379325097507,0.1,E,raw,0
13,0.2716869807243347,0.6204180053346876,0.46150167551983395,0.9,E,raw,0
14,0.2883364510536194,0.6649244744470795,0.5098223029694283,0.7,E,raw,0
15,0.2769352102279663,0.656207749213454,0.49900353144825543,0.3,E,raw,0
1,0.6165972757339477,0.3648780823673378,0.2280250549637271,0.4,E,heat,0
2,0.525164110660553,0.5650976385940815,0.39869444543389276,0.4,E,heat,0
3,0.4709974527359009,0.631568926809365,0.46494964339037886,0.8,E,heat,0
4,0.42432771921157836,0.6443290160011361,0.48055572824963094,0.5,E,heat,0
5,0.3891901516914368,0.6587508821396177,0.49558912903299024,0.8,E,heat,0
6,0.3580330419540405,0.6375790248673511,0.47239882105883624,0.9,E,heat,0
7,0.3353052771091461,0.6617589483513778,0.4997398199457182,0.9,E,heat,0
8,0.3225817906856537,0.6499670513727591,0.48671489009235686,0.7,E,heat,0
9,0.3082193458080292,0.6607374569915101,0.49953450065785066,0.2,E,heat,0
10,0.2995473831892014,0.6548685858540608,0.49223725740673907,0.8,E,heat,0
11,0.28682179391384127,0.5612028055393894,0.39395744487506157,0.7,E,heat,0
12,0.27928281903266905,0.6426451035195377,0.47809638693137757,0.2,E,heat,0
13,0.278034046292305,0.662578233381642,0.501620696456962,0.2,E,heat,0
14,0.2745581394433975,0.6697986415775614,0.5086954272997104,0.6,E,heat,0
15,0.2665495055913925,0.6803666877070788,0.520720090700289,0.7,E,heat,0
16,0.2642006856203079,0.66790503656151,0.5071147912085964,0.3,E,heat,0
17,0.2682532030344009,0.6764320034258688,0.516066556111775,0.8,E,heat,0
18,0.2607616871595383,0.6771604215128556,0.5171430371989172,0.3,E,heat,0
19,0.2595446121692657,0.685209928118353,0.5266778243038928,0.1,E,heat,0
20,0.26355590581893923,0.6820410775625985,0.52338991516485,0.8,E,heat,0
21,0.25863863348960875,0.6936575433980241,0.5368970946166111,0.2,E,heat,0
22,0.2566739922761917,0.6780947733036673,0.5182522264593176,0.2,E,heat,0
23,0.261416375041008,0.684382573907689,0.5259834505026665,0.2,E,heat,0
24,0.25645745158195493,0.6833710006458233,0.5246908260208927,0.6,E,heat,0
25,0.25685219883918764,0.6837934524875238,0.5242359724390631,0.1,E,heat,0
26,0.2585377657413483,0.6805127786688597,0.5210124714979919,0.3,E,heat,0
27,0.2543475329875946,0.5715375873802941,0.4037225770701026,0.1,E,heat,0
1,0.6131627917289734,0.5974216993353159,0.4315918661118133,0.4,E,rawheat,0
2,0.5233235442638398,0.6497135486492068,0.48664286310271815,0.6,E,rawheat,0
3,0.46901939511299134,0.6690516067620138,0.5082276913385227,0.7,E,rawheat,0
4,0.4215187180042267,0.7118256577238956,0.5579481341811272,0.7,E,rawheat,0
5,0.3751743197441101,0.6901358293083005,0.5311593119445142,0.2,E,rawheat,0
6,0.33572752475738527,0.7166007076244493,0.5643197882261005,0.7,E,rawheat,0
7,0.3088389301300049,0.5963293039844,0.43029717616198104,0.9,E,rawheat,0
8,0.28491626143455506,0.711735504880123,0.5579868415403937,0.8,E,rawheat,0
9,0.26758693158626556,0.7294584319172341,0.5808020327139715,0.3,E,rawheat,0
10,0.2549174857139587,0.4900392354054308,0.3554163897016319,0.1,E,rawheat,0
11,0.2483264309167862,0.7419205614598039,0.5968790760663358,0.2,E,rawheat,0
12,0.23612245559692382,0.7218575045363118,0.5729898466448098,0.1,E,rawheat,0
13,0.22513622641563416,0.7432419196049974,0.5971829688402283,0.8,E,rawheat,0
14,0.22669155180454253,0.6242341857313818,0.46552303403166123,0.1,E,rawheat,0
15,0.21322366774082183,0.7728138514779869,0.6354545346633711,0.7,E,rawheat,0
16,0.21362240970134735,0.7573780542406929,0.6153272829680183,0.6,E,rawheat,0
17,0.20592533588409423,0.771453693039512,0.6338347604796752,0.6,E,rawheat,0
18,0.20362011551856996,0.7707292166802793,0.6322301006575081,0.1,E,rawheat,0
19,0.2013000476360321,0.7681500706110442,0.6298712008166621,0.6,E,rawheat,0
20,0.2003248655796051,0.7547471668216262,0.6123492942940074,0.7,E,rawheat,0
21,0.20115136206150055,0.7417047580117129,0.5953755025068163,0.9,E,rawheat,0
1,0.6332653045654297,0.6120427330031043,0.446154016030392,0.8,E,rawheatmask,0
2,0.5379173862934112,0.6292723452706103,0.46412063855738345,0.8,E,rawheatmask,0
3,0.4910889184474945,0.5936403534670492,0.4274402649038313,0.4,E,rawheatmask,0
4,0.44877521991729735,0.6208483201349432,0.45530018594296356,0.6,E,rawheatmask,0
5,0.41337398290634153,0.6513030638542694,0.48825610125595076,0.5,E,rawheatmask,0
6,0.3755711495876312,0.6401059748096487,0.47828924816169616,0.2,E,rawheatmask,0
7,0.34049681544303895,0.6626270617061587,0.500615734500181,0.8,E,rawheatmask,0
8,0.3180353474617004,0.4789604404675356,0.33014366991662847,0.1,E,rawheatmask,0
9,0.2942894494533539,0.707823972146617,0.552274898205133,0.1,E,rawheatmask,0
10,0.281282856464386,0.6612814374334492,0.49874510059515254,0.7,E,rawheatmask,0
11,0.2630360794067383,0.7254979855605878,0.5743472541729302,0.5,E,rawheatmask,0
12,0.2559027349948883,0.7344932446392266,0.5856898526757636,0.5,E,rawheatmask,0
13,0.24990738928318024,0.7329123409082489,0.5843528499829149,0.4,E,rawheatmask,0
14,0.23740002930164336,0.7189832152348862,0.5656292341197546,0.8,E,rawheatmask,0
15,0.23505790054798126,0.6476861471968566,0.4849841014293503,0.1,E,rawheatmask,0
16,0.23108429193496705,0.7242740685090626,0.5715028529924322,0.1,E,rawheatmask,0
17,0.22870191276073457,0.7345249808157083,0.5865332094350588,0.8,E,rawheatmask,0
18,0.22171372175216675,0.651677158000295,0.4891533466233415,0.1,E,rawheatmask,0
19,0.2198467880487442,0.7483011160856505,0.6029830880910211,0.6,E,rawheatmask,0
20,0.21580643475055694,0.7381410982672786,0.591320484114395,0.6,E,rawheatmask,0
21,0.21272358775138855,0.7202736756344461,0.5686242073848087,0.8,E,rawheatmask,0
22,0.20570616960525512,0.7625932023556241,0.6216872323221413,0.4,E,rawheatmask,0
23,0.20357300877571105,0.7308017864536466,0.5816146957628213,0.5,E,rawheatmask,0
24,0.2086036080121994,0.7551373776386747,0.6138553953975358,0.4,E,rawheatmask,0
25,0.19771867632865905,0.7544079821822932,0.6102916861948731,0.2,E,rawheatmask,0
26,0.19294724941253663,0.7702107227746761,0.632028297900102,0.7,E,rawheatmask,0
27,0.19827487587928772,0.7501595743797987,0.6053541755742918,0.7,E,rawheatmask,0
28,0.20414877772331239,0.6732937031048738,0.5119958932599802,0.1,E,rawheatmask,0
29,0.20096826255321504,0.7656551195200406,0.6253173866150749,0.2,E,rawheatmask,0
30,0.19616887629032134,0.7726937071192114,0.6354170608213611,0.1,E,rawheatmask,0
1,0.6584713101387024,0.27108419789270016,0.16667373482151834,0.5,F,raw,0
2,0.5834347629547119,0.35454145868711123,0.231260948808371,0.6,F,raw,0
3,0.537930679321289,0.4777087577744177,0.3294497687732719,0.6,F,raw,0
4,0.48727063298225404,0.48757007841811584,0.33624761825689403,0.7,F,raw,0
5,0.44177968382835386,0.4576592836004883,0.3117237607522117,0.9,F,raw,0
6,0.40906428575515746,0.5971834632936838,0.43947010991346863,0.5,F,raw,0
7,0.36851964831352235,0.6011199310758513,0.44634579814450887,0.9,F,raw,0
8,0.34804574489593504,0.6428367644160743,0.4898597815613278,0.1,F,raw,0
9,0.32760055363178253,0.5834244216107277,0.4250659249408184,0.1,F,raw,0
10,0.31503402173519135,0.6390000571556019,0.48780551864778227,0.8,F,raw,0
11,0.303795263171196,0.6072321704435417,0.45582307791962884,0.5,F,raw,0
12,0.28997103035449984,0.5432657770445588,0.4020277291471388,0.1,F,raw,0
13,0.28780776739120484,0.6753143008618775,0.5253979027351925,0.2,F,raw,0
14,0.32000643372535703,0.5167358554580483,0.3782789936047808,0.1,F,raw,0
15,0.3003086221218109,0.6947418173484493,0.5470383316150926,0.1,F,raw,0
16,0.28753670275211335,0.6817153360429441,0.5320659176565161,0.2,F,raw,0
17,0.2864119225740433,0.6119316535914961,0.4623493847040735,0.8,F,raw,0
18,0.2920574229955673,0.6969550410480048,0.5522988097673471,0.2,F,raw,0
19,0.2827888369560242,0.2513943073100149,0.1647559116093502,0.1,F,raw,0
20,0.28257017850875854,0.34836281602890196,0.24872830156010894,0.1,F,raw,0
21,0.3002986216545105,0.6114723989378814,0.4693354697110572,0.1,F,raw,0
22,0.2826933467388153,0.6820778405905317,0.532983929705617,0.2,F,raw,0
23,0.29674192011356354,0.6583528596760556,0.5063400548254285,0.7,F,raw,0
24,0.27611229598522186,0.67498922648282,0.527829302181216,0.1,F,raw,0
1,0.5959809684753418,0.5630132597354744,0.3979900280441799,0.4,F,heat,0
2,0.5075594401359558,0.6233547088093179,0.45797136757812906,0.5,F,heat,0
3,0.46523016452789306,0.6278607996074083,0.463098990899141,0.6,F,heat,0
4,0.4289952111244202,0.6374587315530117,0.4720216844854486,0.6,F,heat,0
5,0.39957215666770934,0.6408569767900372,0.4762027548722333,0.7,F,heat,0
6,0.37696565508842467,0.6354009557454754,0.4708936114337828,0.6,F,heat,0
7,0.3548627042770386,0.6230996468868729,0.4590956025498786,0.9,F,heat,0
8,0.34799867510795596,0.6335183940651519,0.4691618157766338,0.6,F,heat,0
9,0.33150375008583066,0.6447733864568614,0.48098817011929484,0.5,F,heat,0
10,0.3264700448513031,0.6408929772999019,0.4748788812881937,0.6,F,heat,0
11,0.31962499499320984,0.6515609596049847,0.4870535932510744,0.6,F,heat,0
12,0.31070728778839113,0.654090961479458,0.490265993675314,0.3,F,heat,0
13,0.31361156940460205,0.659105949018799,0.4963266315178915,0.5,F,heat,0
14,0.3206149733066559,0.6607332026690886,0.4972589240998094,0.8,F,heat,0
15,0.3063909590244293,0.6650847475067269,0.502124892522837,0.6,F,heat,0
16,0.3024745661020279,0.6571327434395273,0.49305982053734065,0.6,F,heat,0
17,0.30271381735801695,0.6671564470711051,0.5046817701020307,0.8,F,heat,0
18,0.30460127592086794,0.6644975839440026,0.5021199847817835,0.3,F,heat,0
19,0.29660526871681214,0.6633330498204318,0.5001607243287948,0.4,F,heat,0
20,0.29929362893104555,0.6500375536000252,0.4859274200161236,0.2,F,heat,0
21,0.29830087900161745,0.6797921618978817,0.5189917911073489,0.4,F,heat,0
22,0.28891783714294433,0.6592465717334173,0.49564989889606587,0.8,F,heat,0
23,0.2990289103984833,0.6736164440159601,0.5118986819346122,0.3,F,heat,0
24,0.29489089012145997,0.6612876971004787,0.497274721519403,0.7,F,heat,0
25,0.28807989954948426,0.6626931784501378,0.4988573449155983,0.4,F,heat,0
26,0.2998136126995087,0.676793659889147,0.5155213338422311,0.3,F,heat,0
27,0.28856406271457674,0.6791748768086863,0.5181682766643632,0.5,F,heat,0
1,0.5858148837089538,0.5848248060502066,0.4206608081782432,0.5,F,rawheat,0
2,0.5051892411708832,0.6575785544216417,0.4951689926751921,0.6,F,rawheat,0
3,0.45227684736251833,0.6908454569603681,0.5332365143361665,0.4,F,rawheat,0
4,0.4131320977210999,0.6991699506014676,0.543097161735814,0.5,F,rawheat,0
5,0.3782549345493317,0.6855878768563335,0.5285743108749691,0.5,F,rawheat,0
6,0.3576501953601837,0.69296177305976,0.5370532114202933,0.5,F,rawheat,0
7,0.33346216201782225,0.6754298260062822,0.5148538087319701,0.9,F,rawheat,0
8,0.3161197865009308,0.6998595230741276,0.5446109634395111,0.5,F,rawheat,0
9,0.2994353753328323,0.7054986643246768,0.5497368007769637,0.6,F,rawheat,0
10,0.2852312815189362,0.6797799126294111,0.5213173142727753,0.9,F,rawheat,0
11,0.28239148795604707,0.7330588468317767,0.585461457733052,0.3,F,rawheat,0
12,0.2613275694847107,0.4462301079955819,0.30402917533669255,0.1,F,rawheat,0
13,0.25954402446746827,0.7332468801208614,0.5850813871214683,0.4,F,rawheat,0
14,0.2544812715053558,0.7260729530488684,0.5753050658643961,0.8,F,rawheat,0
15,0.24998248636722564,0.7234109728490907,0.5736164039784213,0.1,F,rawheat,0
16,0.23899811387062073,0.7391199635008401,0.5921132566698241,0.7,F,rawheat,0
17,0.23308922231197357,0.7256382906520049,0.5736985734214942,0.1,F,rawheat,0
18,0.23620854914188386,0.7437314345757968,0.5967723992286526,0.8,F,rawheat,0
19,0.2365353959798813,0.7497355013354386,0.6065991523714179,0.8,F,rawheat,0
20,0.22394394159317016,0.7407697357707406,0.5940413889324786,0.6,F,rawheat,0
21,0.2257511568069458,0.7506336432587992,0.6098625120745828,0.1,F,rawheat,0
22,0.21661525309085847,0.760958330508694,0.6201548936496447,0.8,F,rawheat,0
23,0.2160100394487381,0.7585608614750369,0.6160943806110993,0.1,F,rawheat,0
24,0.20508853435516358,0.7629056869797209,0.6227406073257968,0.9,F,rawheat,0
25,0.2090863925218582,0.5578998295735695,0.3955803157605209,0.1,F,rawheat,0
26,0.20433996021747589,0.7805353272238542,0.64605527150681,0.1,F,rawheat,0
27,0.20146909177303315,0.7706058095315288,0.6316183304364972,0.1,F,rawheat,0
28,0.19883207380771636,0.7726653512470495,0.6349158457339944,0.5,F,rawheat,0
29,0.2021833062171936,0.750559385065183,0.6074340222664029,0.1,F,rawheat,0
30,0.19925105035305024,0.7704479730416667,0.6335097142005252,0.2,F,rawheat,0
1,0.6083117747306823,0.6098216954112249,0.44299658140271403,0.9,F,rawheatmask,0
2,0.5175721836090088,0.6106722628147622,0.4467282078763648,0.5,F,rawheatmask,0
3,0.4711440312862396,0.6561337030377916,0.493706867022138,0.6,F,rawheatmask,0
4,0.43088839173316956,0.6569195130146345,0.49422328239192903,0.7,F,rawheatmask,0
5,0.3960762143135071,0.657487946835692,0.4965340871475901,0.6,F,rawheatmask,0
6,0.3662386572360992,0.6715121099564394,0.5123937382819876,0.3,F,rawheatmask,0
7,0.3421995401382446,0.6471440092601389,0.4869845111529223,0.2,F,rawheatmask,0
8,0.32181449353694913,0.4078495130942095,0.265041978986428,0.1,F,rawheatmask,0
9,0.30820812106132506,0.6820081072057553,0.5242613390156967,0.7,F,rawheatmask,0
10,0.30138065218925475,0.6253433624016989,0.4631966399799059,0.1,F,rawheatmask,0
11,0.28875151395797727,0.6948355070407772,0.5396502860515794,0.4,F,rawheatmask,0
12,0.28525840401649477,0.6876258090415882,0.5284063010280293,0.4,F,rawheatmask,0
13,0.2830896365642548,0.6974561374252503,0.5431767941199933,0.2,F,rawheatmask,0
14,0.26622075378894805,0.6755003625596651,0.515098955492496,0.7,F,rawheatmask,0
15,0.25641451179981234,0.7027036409403665,0.5485547590455403,0.2,F,rawheatmask,0
16,0.2623468214273453,0.1274930023564846,0.07260686555015751,0.1,F,rawheatmask,0
17,0.2646502125263214,0.7068165895747485,0.5518347902864906,0.8,F,rawheatmask,0
18,0.2552280861139298,0.5992287740043727,0.43533684923403093,0.1,F,rawheatmask,0
19,0.2438664847612381,0.7387962344912793,0.5900962808784925,0.4,F,rawheatmask,0
20,0.25958638966083525,0.7190347620401261,0.5686220949508923,0.8,F,rawheatmask,0
21,0.24590685248374938,0.725574877920588,0.5743830568466269,0.3,F,rawheatmask,0
22,0.23844873726367952,0.72709739110669,0.5758306503153312,0.6,F,rawheatmask,0
23,0.23240959644317627,0.7574827696004948,0.6150632801887319,0.4,F,rawheatmask,0
24,0.22845990419387818,0.7279856860957201,0.5784907321057716,0.1,F,rawheatmask,0
25,0.21698745012283324,0.7526377871021522,0.6089250711947135,0.7,F,rawheatmask,0
26,0.2206958758831024,0.749625529294469,0.6049252072302628,0.4,F,rawheatmask,0
27,0.24039271712303162,0.7400850293373087,0.5915669193501379,0.1,F,rawheatmask,0
28,0.22554637134075164,0.7593938856971483,0.6172002144518531,0.5,F,rawheatmask,0
29,0.22965852677822113,0.7117222522179566,0.5584367606456352,0.2,F,rawheatmask,0
30,0.2195527273416519,0.7467542626234953,0.6027032702637609,0.1,F,rawheatmask,0
